-- MySQL dump 10.13  Distrib 5.7.17, for macos10.12 (x86_64)
--
-- Host: localhost    Database: mosskey
-- ------------------------------------------------------
-- Server version	5.7.17

/*!40101 SET @OLD_CHARACTER_SET_CLIENT=@@CHARACTER_SET_CLIENT */;
/*!40101 SET @OLD_CHARACTER_SET_RESULTS=@@CHARACTER_SET_RESULTS */;
/*!40101 SET @OLD_COLLATION_CONNECTION=@@COLLATION_CONNECTION */;
/*!40101 SET NAMES utf8 */;
/*!40103 SET @OLD_TIME_ZONE=@@TIME_ZONE */;
/*!40103 SET TIME_ZONE='+00:00' */;
/*!40014 SET @OLD_UNIQUE_CHECKS=@@UNIQUE_CHECKS, UNIQUE_CHECKS=0 */;
/*!40014 SET @OLD_FOREIGN_KEY_CHECKS=@@FOREIGN_KEY_CHECKS, FOREIGN_KEY_CHECKS=0 */;
/*!40101 SET @OLD_SQL_MODE=@@SQL_MODE, SQL_MODE='NO_AUTO_VALUE_ON_ZERO' */;
/*!40111 SET @OLD_SQL_NOTES=@@SQL_NOTES, SQL_NOTES=0 */;

--
-- Current Database: `mosskey`
--

CREATE DATABASE /*!32312 IF NOT EXISTS*/ `mosskey` /*!40100 DEFAULT CHARACTER SET latin1 */;

USE `mosskey`;

--
-- Table structure for table `Authority`
--

DROP TABLE IF EXISTS `Authority`;
/*!40101 SET @saved_cs_client     = @@character_set_client */;
/*!40101 SET character_set_client = utf8 */;
CREATE TABLE `Authority` (
  `id` int(11) NOT NULL AUTO_INCREMENT,
  `Name` varchar(45) NOT NULL,
  PRIMARY KEY (`id`),
  UNIQUE KEY `Name_UNIQUE` (`Name`)
) ENGINE=InnoDB AUTO_INCREMENT=3 DEFAULT CHARSET=latin1;
/*!40101 SET character_set_client = @saved_cs_client */;

--
-- Dumping data for table `Authority`
--

LOCK TABLES `Authority` WRITE;
/*!40000 ALTER TABLE `Authority` DISABLE KEYS */;
INSERT INTO `Authority` VALUES (2,'Hedwig'),(1,'Sean Connery');
/*!40000 ALTER TABLE `Authority` ENABLE KEYS */;
UNLOCK TABLES;

--
-- Table structure for table `KeyCharacter`
--

DROP TABLE IF EXISTS `KeyCharacter`;
/*!40101 SET @saved_cs_client     = @@character_set_client */;
/*!40101 SET character_set_client = utf8 */;
CREATE TABLE `KeyCharacter` (
  `id` int(11) NOT NULL AUTO_INCREMENT,
  `Name` varchar(150) NOT NULL,
  `lft` int(11) NOT NULL,
  `rht` int(11) NOT NULL,
  `description` varchar(1024) DEFAULT NULL,
  `AnchorText` varchar(45) DEFAULT NULL,
  `URLid` int(11) DEFAULT NULL,
  `isEye` tinyint(1) DEFAULT NULL,
  `isHandLens` tinyint(1) DEFAULT NULL,
  `isScope` tinyint(1) DEFAULT NULL,
  `TimeStamp` datetime DEFAULT CURRENT_TIMESTAMP ON UPDATE CURRENT_TIMESTAMP,
  PRIMARY KEY (`id`),
  KEY `url_idx` (`URLid`),
  CONSTRAINT `url` FOREIGN KEY (`URLid`) REFERENCES `URL` (`id`) ON DELETE NO ACTION ON UPDATE NO ACTION
) ENGINE=InnoDB AUTO_INCREMENT=1073 DEFAULT CHARSET=latin1;
/*!40101 SET character_set_client = @saved_cs_client */;

--
-- Dumping data for table `KeyCharacter`
--

LOCK TABLES `KeyCharacter` WRITE;
/*!40000 ALTER TABLE `KeyCharacter` DISABLE KEYS */;
INSERT INTO `KeyCharacter` VALUES (1,'Root',1,2144,NULL,NULL,NULL,NULL,NULL,0,'2018-02-13 11:58:49'),(2,'Appearance',2,23,NULL,NULL,NULL,NULL,NULL,0,'2018-02-13 11:58:49'),(3,'Appearance Color',3,22,NULL,NULL,NULL,NULL,NULL,0,'2018-02-13 11:58:49'),(4,'Appearance Color Black',4,5,NULL,NULL,NULL,1,1,0,'2018-02-13 11:58:49'),(5,'Appearance Color Bluish-White',6,7,NULL,NULL,NULL,1,1,0,'2018-02-13 11:58:49'),(6,'Appearance Color Dull',8,9,NULL,NULL,NULL,1,1,0,'2018-02-13 11:58:49'),(7,'Appearance Color Gray',10,11,NULL,NULL,NULL,1,1,0,'2018-02-13 11:58:49'),(8,'Appearance Color Green',12,13,NULL,NULL,NULL,1,1,0,'2018-02-13 11:58:49'),(9,'Appearance Color Pellucid',14,15,NULL,NULL,NULL,1,1,0,'2018-02-13 11:58:49'),(10,'Appearance Color Protonemata Luminous',16,17,NULL,NULL,NULL,0,1,1,'2018-02-13 11:58:49'),(11,'Appearance Color Shiny',18,19,NULL,NULL,NULL,1,1,0,'2018-02-13 11:58:49'),(12,'Appearance Color White',20,21,NULL,NULL,NULL,1,1,0,'2018-02-13 11:58:49'),(13,'Asexual Structures',24,75,NULL,NULL,NULL,NULL,NULL,0,'2018-02-13 11:58:49'),(14,'Asexual Structures Axillary Brood Bodies',25,30,NULL,NULL,NULL,NULL,NULL,0,'2018-02-13 11:58:49'),(15,'Asexual Structures Axillary Brood Bodies Hairs Red',26,27,NULL,NULL,NULL,0,1,1,'2018-02-13 11:58:49'),(16,'Asexual Structures Axillary Brood Bodies Present',28,29,NULL,NULL,NULL,0,1,1,'2018-02-13 11:58:49'),(17,'Asexual Structures Brood Bodies',31,52,NULL,NULL,NULL,NULL,NULL,0,'2018-02-13 11:58:49'),(18,'Asexual Structures Brood Bodies Branches Common',32,33,NULL,NULL,NULL,0,1,0,'2018-02-13 11:58:49'),(19,'Asexual Structures Brood Bodies Branches Filiform',34,35,NULL,NULL,NULL,0,1,1,'2018-02-13 11:58:49'),(20,'Asexual Structures Brood Bodies Branches Long',36,37,NULL,NULL,NULL,0,1,1,'2018-02-13 11:58:49'),(21,'Asexual Structures Brood Bodies Branches Present',38,39,NULL,NULL,NULL,0,1,1,'2018-02-13 11:58:49'),(22,'Asexual Structures Brood Bodies Branches Short',40,41,NULL,NULL,NULL,0,1,1,'2018-02-13 11:58:49'),(23,'Asexual Structures Brood Bodies Dense',42,43,NULL,NULL,NULL,0,1,1,'2018-02-13 11:58:49'),(24,'Asexual Structures Brood Bodies Present',44,45,NULL,NULL,NULL,0,0,0,'2018-02-13 11:58:49'),(25,'Asexual Structures Brood Bodies Septate',46,47,NULL,NULL,NULL,0,0,1,'2018-02-13 11:58:49'),(26,'Asexual Structures Brood Bodies Short',48,49,NULL,NULL,NULL,0,1,1,'2018-02-13 11:58:49'),(27,'Asexual Structures Brood Bodies Spindle-Shaped',50,51,NULL,NULL,NULL,0,1,1,'2018-02-13 11:58:49'),(28,'Asexual Structures Gemmae',53,70,NULL,NULL,NULL,NULL,NULL,0,'2018-02-13 11:58:49'),(29,'Asexual Structures Gemmae Leafy',54,55,NULL,NULL,NULL,0,1,1,'2018-02-13 11:58:49'),(30,'Asexual Structures Gemmae On Back Of Costa',56,57,NULL,NULL,NULL,1,1,0,'2018-02-13 11:58:49'),(31,'Asexual Structures Gemmae On Stem Extensions',58,59,NULL,NULL,NULL,1,1,0,'2018-02-13 11:58:49'),(32,'Asexual Structures Gemmae Papillose Gemmae On Leaf Tips',60,61,NULL,NULL,NULL,0,1,1,'2018-02-13 11:58:49'),(33,'Asexual Structures Gemmae Present',62,63,NULL,NULL,NULL,1,1,1,'2018-02-13 11:58:49'),(34,'Asexual Structures Gemmae Rarely Present',64,65,NULL,NULL,NULL,0,0,0,'2018-02-13 11:58:49'),(35,'Asexual Structures Gemmae Round',66,67,NULL,NULL,NULL,0,1,1,'2018-02-13 11:58:49'),(36,'Asexual Structures Gemmae Terminal Gemmae Cups',68,69,NULL,NULL,NULL,1,1,0,'2018-02-13 11:58:49'),(37,'Asexual Structures Leaf Brood Bodies',71,74,NULL,NULL,NULL,NULL,NULL,0,'2018-02-13 11:58:49'),(38,'Asexual Structures Leaf Brood Bodies Terminal',72,73,NULL,NULL,NULL,0,1,0,'2018-02-13 11:58:49'),(39,'Calyptra',76,117,NULL,NULL,NULL,NULL,NULL,0,'2018-02-13 11:58:49'),(40,'Calyptra Presence',77,84,NULL,NULL,NULL,NULL,NULL,0,'2018-02-13 11:58:49'),(41,'Calyptra Presence Deciduous',78,79,NULL,NULL,NULL,1,1,0,'2018-02-13 11:58:49'),(42,'Calyptra Presence Persistent',80,81,NULL,NULL,NULL,1,1,0,'2018-02-13 11:58:49'),(43,'Calyptra Presence Rudimentary',82,83,NULL,NULL,NULL,1,1,0,'2018-02-13 11:58:49'),(44,'Calyptra Shape',85,106,NULL,NULL,NULL,NULL,NULL,0,'2018-02-13 11:58:49'),(45,'Calyptra Shape Calyptra Shape Short',86,87,NULL,NULL,NULL,1,0,0,'2018-02-13 11:58:49'),(46,'Calyptra Shape Campanulate',88,89,NULL,NULL,NULL,1,0,0,'2018-02-13 11:58:49'),(47,'Calyptra Shape Constricted Above Base',90,91,NULL,NULL,NULL,1,0,0,'2018-02-13 11:58:49'),(48,'Calyptra Shape Covers Capsule Completely',92,93,NULL,NULL,NULL,1,0,0,'2018-02-13 11:58:49'),(49,'Calyptra Shape Cucullate',94,95,NULL,NULL,NULL,0,0,0,'2018-02-13 11:58:49'),(50,'Calyptra Shape Dumbbell',96,97,NULL,NULL,NULL,1,0,0,'2018-02-13 11:58:49'),(51,'Calyptra Shape Inflated',98,99,NULL,NULL,NULL,1,0,0,'2018-02-13 11:58:49'),(52,'Calyptra Shape Lobed',100,101,NULL,NULL,NULL,1,0,0,'2018-02-13 11:58:49'),(53,'Calyptra Shape Long Cylindric',102,103,NULL,NULL,NULL,1,0,0,'2018-02-13 11:58:49'),(54,'Calyptra Shape Mitrate',104,105,NULL,NULL,NULL,1,0,0,'2018-02-13 11:58:49'),(55,'Calyptra Surface',107,116,NULL,NULL,NULL,NULL,NULL,0,'2018-02-13 11:58:49'),(56,'Calyptra Surface 4-Angled',108,109,NULL,NULL,NULL,1,1,0,'2018-02-13 11:58:49'),(57,'Calyptra Surface Base Lacerate',110,111,NULL,NULL,NULL,0,1,1,'2018-02-13 11:58:49'),(58,'Calyptra Surface Hairy',112,113,NULL,NULL,NULL,0,0,0,'2018-02-13 11:58:49'),(59,'Calyptra Surface Split',114,115,NULL,NULL,NULL,1,1,0,'2018-02-13 11:58:49'),(60,'Capsule',118,357,NULL,NULL,NULL,NULL,NULL,0,'2018-02-13 11:58:49'),(61,'Capsule Annulus',119,124,NULL,NULL,NULL,NULL,NULL,0,'2018-02-13 11:58:49'),(62,'Capsule Annulus Compound',120,121,NULL,NULL,NULL,0,0,1,'2018-02-13 11:58:49'),(63,'Capsule Annulus Simple',122,123,NULL,NULL,NULL,0,0,1,'2018-02-13 11:58:49'),(64,'Capsule Color',125,136,NULL,NULL,NULL,NULL,NULL,0,'2018-02-13 11:58:49'),(65,'Capsule Color Black',126,127,NULL,NULL,NULL,1,1,0,'2018-02-13 11:58:49'),(66,'Capsule Color Purple-Red',128,129,NULL,NULL,NULL,1,1,0,'2018-02-13 11:58:49'),(67,'Capsule Color Red',130,131,NULL,NULL,NULL,1,1,0,'2018-02-13 11:58:49'),(68,'Capsule Color Yellow',132,133,NULL,NULL,NULL,1,1,0,'2018-02-13 11:58:49'),(69,'Capsule Color Yellow-Orange',134,135,NULL,NULL,NULL,1,1,0,'2018-02-13 11:58:49'),(70,'Capsule Endostome',137,152,NULL,NULL,NULL,NULL,NULL,0,'2018-02-13 11:58:49'),(71,'Capsule Endostome Endostome Lacking',138,139,NULL,NULL,NULL,0,0,1,'2018-02-13 11:58:49'),(72,'Capsule Endostome Endostome Reduced',140,141,NULL,NULL,NULL,0,0,1,'2018-02-13 11:58:49'),(73,'Capsule Endostome Epiphragm Present',142,143,NULL,NULL,NULL,0,0,1,'2018-02-13 11:58:49'),(74,'Capsule Endostome Exothecial Cell Length Collenchymatous',144,145,NULL,NULL,NULL,0,0,1,'2018-02-13 11:58:49'),(75,'Capsule Endostome Fused Into Dome',146,147,NULL,NULL,NULL,0,1,1,'2018-02-13 11:58:49'),(76,'Capsule Endostome Longer Than Exostome',148,149,NULL,NULL,NULL,0,0,1,'2018-02-13 11:58:49'),(77,'Capsule Endostome Of 64 Papillose Filaments',150,151,NULL,NULL,NULL,0,0,1,'2018-02-13 11:58:49'),(78,'Capsule Hypophysis',153,170,NULL,NULL,NULL,NULL,NULL,0,'2018-02-13 11:58:49'),(79,'Capsule Hypophysis Colored',154,155,NULL,NULL,NULL,1,0,0,'2018-02-13 11:58:49'),(80,'Capsule Hypophysis Differentiated',156,157,NULL,NULL,NULL,1,1,0,'2018-02-13 11:58:49'),(81,'Capsule Hypophysis Narrower Than Urn',158,159,NULL,NULL,NULL,1,0,0,'2018-02-13 11:58:49'),(82,'Capsule Hypophysis Narrowly Pyriform',160,161,NULL,NULL,NULL,1,0,0,'2018-02-13 11:58:49'),(83,'Capsule Hypophysis Pyriform',162,163,NULL,NULL,NULL,1,0,0,'2018-02-13 11:58:49'),(84,'Capsule Hypophysis Same Color As Urn',164,165,NULL,NULL,NULL,1,0,0,'2018-02-13 11:58:49'),(85,'Capsule Hypophysis Turbinate',166,167,NULL,NULL,NULL,1,0,0,'2018-02-13 11:58:49'),(86,'Capsule Hypophysis Wrinkled When Dry',168,169,NULL,NULL,NULL,1,0,0,'2018-02-13 11:58:49'),(87,'Capsule Neck',171,180,NULL,NULL,NULL,NULL,NULL,0,'2018-02-13 11:58:49'),(88,'Capsule Neck About Equal To Capsule Length',172,173,NULL,NULL,NULL,1,1,0,'2018-02-13 11:58:49'),(89,'Capsule Neck More Than One-Half Capsule Length',174,175,NULL,NULL,NULL,1,1,0,'2018-02-13 11:58:49'),(90,'Capsule Neck More Than One-Quarter Capsule Length',176,177,NULL,NULL,NULL,1,1,0,'2018-02-13 11:58:49'),(91,'Capsule Neck More Than One-Tenth Capsule Length',178,179,NULL,NULL,NULL,1,1,0,'2018-02-13 11:58:49'),(92,'Capsule Opening',181,194,NULL,NULL,NULL,NULL,NULL,0,'2018-02-13 11:58:49'),(93,'Capsule Opening Cleistocarpous',182,183,NULL,NULL,NULL,0,1,0,'2018-02-13 11:58:49'),(94,'Capsule Opening Operculate',184,185,NULL,NULL,NULL,1,1,0,'2018-02-13 11:58:49'),(95,'Capsule Opening Rupturing Irregularly',186,187,NULL,NULL,NULL,1,1,0,'2018-02-13 11:58:49'),(96,'Capsule Opening Split Along 4 Sutures',188,189,NULL,NULL,NULL,1,1,0,'2018-02-13 11:58:49'),(97,'Capsule Opening Valvate',190,191,NULL,NULL,NULL,1,1,0,'2018-02-13 11:58:49'),(98,'Capsule Opening Valvate (4-Angled)',192,193,NULL,NULL,NULL,1,1,0,'2018-02-13 11:58:49'),(99,'Capsule Operculum',195,210,NULL,NULL,NULL,NULL,NULL,0,'2018-02-13 11:58:49'),(100,'Capsule Operculum Absent',196,197,NULL,NULL,NULL,0,0,0,'2018-02-13 11:58:49'),(101,'Capsule Operculum Attached To Columnella',198,199,NULL,NULL,NULL,0,1,0,'2018-02-13 11:58:49'),(102,'Capsule Operculum Conic',200,201,NULL,NULL,NULL,0,0,0,'2018-02-13 11:58:49'),(103,'Capsule Operculum Long-Beaked',202,203,NULL,NULL,NULL,1,1,0,'2018-02-13 11:58:49'),(104,'Capsule Operculum Present',204,205,NULL,NULL,NULL,0,1,0,'2018-02-13 11:58:49'),(105,'Capsule Operculum Rostrate',206,207,NULL,NULL,NULL,0,0,0,'2018-02-13 11:58:49'),(106,'Capsule Operculum Short-Beaked',208,209,NULL,NULL,NULL,1,1,0,'2018-02-13 11:58:49'),(107,'Capsule Orientation',211,226,NULL,NULL,NULL,NULL,NULL,0,'2018-02-13 11:58:49'),(108,'Capsule Orientation Exserted',212,213,NULL,NULL,NULL,1,0,0,'2018-02-13 11:58:49'),(109,'Capsule Orientation Immersed',214,215,NULL,NULL,NULL,1,1,0,'2018-02-13 11:58:49'),(110,'Capsule Orientation Inclined',216,217,NULL,NULL,NULL,1,1,0,'2018-02-13 11:58:49'),(111,'Capsule Orientation Lateral',218,219,NULL,NULL,NULL,1,0,0,'2018-02-13 11:58:49'),(112,'Capsule Orientation Nodding',220,221,NULL,NULL,NULL,0,0,0,'2018-02-13 11:58:49'),(113,'Capsule Orientation Terminal',222,223,NULL,NULL,NULL,1,0,0,'2018-02-13 11:58:49'),(114,'Capsule Orientation Various',224,225,NULL,NULL,NULL,1,1,0,'2018-02-13 11:58:49'),(115,'Capsule Peristome',227,246,NULL,NULL,NULL,NULL,NULL,0,'2018-02-13 11:58:49'),(116,'Capsule Peristome Basal Membrane Lacking',228,229,NULL,NULL,NULL,0,0,1,'2018-02-13 11:58:49'),(117,'Capsule Peristome Diplolepidous',230,231,NULL,NULL,NULL,0,0,1,'2018-02-13 11:58:49'),(118,'Capsule Peristome Double',232,233,NULL,NULL,NULL,0,0,1,'2018-02-13 11:58:49'),(119,'Capsule Peristome Haplolepideous',234,235,NULL,NULL,NULL,0,0,1,'2018-02-13 11:58:49'),(120,'Capsule Peristome Lacking',236,237,NULL,NULL,NULL,0,0,1,'2018-02-13 11:58:49'),(121,'Capsule Peristome Oblique',238,239,NULL,NULL,NULL,0,1,1,'2018-02-13 11:58:49'),(122,'Capsule Peristome Present',240,241,NULL,NULL,NULL,0,1,1,'2018-02-13 11:58:49'),(123,'Capsule Peristome Rudimentary',242,243,NULL,NULL,NULL,0,0,1,'2018-02-13 11:58:49'),(124,'Capsule Peristome Single',244,245,NULL,NULL,NULL,0,0,1,'2018-02-13 11:58:49'),(125,'Capsule Peristome Teeth',247,302,NULL,NULL,NULL,NULL,NULL,0,'2018-02-13 11:58:49'),(126,'Capsule Peristome Teeth 16 Obliquely Slanted',248,249,NULL,NULL,NULL,0,0,1,'2018-02-13 11:58:49'),(127,'Capsule Peristome Teeth 32 Erect',250,251,NULL,NULL,NULL,0,1,1,'2018-02-13 11:58:49'),(128,'Capsule Peristome Teeth 32 Twisted',252,253,NULL,NULL,NULL,0,1,1,'2018-02-13 11:58:49'),(129,'Capsule Peristome Teeth Chambered',254,255,NULL,NULL,NULL,0,0,1,'2018-02-13 11:58:49'),(130,'Capsule Peristome Teeth Divided To Half Their Length',256,257,NULL,NULL,NULL,0,0,1,'2018-02-13 11:58:49'),(131,'Capsule Peristome Teeth Divided To Mid-Point',258,259,NULL,NULL,NULL,0,0,1,'2018-02-13 11:58:49'),(132,'Capsule Peristome Teeth Entire',260,261,NULL,NULL,NULL,0,0,1,'2018-02-13 11:58:49'),(133,'Capsule Peristome Teeth Erect',262,263,NULL,NULL,NULL,0,0,1,'2018-02-13 11:58:49'),(134,'Capsule Peristome Teeth Flaring',264,265,NULL,NULL,NULL,1,1,1,'2018-02-13 11:58:49'),(135,'Capsule Peristome Teeth Flat',266,267,NULL,NULL,NULL,0,1,1,'2018-02-13 11:58:49'),(136,'Capsule Peristome Teeth Forked',268,269,NULL,NULL,NULL,0,1,1,'2018-02-13 11:58:49'),(137,'Capsule Peristome Teeth Four Prominent',270,271,NULL,NULL,NULL,1,1,1,'2018-02-13 11:58:49'),(138,'Capsule Peristome Teeth Fused At Tip',272,273,NULL,NULL,NULL,0,1,1,'2018-02-13 11:58:49'),(139,'Capsule Peristome Teeth Lanceolate',274,275,NULL,NULL,NULL,0,1,1,'2018-02-13 11:58:49'),(140,'Capsule Peristome Teeth Lanceolate (8, 16 Or 32)',276,277,NULL,NULL,NULL,0,1,1,'2018-02-13 11:58:49'),(141,'Capsule Peristome Teeth Long',278,279,NULL,NULL,NULL,0,1,1,'2018-02-13 11:58:49'),(142,'Capsule Peristome Teeth Mere Stubs',280,281,NULL,NULL,NULL,0,0,1,'2018-02-13 11:58:49'),(143,'Capsule Peristome Teeth On High Basal Membrane',282,283,NULL,NULL,NULL,1,1,0,'2018-02-13 11:58:49'),(144,'Capsule Peristome Teeth On Low Basal Membrane',284,285,NULL,NULL,NULL,0,1,0,'2018-02-13 11:58:49'),(145,'Capsule Peristome Teeth Papillose',286,287,NULL,NULL,NULL,0,0,1,'2018-02-13 11:58:49'),(146,'Capsule Peristome Teeth Pitted-Striolate Below',288,289,NULL,NULL,NULL,0,0,1,'2018-02-13 11:58:49'),(147,'Capsule Peristome Teeth Round',290,291,NULL,NULL,NULL,0,0,1,'2018-02-13 11:58:49'),(148,'Capsule Peristome Teeth Short',292,293,NULL,NULL,NULL,0,1,1,'2018-02-13 11:58:49'),(149,'Capsule Peristome Teeth Split',294,295,NULL,NULL,NULL,0,1,1,'2018-02-13 11:58:49'),(150,'Capsule Peristome Teeth Striolate',296,297,NULL,NULL,NULL,0,0,1,'2018-02-13 11:58:49'),(151,'Capsule Peristome Teeth Twisted',298,299,NULL,NULL,NULL,1,1,1,'2018-02-13 11:58:49'),(152,'Capsule Peristome Teeth Wide-Flaring',300,301,NULL,NULL,NULL,1,1,1,'2018-02-13 11:58:49'),(153,'Capsule Shape',303,336,NULL,NULL,NULL,NULL,NULL,0,'2018-02-13 11:58:49'),(154,'Capsule Shape Asymmetric',304,305,NULL,NULL,NULL,1,1,0,'2018-02-13 11:58:49'),(155,'Capsule Shape Curved',306,307,NULL,NULL,NULL,1,1,0,'2018-02-13 11:58:49'),(156,'Capsule Shape Cylindric',308,309,NULL,NULL,NULL,1,1,0,'2018-02-13 11:58:49'),(157,'Capsule Shape Four-Angled And Split',310,311,NULL,NULL,NULL,1,1,0,'2018-02-13 11:58:49'),(158,'Capsule Shape Globose',312,313,NULL,NULL,NULL,1,1,0,'2018-02-13 11:58:49'),(159,'Capsule Shape Oblong',314,315,NULL,NULL,NULL,1,1,0,'2018-02-13 11:58:49'),(160,'Capsule Shape Ovoid',316,317,NULL,NULL,NULL,1,1,0,'2018-02-13 11:58:49'),(161,'Capsule Shape Pyriform',318,319,NULL,NULL,NULL,1,1,0,'2018-02-13 11:58:49'),(162,'Capsule Shape Pyriforme',320,321,NULL,NULL,NULL,1,1,0,'2018-02-13 11:58:49'),(163,'Capsule Shape Sharply Four To Five Angled',322,323,NULL,NULL,NULL,0,1,0,'2018-02-13 11:58:49'),(164,'Capsule Shape Short',324,325,NULL,NULL,NULL,1,1,0,'2018-02-13 11:58:49'),(165,'Capsule Shape Strumose',326,327,NULL,NULL,NULL,1,1,0,'2018-02-13 11:58:49'),(166,'Capsule Shape Swollen To One Side',328,329,NULL,NULL,NULL,1,1,0,'2018-02-13 11:58:49'),(167,'Capsule Shape Symmetric',330,331,NULL,NULL,NULL,1,1,0,'2018-02-13 11:58:49'),(168,'Capsule Shape Terete',332,333,NULL,NULL,NULL,1,1,0,'2018-02-13 11:58:49'),(169,'Capsule Shape Urn',334,335,NULL,NULL,NULL,1,1,0,'2018-02-13 11:58:49'),(170,'Capsule Surface',337,356,NULL,NULL,NULL,NULL,NULL,0,'2018-02-13 11:58:49'),(171,'Capsule Surface Furrowed',338,339,NULL,NULL,NULL,1,1,0,'2018-02-13 11:58:49'),(172,'Capsule Surface Ribbed When Dry',340,341,NULL,NULL,NULL,1,1,0,'2018-02-13 11:58:49'),(173,'Capsule Surface Ribs Red',342,343,NULL,NULL,NULL,1,1,0,'2018-02-13 11:58:49'),(174,'Capsule Surface Rugulose',344,345,NULL,NULL,NULL,0,1,0,'2018-02-13 11:58:49'),(175,'Capsule Surface Smooth',346,347,NULL,NULL,NULL,0,1,0,'2018-02-13 11:58:49'),(176,'Capsule Surface Smooth When Dry',348,349,NULL,NULL,NULL,1,1,0,'2018-02-13 11:58:49'),(177,'Capsule Surface Stomata In Sunken Crypts',350,351,NULL,NULL,NULL,0,0,1,'2018-02-13 11:58:49'),(178,'Capsule Surface Stomata Superficial',352,353,NULL,NULL,NULL,0,0,1,'2018-02-13 11:58:49'),(179,'Capsule Surface With Stomatose Neck',354,355,NULL,NULL,NULL,0,1,1,'2018-02-13 11:58:49'),(180,'Costa',358,485,NULL,NULL,NULL,NULL,NULL,0,'2018-02-13 11:58:49'),(181,'Costa Branching',359,378,NULL,NULL,NULL,NULL,NULL,0,'2018-02-13 11:58:49'),(182,'Costa Branching Branched',360,361,NULL,NULL,NULL,0,1,1,'2018-02-13 11:58:49'),(183,'Costa Branching Equal Length',362,363,NULL,NULL,NULL,0,1,1,'2018-02-13 11:58:49'),(184,'Costa Branching Joined At Base',364,365,NULL,NULL,NULL,0,0,1,'2018-02-13 11:58:49'),(185,'Costa Branching Not Joined At Base',366,367,NULL,NULL,NULL,0,0,1,'2018-02-13 11:58:49'),(186,'Costa Branching Of Different Lengths',368,369,NULL,NULL,NULL,0,1,1,'2018-02-13 11:58:49'),(187,'Costa Branching Of Unequal Length',370,371,NULL,NULL,NULL,0,1,1,'2018-02-13 11:58:49'),(188,'Costa Branching One-Half Leaf Length',372,373,NULL,NULL,NULL,0,1,1,'2018-02-13 11:58:49'),(189,'Costa Branching With Lateral Spurs',374,375,NULL,NULL,NULL,0,0,1,'2018-02-13 11:58:49'),(190,'Costa Branching With Several Minor Supplementary Costae',376,377,NULL,NULL,NULL,0,0,1,'2018-02-13 11:58:49'),(191,'Costa Color',379,386,NULL,NULL,NULL,NULL,NULL,0,'2018-02-13 11:58:49'),(192,'Costa Color Dorsal Cell Green & Striped',380,381,NULL,NULL,NULL,0,0,1,'2018-02-13 11:58:49'),(193,'Costa Color Opaque',382,383,NULL,NULL,NULL,0,1,1,'2018-02-13 11:58:49'),(194,'Costa Color Orange',384,385,NULL,NULL,NULL,0,1,1,'2018-02-13 11:58:49'),(195,'Costa Layers',387,396,NULL,NULL,NULL,NULL,NULL,0,'2018-02-13 11:58:49'),(196,'Costa Layers Hyaline In Upper And Lower Layers',388,389,NULL,NULL,NULL,0,0,1,'2018-02-13 11:58:49'),(197,'Costa Layers Middle And Dorsal Green And Striped',390,391,NULL,NULL,NULL,0,0,1,'2018-02-13 11:58:49'),(198,'Costa Layers Middle Layer Green',392,393,NULL,NULL,NULL,0,0,1,'2018-02-13 11:58:49'),(199,'Costa Layers Three To Four Layers (Mid Layer Green, Outer Layers Hyaline)',394,395,NULL,NULL,NULL,0,0,1,'2018-02-13 11:58:49'),(200,'Costa Length',397,422,NULL,NULL,NULL,NULL,NULL,0,'2018-02-13 11:58:49'),(201,'Costa Length Costa Ending Above Mid-Leaf',398,399,NULL,NULL,NULL,0,1,0,'2018-02-13 11:58:49'),(202,'Costa Length Ending In Spine',400,401,NULL,NULL,NULL,0,1,1,'2018-02-13 11:58:49'),(203,'Costa Length Ending Near Apex',402,403,NULL,NULL,NULL,0,1,1,'2018-02-13 11:58:49'),(204,'Costa Length Excurrent',404,405,NULL,NULL,NULL,0,1,0,'2018-02-13 11:58:49'),(205,'Costa Length Less Than One-Third Leaf Length',406,407,NULL,NULL,NULL,0,1,0,'2018-02-13 11:58:49'),(206,'Costa Length Long',408,409,NULL,NULL,NULL,0,0,0,'2018-02-13 11:58:49'),(207,'Costa Length More Than One-Third Leaf Length',410,411,NULL,NULL,NULL,0,1,0,'2018-02-13 11:58:49'),(208,'Costa Length More Than Two-Thirds Leaf Length',412,413,NULL,NULL,NULL,0,1,0,'2018-02-13 11:58:49'),(209,'Costa Length One-Third To Two-Thirds Leaf Length',414,415,NULL,NULL,NULL,0,1,0,'2018-02-13 11:58:49'),(210,'Costa Length Percurrent',416,417,NULL,NULL,NULL,0,1,0,'2018-02-13 11:58:49'),(211,'Costa Length Short',418,419,NULL,NULL,NULL,0,0,0,'2018-02-13 11:58:49'),(212,'Costa Length Three Quarters Leaf Length',420,421,NULL,NULL,NULL,0,1,1,'2018-02-13 11:58:49'),(213,'Costa Number/Size',423,438,NULL,NULL,NULL,NULL,NULL,0,'2018-02-13 11:58:49'),(214,'Costa Number/Size Double',424,425,NULL,NULL,NULL,0,1,1,'2018-02-13 11:58:49'),(215,'Costa Number/Size Extremely Reduced',426,427,NULL,NULL,NULL,0,1,1,'2018-02-13 11:58:49'),(216,'Costa Number/Size Flexuose Above',428,429,NULL,NULL,NULL,0,0,1,'2018-02-13 11:58:49'),(217,'Costa Number/Size None',430,431,NULL,NULL,NULL,0,0,0,'2018-02-13 11:58:49'),(218,'Costa Number/Size Short',432,433,NULL,NULL,NULL,0,0,0,'2018-02-13 11:58:49'),(219,'Costa Number/Size Single',434,435,NULL,NULL,NULL,0,1,1,'2018-02-13 11:58:49'),(220,'Costa Number/Size Variable',436,437,NULL,NULL,NULL,0,1,1,'2018-02-13 11:58:49'),(221,'Costa Ornamentation',439,450,NULL,NULL,NULL,NULL,NULL,0,'2018-02-13 11:58:49'),(222,'Costa Ornamentation Axillary Hairs',440,441,NULL,NULL,NULL,0,1,1,'2018-02-13 11:58:49'),(223,'Costa Ornamentation Present',442,443,NULL,NULL,NULL,0,0,0,'2018-02-13 11:58:49'),(224,'Costa Ornamentation Spines',444,445,NULL,NULL,NULL,0,1,1,'2018-02-13 11:58:49'),(225,'Costa Ornamentation Teeth',446,447,NULL,NULL,NULL,0,1,1,'2018-02-13 11:58:49'),(226,'Costa Ornamentation Toothed On Back',448,449,NULL,NULL,NULL,0,1,1,'2018-02-13 11:58:49'),(227,'Costa Stereid Bands',451,462,NULL,NULL,NULL,NULL,NULL,0,'2018-02-13 11:58:49'),(228,'Costa Stereid Bands Absent',452,453,NULL,NULL,NULL,0,0,0,'2018-02-13 11:58:49'),(229,'Costa Stereid Bands Dorsal',454,455,NULL,NULL,NULL,0,0,1,'2018-02-13 11:58:49'),(230,'Costa Stereid Bands Double',456,457,NULL,NULL,NULL,0,0,1,'2018-02-13 11:58:49'),(231,'Costa Stereid Bands Single',458,459,NULL,NULL,NULL,0,0,1,'2018-02-13 11:58:49'),(232,'Costa Stereid Bands Ventral',460,461,NULL,NULL,NULL,0,0,1,'2018-02-13 11:58:49'),(233,'Costa Width',463,484,NULL,NULL,NULL,NULL,NULL,0,'2018-02-13 11:58:49'),(234,'Costa Width Costa Width Narrow',464,465,NULL,NULL,NULL,0,1,0,'2018-02-13 11:58:49'),(235,'Costa Width Costa Width Very Narrow',466,467,NULL,NULL,NULL,0,1,0,'2018-02-13 11:58:49'),(236,'Costa Width Costa Width Very Wide',468,469,NULL,NULL,NULL,0,1,0,'2018-02-13 11:58:49'),(237,'Costa Width Costa Width Wide',470,471,NULL,NULL,NULL,0,1,0,'2018-02-13 11:58:49'),(238,'Costa Width Equals Leaf Width',472,473,NULL,NULL,NULL,0,1,0,'2018-02-13 11:58:49'),(239,'Costa Width Greater Than One-Half Leaf Width',474,475,NULL,NULL,NULL,0,1,0,'2018-02-13 11:58:49'),(240,'Costa Width Greater Than One-Third Leaf Width',476,477,NULL,NULL,NULL,0,1,0,'2018-02-13 11:58:49'),(241,'Costa Width Less Than One-Fifth Leaf Width',478,479,NULL,NULL,NULL,0,1,0,'2018-02-13 11:58:49'),(242,'Costa Width One-Third To One-Half Leaf Width',480,481,NULL,NULL,NULL,0,1,0,'2018-02-13 11:58:49'),(243,'Costa Width Weak At Base',482,483,NULL,NULL,NULL,0,1,0,'2018-02-13 11:58:49'),(244,'Growth Form',486,559,NULL,NULL,NULL,NULL,NULL,0,'2018-02-13 11:58:49'),(245,'Growth Form Whole Plant Orientation',487,558,NULL,NULL,NULL,NULL,NULL,0,'2018-02-13 11:58:49'),(246,'Growth Form Whole Plant Orientation Angular',488,489,NULL,NULL,NULL,1,1,0,'2018-02-13 11:58:49'),(247,'Growth Form Whole Plant Orientation Arched',490,491,NULL,NULL,NULL,1,0,0,'2018-02-13 11:58:49'),(248,'Growth Form Whole Plant Orientation Ascending',492,493,NULL,NULL,NULL,1,0,0,'2018-02-13 11:58:49'),(249,'Growth Form Whole Plant Orientation At Right Angles To Bark',494,495,NULL,NULL,NULL,1,0,0,'2018-02-13 11:58:49'),(250,'Growth Form Whole Plant Orientation Braided',496,497,NULL,NULL,NULL,1,0,0,'2018-02-13 11:58:49'),(251,'Growth Form Whole Plant Orientation Bud-Like',498,499,NULL,NULL,NULL,1,1,0,'2018-02-13 11:58:49'),(252,'Growth Form Whole Plant Orientation Bulbiform',500,501,NULL,NULL,NULL,1,1,0,'2018-02-13 11:58:49'),(253,'Growth Form Whole Plant Orientation Complanate',502,503,NULL,NULL,NULL,1,1,0,'2018-02-13 11:58:49'),(254,'Growth Form Whole Plant Orientation Creeping',504,505,NULL,NULL,NULL,1,0,0,'2018-02-13 11:58:49'),(255,'Growth Form Whole Plant Orientation Curled When Dry',506,507,NULL,NULL,NULL,1,1,0,'2018-02-13 11:58:49'),(256,'Growth Form Whole Plant Orientation Curved When Dry',508,509,NULL,NULL,NULL,1,1,0,'2018-02-13 11:58:49'),(257,'Growth Form Whole Plant Orientation Cushion',510,511,NULL,NULL,NULL,1,0,0,'2018-02-13 11:58:49'),(258,'Growth Form Whole Plant Orientation Dendroid',512,513,NULL,NULL,NULL,1,0,0,'2018-02-13 11:58:49'),(259,'Growth Form Whole Plant Orientation Erect',514,515,NULL,NULL,NULL,1,0,0,'2018-02-13 11:58:49'),(260,'Growth Form Whole Plant Orientation Festooning',516,517,NULL,NULL,NULL,1,0,0,'2018-02-13 11:58:49'),(261,'Growth Form Whole Plant Orientation Flat',518,519,NULL,NULL,NULL,1,0,0,'2018-02-13 11:58:49'),(262,'Growth Form Whole Plant Orientation Flat On Top',520,521,NULL,NULL,NULL,1,0,0,'2018-02-13 11:58:49'),(263,'Growth Form Whole Plant Orientation Forked',522,523,NULL,NULL,NULL,1,0,0,'2018-02-13 11:58:49'),(264,'Growth Form Whole Plant Orientation Frondose',524,525,NULL,NULL,NULL,1,0,0,'2018-02-13 11:58:49'),(265,'Growth Form Whole Plant Orientation Horizontal',526,527,NULL,NULL,NULL,1,0,0,'2018-02-13 11:58:49'),(266,'Growth Form Whole Plant Orientation Julaceous',528,529,NULL,NULL,NULL,1,0,0,'2018-02-13 11:58:49'),(267,'Growth Form Whole Plant Orientation Julaceous When Dry',530,531,NULL,NULL,NULL,0,0,0,'2018-02-13 11:58:49'),(268,'Growth Form Whole Plant Orientation Julaceous When Wet',532,533,NULL,NULL,NULL,1,0,0,'2018-02-13 11:58:49'),(269,'Growth Form Whole Plant Orientation Large Mat',534,535,NULL,NULL,NULL,1,0,0,'2018-02-13 11:58:49'),(270,'Growth Form Whole Plant Orientation Mat',536,537,NULL,NULL,NULL,1,0,0,'2018-02-13 11:58:49'),(271,'Growth Form Whole Plant Orientation Pendulous',538,539,NULL,NULL,NULL,1,0,0,'2018-02-13 11:58:49'),(272,'Growth Form Whole Plant Orientation Plumose',540,541,NULL,NULL,NULL,1,0,0,'2018-02-13 11:58:49'),(273,'Growth Form Whole Plant Orientation Prostrate',542,543,NULL,NULL,NULL,1,0,0,'2018-02-13 11:58:49'),(274,'Growth Form Whole Plant Orientation Round',544,545,NULL,NULL,NULL,1,1,0,'2018-02-13 11:58:49'),(275,'Growth Form Whole Plant Orientation Sticking Straight Out From Vertical Surface',546,547,NULL,NULL,NULL,1,0,0,'2018-02-13 11:58:49'),(276,'Growth Form Whole Plant Orientation Stoloniferous',548,549,NULL,NULL,NULL,1,1,0,'2018-02-13 11:58:49'),(277,'Growth Form Whole Plant Orientation Triangular',550,551,NULL,NULL,NULL,1,1,0,'2018-02-13 11:58:49'),(278,'Growth Form Whole Plant Orientation Tufted',552,553,NULL,NULL,NULL,1,0,0,'2018-02-13 11:58:49'),(279,'Growth Form Whole Plant Orientation Winter Annual',554,555,NULL,NULL,NULL,1,0,0,'2018-02-13 11:58:49'),(280,'Growth Form Whole Plant Orientation Wiry',556,557,NULL,NULL,NULL,1,0,0,'2018-02-13 11:58:49'),(281,'Growth Form/Appearance',560,665,NULL,NULL,NULL,NULL,NULL,0,'2018-02-13 11:58:49'),(282,'Growth Form/Appearance Branch Orientation',561,576,NULL,NULL,NULL,NULL,NULL,0,'2018-02-13 11:58:49'),(283,'Growth Form/Appearance Branch Orientation In One Plane',562,563,NULL,NULL,NULL,1,0,0,'2018-02-13 11:58:49'),(284,'Growth Form/Appearance Branch Orientation Pendulous',564,565,NULL,NULL,NULL,1,0,0,'2018-02-13 11:58:49'),(285,'Growth Form/Appearance Branch Orientation Terete',566,567,NULL,NULL,NULL,0,1,0,'2018-02-13 11:58:49'),(286,'Growth Form/Appearance Branch Orientation Tips Indistinctly Curled When Dry',568,569,NULL,NULL,NULL,1,1,0,'2018-02-13 11:58:49'),(287,'Growth Form/Appearance Branch Orientation Tips Loosely Upturned',570,571,NULL,NULL,NULL,1,1,0,'2018-02-13 11:58:49'),(288,'Growth Form/Appearance Branch Orientation Tips Strongly Curled When Dry',572,573,NULL,NULL,NULL,1,1,0,'2018-02-13 11:58:49'),(289,'Growth Form/Appearance Branch Orientation Tips Strongly Upturned',574,575,NULL,NULL,NULL,1,1,0,'2018-02-13 11:58:49'),(290,'Growth Form/Appearance Branching',577,598,NULL,NULL,NULL,NULL,NULL,0,'2018-02-13 11:58:49'),(291,'Growth Form/Appearance Branching 2 To 3 Pinnate',578,579,NULL,NULL,NULL,1,1,0,'2018-02-13 11:58:49'),(292,'Growth Form/Appearance Branching Bipinnate (Frondose)',580,581,NULL,NULL,NULL,1,1,0,'2018-02-13 11:58:49'),(293,'Growth Form/Appearance Branching Evenly Pinnate',582,583,NULL,NULL,NULL,1,1,0,'2018-02-13 11:58:49'),(294,'Growth Form/Appearance Branching Irregular',584,585,NULL,NULL,NULL,1,1,0,'2018-02-13 11:58:49'),(295,'Growth Form/Appearance Branching Once Pinnate',586,587,NULL,NULL,NULL,1,1,0,'2018-02-13 11:58:49'),(296,'Growth Form/Appearance Branching Pinnate',588,589,NULL,NULL,NULL,1,1,0,'2018-02-13 11:58:49'),(297,'Growth Form/Appearance Branching Plant Branching Stepwise Flat Fronds',590,591,NULL,NULL,NULL,1,0,0,'2018-02-13 11:58:49'),(298,'Growth Form/Appearance Branching Rare',592,593,NULL,NULL,NULL,1,1,0,'2018-02-13 11:58:49'),(299,'Growth Form/Appearance Branching Repeatedly Forked',594,595,NULL,NULL,NULL,1,1,0,'2018-02-13 11:58:49'),(300,'Growth Form/Appearance Branching Stepwise',596,597,NULL,NULL,NULL,1,0,0,'2018-02-13 11:58:49'),(301,'Growth Form/Appearance Secondary Stem',599,608,NULL,NULL,NULL,NULL,NULL,0,'2018-02-13 11:58:49'),(302,'Growth Form/Appearance Secondary Stem Ascending',600,601,NULL,NULL,NULL,1,1,0,'2018-02-13 11:58:49'),(303,'Growth Form/Appearance Secondary Stem Erect',602,603,NULL,NULL,NULL,1,1,0,'2018-02-13 11:58:49'),(304,'Growth Form/Appearance Secondary Stem Prostrate',604,605,NULL,NULL,NULL,1,1,0,'2018-02-13 11:58:49'),(305,'Growth Form/Appearance Secondary Stem Sub-Pinnately Branched',606,607,NULL,NULL,NULL,1,1,0,'2018-02-13 11:58:49'),(306,'Growth Form/Appearance Stem',609,640,NULL,NULL,NULL,NULL,NULL,0,'2018-02-13 11:58:49'),(307,'Growth Form/Appearance Stem Angular',610,611,NULL,NULL,NULL,0,1,0,'2018-02-13 11:58:49'),(308,'Growth Form/Appearance Stem Creeping',612,613,NULL,NULL,NULL,1,0,0,'2018-02-13 11:58:49'),(309,'Growth Form/Appearance Stem Forked',614,615,NULL,NULL,NULL,1,1,0,'2018-02-13 11:58:49'),(310,'Growth Form/Appearance Stem Rhizome-Like',616,617,NULL,NULL,NULL,1,1,0,'2018-02-13 11:58:49'),(311,'Growth Form/Appearance Stem Single',618,619,NULL,NULL,NULL,1,0,0,'2018-02-13 11:58:49'),(312,'Growth Form/Appearance Stem Smooth',620,621,NULL,NULL,NULL,0,1,0,'2018-02-13 11:58:49'),(313,'Growth Form/Appearance Stem Sterile Stem Complanate',622,623,NULL,NULL,NULL,0,1,0,'2018-02-13 11:58:49'),(314,'Growth Form/Appearance Stem Sterile Stem Erect',624,625,NULL,NULL,NULL,1,0,0,'2018-02-13 11:58:49'),(315,'Growth Form/Appearance Stem Sterile Stem Prostrate',626,627,NULL,NULL,NULL,1,0,0,'2018-02-13 11:58:49'),(316,'Growth Form/Appearance Stem Straight When Dry',628,629,NULL,NULL,NULL,1,0,0,'2018-02-13 11:58:49'),(317,'Growth Form/Appearance Stem Terete',630,631,NULL,NULL,NULL,0,1,0,'2018-02-13 11:58:49'),(318,'Growth Form/Appearance Stem Triangular',632,633,NULL,NULL,NULL,0,1,0,'2018-02-13 11:58:49'),(319,'Growth Form/Appearance Stem With Central Strand',634,635,NULL,NULL,NULL,0,0,1,'2018-02-13 11:58:49'),(320,'Growth Form/Appearance Stem With Central Strand Of Small Cell Length',636,637,NULL,NULL,NULL,0,0,1,'2018-02-13 11:58:49'),(321,'Growth Form/Appearance Stem With Hyalodermis',638,639,NULL,NULL,NULL,0,0,1,'2018-02-13 11:58:49'),(322,'Growth Form/Appearance Stem Color',641,648,NULL,NULL,NULL,NULL,NULL,0,'2018-02-13 11:58:49'),(323,'Growth Form/Appearance Stem Color Green',642,643,NULL,NULL,NULL,1,1,0,'2018-02-13 11:58:49'),(324,'Growth Form/Appearance Stem Color Orange',644,645,NULL,NULL,NULL,1,1,0,'2018-02-13 11:58:49'),(325,'Growth Form/Appearance Stem Color Red',646,647,NULL,NULL,NULL,1,1,0,'2018-02-13 11:58:49'),(326,'Growth Form/Appearance Whole Plant Size',649,664,NULL,NULL,NULL,NULL,NULL,0,'2018-02-13 11:58:49'),(327,'Growth Form/Appearance Whole Plant Size More Than 5 Mm',650,651,NULL,NULL,NULL,1,1,0,'2018-02-13 11:58:49'),(328,'Growth Form/Appearance Whole Plant Size Mostly Less Than 1 Cm',652,653,NULL,NULL,NULL,1,1,0,'2018-02-13 11:58:49'),(329,'Growth Form/Appearance Whole Plant Size Mostly More Than 1 Cm',654,655,NULL,NULL,NULL,1,1,0,'2018-02-13 11:58:49'),(330,'Growth Form/Appearance Whole Plant Size Plant Size Minute',656,657,NULL,NULL,NULL,0,1,0,'2018-02-13 11:58:49'),(331,'Growth Form/Appearance Whole Plant Size Plant Size Very Small (Up To 2 Mm)',658,659,NULL,NULL,NULL,1,1,0,'2018-02-13 11:58:49'),(332,'Growth Form/Appearance Whole Plant Size Pygmy Ephemerals',660,661,NULL,NULL,NULL,0,1,0,'2018-02-13 11:58:49'),(333,'Growth Form/Appearance Whole Plant Size Small (Up To 5 Mm)',662,663,NULL,NULL,NULL,1,1,0,'2018-02-13 11:58:49'),(334,'Habitat',666,695,NULL,NULL,NULL,NULL,NULL,0,'2018-02-13 11:58:49'),(335,'Habitat Area',667,694,NULL,NULL,NULL,NULL,NULL,0,'2018-02-13 11:58:49'),(336,'Habitat Area Actic-Alpine',668,669,NULL,NULL,NULL,1,0,0,'2018-02-13 11:58:49'),(337,'Habitat Area Cliff',670,671,NULL,NULL,NULL,1,0,0,'2018-02-13 11:58:49'),(338,'Habitat Area Desert',672,673,NULL,NULL,NULL,0,0,0,'2018-02-13 11:58:49'),(339,'Habitat Area Disturbed Recently',674,675,NULL,NULL,NULL,1,0,0,'2018-02-13 11:58:49'),(340,'Habitat Area Disturbed Weedy',676,677,NULL,NULL,NULL,1,0,0,'2018-02-13 11:58:49'),(341,'Habitat Area In Crevice',678,679,NULL,NULL,NULL,1,0,0,'2018-02-13 11:58:49'),(342,'Habitat Area Managed - Agricultural',680,681,NULL,NULL,NULL,1,0,0,'2018-02-13 11:58:49'),(343,'Habitat Area Managed - Lawn',682,683,NULL,NULL,NULL,1,0,0,'2018-02-13 11:58:49'),(344,'Habitat Area Mountains',684,685,NULL,NULL,NULL,1,0,0,'2018-02-13 11:58:49'),(345,'Habitat Area Other Intensive',686,687,NULL,NULL,NULL,1,0,0,'2018-02-13 11:58:49'),(346,'Habitat Area Underside Of Rock Overhangs',688,689,NULL,NULL,NULL,1,0,0,'2018-02-13 11:58:49'),(347,'Habitat Area Vertical Substrate',690,691,NULL,NULL,NULL,1,0,0,'2018-02-13 11:58:49'),(348,'Habitat Area Within Coast Influence',692,693,NULL,NULL,NULL,1,0,0,'2018-02-13 11:58:49'),(349,'Leaf Appearance',696,741,NULL,NULL,NULL,NULL,NULL,0,'2018-02-13 11:58:49'),(350,'Leaf Appearance Color',697,740,NULL,NULL,NULL,NULL,NULL,0,'2018-02-13 11:58:49'),(351,'Leaf Appearance Color Alar Cell Margin Hyaline',698,699,NULL,NULL,NULL,0,1,1,'2018-02-13 11:58:49'),(352,'Leaf Appearance Color Alar Cell Margin Yellow-Brown',700,701,NULL,NULL,NULL,0,1,1,'2018-02-13 11:58:49'),(353,'Leaf Appearance Color Alar Cell Reddish',702,703,NULL,NULL,NULL,0,1,1,'2018-02-13 11:58:49'),(354,'Leaf Appearance Color Alar Cells Pale',704,705,NULL,NULL,NULL,0,1,1,'2018-02-13 11:58:49'),(355,'Leaf Appearance Color Basal Cell Hyaline',706,707,NULL,NULL,NULL,0,1,1,'2018-02-13 11:58:49'),(356,'Leaf Appearance Color Basal Cell Pellucid',708,709,NULL,NULL,NULL,0,1,1,'2018-02-13 11:58:49'),(357,'Leaf Appearance Color Basal Cell Yellow',710,711,NULL,NULL,NULL,0,1,1,'2018-02-13 11:58:49'),(358,'Leaf Appearance Color Black',712,713,NULL,NULL,NULL,1,1,0,'2018-02-13 11:58:49'),(359,'Leaf Appearance Color Green Striations',714,715,NULL,NULL,NULL,0,1,0,'2018-02-13 11:58:49'),(360,'Leaf Appearance Color Groups Of Hyaline Cells',716,717,NULL,NULL,NULL,1,1,0,'2018-02-13 11:58:49'),(361,'Leaf Appearance Color Inner Basal Cell Pale',718,719,NULL,NULL,NULL,0,1,1,'2018-02-13 11:58:49'),(362,'Leaf Appearance Color Inner Basal Cell Pale',720,721,NULL,NULL,NULL,0,1,1,'2018-02-13 11:58:49'),(363,'Leaf Appearance Color Inner Basal Cell Pellucid',722,723,NULL,NULL,NULL,0,1,1,'2018-02-13 11:58:49'),(364,'Leaf Appearance Color Leaf Apex Cell Yellow',724,725,NULL,NULL,NULL,0,1,1,'2018-02-13 11:58:49'),(365,'Leaf Appearance Color Leaf Basal Cell Color Brown',726,727,NULL,NULL,NULL,0,1,1,'2018-02-13 11:58:49'),(366,'Leaf Appearance Color Leaf Basal Cell Color Green',728,729,NULL,NULL,NULL,0,1,1,'2018-02-13 11:58:49'),(367,'Leaf Appearance Color Leaf Border Orange',730,731,NULL,NULL,NULL,0,1,1,'2018-02-13 11:58:49'),(368,'Leaf Appearance Color Older Leaf Brick-Red',732,733,NULL,NULL,NULL,1,1,0,'2018-02-13 11:58:49'),(369,'Leaf Appearance Color Older Leaf Brownish-Green',734,735,NULL,NULL,NULL,1,1,0,'2018-02-13 11:58:49'),(370,'Leaf Appearance Color Surface Shiny',736,737,NULL,NULL,NULL,1,1,0,'2018-02-13 11:58:49'),(371,'Leaf Appearance Color Translucent',738,739,NULL,NULL,NULL,1,1,0,'2018-02-13 11:58:49'),(372,'Leaf Arrangement',742,807,NULL,NULL,NULL,NULL,NULL,0,'2018-02-13 11:58:49'),(373,'Leaf Arrangement Leaf Dimorphism',743,764,NULL,NULL,NULL,NULL,NULL,0,'2018-02-13 11:58:49'),(374,'Leaf Arrangement Leaf Dimorphism Dimorphic',744,745,NULL,NULL,NULL,1,1,0,'2018-02-13 11:58:49'),(375,'Leaf Arrangement Leaf Dimorphism Dimorphic (On Same Axis)',746,747,NULL,NULL,NULL,0,1,0,'2018-02-13 11:58:49'),(376,'Leaf Arrangement Leaf Dimorphism Dimorphic (Stem Vs Branch)',748,749,NULL,NULL,NULL,0,1,0,'2018-02-13 11:58:49'),(377,'Leaf Arrangement Leaf Dimorphism Dimorphic (Ventral Amphigastria)',750,751,NULL,NULL,NULL,1,1,0,'2018-02-13 11:58:49'),(378,'Leaf Arrangement Leaf Dimorphism Dorsal Leaves Smaller',752,753,NULL,NULL,NULL,1,1,0,'2018-02-13 11:58:49'),(379,'Leaf Arrangement Leaf Dimorphism Leavese Homomallous',754,755,NULL,NULL,NULL,1,1,0,'2018-02-13 11:58:49'),(380,'Leaf Arrangement Leaf Dimorphism Smaller Leaves In A Double Row',756,757,NULL,NULL,NULL,0,1,0,'2018-02-13 11:58:49'),(381,'Leaf Arrangement Leaf Dimorphism Smaller Leaves In A Single Row',758,759,NULL,NULL,NULL,0,1,0,'2018-02-13 11:58:49'),(382,'Leaf Arrangement Leaf Dimorphism Smaller Leaves On Lower Side Of Stem',760,761,NULL,NULL,NULL,0,1,1,'2018-02-13 11:58:49'),(383,'Leaf Arrangement Leaf Dimorphism Smaller Leaves On Upper Side Of Stem',762,763,NULL,NULL,NULL,0,1,1,'2018-02-13 11:58:49'),(384,'Leaf Arrangement Orientation',765,796,NULL,NULL,NULL,NULL,NULL,0,'2018-02-13 11:58:49'),(385,'Leaf Arrangement Orientation Angular',766,767,NULL,NULL,NULL,1,0,0,'2018-02-13 11:58:49'),(386,'Leaf Arrangement Orientation Appressed',768,769,NULL,NULL,NULL,1,0,0,'2018-02-13 11:58:49'),(387,'Leaf Arrangement Orientation Appressed When Dry',770,771,NULL,NULL,NULL,1,0,0,'2018-02-13 11:58:49'),(388,'Leaf Arrangement Orientation Catenulate',772,773,NULL,NULL,NULL,1,0,0,'2018-02-13 11:58:49'),(389,'Leaf Arrangement Orientation Clustered Or Branched Around A Central Stem',774,775,NULL,NULL,NULL,1,0,0,'2018-02-13 11:58:49'),(390,'Leaf Arrangement Orientation Complanate',776,777,NULL,NULL,NULL,1,0,0,'2018-02-13 11:58:49'),(391,'Leaf Arrangement Orientation Crowded',778,779,NULL,NULL,NULL,1,0,0,'2018-02-13 11:58:49'),(392,'Leaf Arrangement Orientation Crowded At Stem Tips',780,781,NULL,NULL,NULL,1,0,0,'2018-02-13 11:58:49'),(393,'Leaf Arrangement Orientation Distant',782,783,NULL,NULL,NULL,1,0,0,'2018-02-13 11:58:49'),(394,'Leaf Arrangement Orientation Flattened',784,785,NULL,NULL,NULL,1,0,0,'2018-02-13 11:58:49'),(395,'Leaf Arrangement Orientation Progressively Larger',786,787,NULL,NULL,NULL,0,1,0,'2018-02-13 11:58:49'),(396,'Leaf Arrangement Orientation Radial',788,789,NULL,NULL,NULL,1,0,0,'2018-02-13 11:58:49'),(397,'Leaf Arrangement Orientation Squarrose',790,791,NULL,NULL,NULL,1,0,0,'2018-02-13 11:58:49'),(398,'Leaf Arrangement Orientation Squarrose-Recurved',792,793,NULL,NULL,NULL,1,0,0,'2018-02-13 11:58:49'),(399,'Leaf Arrangement Orientation Whorled At Branches',794,795,NULL,NULL,NULL,1,0,0,'2018-02-13 11:58:49'),(400,'Leaf Arrangement Ranks',797,806,NULL,NULL,NULL,NULL,NULL,0,'2018-02-13 11:58:49'),(401,'Leaf Arrangement Ranks 2-Ranked',798,799,NULL,NULL,NULL,1,1,0,'2018-02-13 11:58:49'),(402,'Leaf Arrangement Ranks 3-Ranked',800,801,NULL,NULL,NULL,1,1,0,'2018-02-13 11:58:49'),(403,'Leaf Arrangement Ranks 4-5 Ranked',802,803,NULL,NULL,NULL,1,1,0,'2018-02-13 11:58:49'),(404,'Leaf Arrangement Ranks 5-Ranked',804,805,NULL,NULL,NULL,1,1,0,'2018-02-13 11:58:49'),(405,'Leaf Base',808,909,NULL,NULL,NULL,NULL,NULL,0,'2018-02-13 11:58:49'),(406,'Leaf Base Alar Cells',809,868,NULL,NULL,NULL,NULL,NULL,0,'2018-02-13 11:58:49'),(407,'Leaf Base Alar Cells 1 Or 2 Rows At Leaf Insertion',810,811,NULL,NULL,NULL,0,0,1,'2018-02-13 11:58:49'),(408,'Leaf Base Alar Cells Asymmetrically Grouped (More On One Side)',812,813,NULL,NULL,NULL,0,0,1,'2018-02-13 11:58:49'),(409,'Leaf Base Alar Cells At Basal Angles',814,815,NULL,NULL,NULL,0,0,1,'2018-02-13 11:58:49'),(410,'Leaf Base Alar Cells Brownish',816,817,NULL,NULL,NULL,0,0,1,'2018-02-13 11:58:49'),(411,'Leaf Base Alar Cells Extending Up Leaf Margin',818,819,NULL,NULL,NULL,0,0,1,'2018-02-13 11:58:49'),(412,'Leaf Base Alar Cells Extending Up Leaf Margin Up To 0N3 Sixth Leaf Length',820,821,NULL,NULL,NULL,0,0,1,'2018-02-13 11:58:49'),(413,'Leaf Base Alar Cells Five To Twenty',822,823,NULL,NULL,NULL,0,0,1,'2018-02-13 11:58:49'),(414,'Leaf Base Alar Cells Green',824,825,NULL,NULL,NULL,0,0,0,'2018-02-13 11:58:49'),(415,'Leaf Base Alar Cells Hyaline',826,827,NULL,NULL,NULL,0,0,1,'2018-02-13 11:58:49'),(416,'Leaf Base Alar Cells In 1-2 Rows',828,829,NULL,NULL,NULL,0,0,1,'2018-02-13 11:58:49'),(417,'Leaf Base Alar Cells In Distinct Auricles',830,831,NULL,NULL,NULL,0,0,1,'2018-02-13 11:58:49'),(418,'Leaf Base Alar Cells In Large Groups',832,833,NULL,NULL,NULL,0,0,1,'2018-02-13 11:58:49'),(419,'Leaf Base Alar Cells In Mire Than 3 Rows',834,835,NULL,NULL,NULL,0,0,1,'2018-02-13 11:58:49'),(420,'Leaf Base Alar Cells In Small Groups',836,837,NULL,NULL,NULL,0,0,1,'2018-02-13 11:58:49'),(421,'Leaf Base Alar Cells In Triangular Areas',838,839,NULL,NULL,NULL,0,0,1,'2018-02-13 11:58:49'),(422,'Leaf Base Alar Cells Inflated',840,841,NULL,NULL,NULL,0,0,1,'2018-02-13 11:58:49'),(423,'Leaf Base Alar Cells Inflated Towards Margin',842,843,NULL,NULL,NULL,0,0,1,'2018-02-13 11:58:49'),(424,'Leaf Base Alar Cells Length Abruptly Inflated',844,845,NULL,NULL,NULL,0,0,1,'2018-02-13 11:58:49'),(425,'Leaf Base Alar Cells Length Inflated',846,847,NULL,NULL,NULL,0,0,1,'2018-02-13 11:58:49'),(426,'Leaf Base Alar Cells Length Oblate',848,849,NULL,NULL,NULL,0,0,1,'2018-02-13 11:58:49'),(427,'Leaf Base Alar Cells Length Various',850,851,NULL,NULL,NULL,0,0,1,'2018-02-13 11:58:49'),(428,'Leaf Base Alar Cells Linear',852,853,NULL,NULL,NULL,0,0,1,'2018-02-13 11:58:49'),(429,'Leaf Base Alar Cells Oblong',854,855,NULL,NULL,NULL,0,0,1,'2018-02-13 11:58:49'),(430,'Leaf Base Alar Cells Present',856,857,NULL,NULL,NULL,0,0,1,'2018-02-13 11:58:49'),(431,'Leaf Base Alar Cells Quadrate',858,859,NULL,NULL,NULL,0,0,1,'2018-02-13 11:58:49'),(432,'Leaf Base Alar Cells Subquadrate',860,861,NULL,NULL,NULL,0,0,1,'2018-02-13 11:58:49'),(433,'Leaf Base Alar Cells Transversely Elongate',862,863,NULL,NULL,NULL,0,0,1,'2018-02-13 11:58:49'),(434,'Leaf Base Alar Cells Wide',864,865,NULL,NULL,NULL,0,0,1,'2018-02-13 11:58:49'),(435,'Leaf Base Alar Cells Yellow-Brown',866,867,NULL,NULL,NULL,0,0,1,'2018-02-13 11:58:49'),(436,'Leaf Base Basal Cells',869,892,NULL,NULL,NULL,NULL,NULL,0,'2018-02-13 11:58:49'),(437,'Leaf Base Basal Cells Cells Oriented In Single Row',870,871,NULL,NULL,NULL,0,0,1,'2018-02-13 11:58:49'),(438,'Leaf Base Basal Cells Cells Oriented In To To Three Rows',872,873,NULL,NULL,NULL,0,0,1,'2018-02-13 11:58:49'),(439,'Leaf Base Basal Cells Enlarged At Leaf Insertion',874,875,NULL,NULL,NULL,0,0,1,'2018-02-13 11:58:49'),(440,'Leaf Base Basal Cells Hyaline',876,877,NULL,NULL,NULL,0,0,1,'2018-02-13 11:58:49'),(441,'Leaf Base Basal Cells Inner Basal Cell Group Extending Up Costa',878,879,NULL,NULL,NULL,0,0,1,'2018-02-13 11:58:49'),(442,'Leaf Base Basal Cells Inner Basal Cell Size Enlarged',880,881,NULL,NULL,NULL,0,0,1,'2018-02-13 11:58:49'),(443,'Leaf Base Basal Cells Large',882,883,NULL,NULL,NULL,0,0,1,'2018-02-13 11:58:49'),(444,'Leaf Base Basal Cells Marginal Cell Hyaline',884,885,NULL,NULL,NULL,0,0,1,'2018-02-13 11:58:49'),(445,'Leaf Base Basal Cells Radiating From Costa',886,887,NULL,NULL,NULL,0,0,1,'2018-02-13 11:58:49'),(446,'Leaf Base Basal Cells Shape Uniform',888,889,NULL,NULL,NULL,0,0,1,'2018-02-13 11:58:49'),(447,'Leaf Base Basal Cells With Basal Wedges',890,891,NULL,NULL,NULL,0,0,1,'2018-02-13 11:58:49'),(448,'Leaf Base Decurrency',893,908,NULL,NULL,NULL,NULL,NULL,0,'2018-02-13 11:58:49'),(449,'Leaf Base Decurrency Base Expanded',894,895,NULL,NULL,NULL,0,1,1,'2018-02-13 11:58:49'),(450,'Leaf Base Decurrency Base Sheathing',896,897,NULL,NULL,NULL,0,1,1,'2018-02-13 11:58:49'),(451,'Leaf Base Decurrency Clasping',898,899,NULL,NULL,NULL,0,1,1,'2018-02-13 11:58:49'),(452,'Leaf Base Decurrency Decurrencies Auriculate',900,901,NULL,NULL,NULL,0,1,1,'2018-02-13 11:58:49'),(453,'Leaf Base Decurrency Decurrencies Broad',902,903,NULL,NULL,NULL,0,1,1,'2018-02-13 11:58:49'),(454,'Leaf Base Decurrency Decurrent',904,905,NULL,NULL,NULL,0,1,1,'2018-02-13 11:58:49'),(455,'Leaf Base Decurrency Long Decurrencies',906,907,NULL,NULL,NULL,0,1,1,'2018-02-13 11:58:49'),(456,'Leaf Cell Orientation',910,921,NULL,NULL,NULL,NULL,NULL,0,'2018-02-13 11:58:49'),(457,'Leaf Cell Orientation Cell Row Orientation',911,916,NULL,NULL,NULL,NULL,NULL,0,'2018-02-13 11:58:49'),(458,'Leaf Cell Orientation Cell Row Orientation Oblique Rows',912,913,NULL,NULL,NULL,0,0,1,'2018-02-13 11:58:49'),(459,'Leaf Cell Orientation Cell Row Orientation Upper Cells In Oblique Rows',914,915,NULL,NULL,NULL,0,0,1,'2018-02-13 11:58:49'),(460,'Leaf Cell Orientation Direction',917,920,NULL,NULL,NULL,NULL,NULL,0,'2018-02-13 11:58:49'),(461,'Leaf Cell Orientation Direction Diagonal Rows',918,919,NULL,NULL,NULL,0,0,1,'2018-02-13 11:58:49'),(462,'Leaf Cell Shape',922,983,NULL,NULL,NULL,NULL,NULL,0,'2018-02-13 11:58:49'),(463,'Leaf Cell Shape Apical Cell',923,926,NULL,NULL,NULL,NULL,NULL,0,'2018-02-13 11:58:49'),(464,'Leaf Cell Shape Apical Cell Rhombic',924,925,NULL,NULL,NULL,0,0,1,'2018-02-13 11:58:49'),(465,'Leaf Cell Shape Basal Cell',927,940,NULL,NULL,NULL,NULL,NULL,0,'2018-02-13 11:58:49'),(466,'Leaf Cell Shape Basal Cell Broadest As Marginal Wedge',928,929,NULL,NULL,NULL,0,0,1,'2018-02-13 11:58:49'),(467,'Leaf Cell Shape Basal Cell Elongate',930,931,NULL,NULL,NULL,0,0,1,'2018-02-13 11:58:49'),(468,'Leaf Cell Shape Basal Cell Hyaline Across Lower One Third Of Leaf',932,933,NULL,NULL,NULL,0,0,1,'2018-02-13 11:58:49'),(469,'Leaf Cell Shape Basal Cell Hyaline Cell Inflated',934,935,NULL,NULL,NULL,0,0,1,'2018-02-13 11:58:49'),(470,'Leaf Cell Shape Basal Cell Hyaline In Cancellinae Distinct Groups In Lowerone Third Of Leaf',936,937,NULL,NULL,NULL,0,0,1,'2018-02-13 11:58:49'),(471,'Leaf Cell Shape Basal Cell Not Differentiated',938,939,NULL,NULL,NULL,0,0,1,'2018-02-13 11:58:49'),(472,'Leaf Cell Shape Median Cell',941,964,NULL,NULL,NULL,NULL,NULL,0,'2018-02-13 11:58:49'),(473,'Leaf Cell Shape Median Cell Elliptic',942,943,NULL,NULL,NULL,0,0,1,'2018-02-13 11:58:49'),(474,'Leaf Cell Shape Median Cell Hexagonal',944,945,NULL,NULL,NULL,0,0,1,'2018-02-13 11:58:49'),(475,'Leaf Cell Shape Median Cell Isodiametric',946,947,NULL,NULL,NULL,0,0,1,'2018-02-13 11:58:49'),(476,'Leaf Cell Shape Median Cell Isodiametric Throughout',948,949,NULL,NULL,NULL,0,0,1,'2018-02-13 11:58:49'),(477,'Leaf Cell Shape Median Cell Linear',950,951,NULL,NULL,NULL,0,0,1,'2018-02-13 11:58:49'),(478,'Leaf Cell Shape Median Cell More Than Five Times As Wide',952,953,NULL,NULL,NULL,0,0,1,'2018-02-13 11:58:49'),(479,'Leaf Cell Shape Median Cell Oblong',954,955,NULL,NULL,NULL,0,0,1,'2018-02-13 11:58:49'),(480,'Leaf Cell Shape Median Cell Rhomboidal',956,957,NULL,NULL,NULL,0,0,1,'2018-02-13 11:58:49'),(481,'Leaf Cell Shape Median Cell Rounded',958,959,NULL,NULL,NULL,0,0,1,'2018-02-13 11:58:49'),(482,'Leaf Cell Shape Median Cell Rounded-Oblate',960,961,NULL,NULL,NULL,0,0,1,'2018-02-13 11:58:49'),(483,'Leaf Cell Shape Median Cell Short-Rectangular',962,963,NULL,NULL,NULL,0,0,1,'2018-02-13 11:58:49'),(484,'Leaf Cell Shape Upper Cell',965,976,NULL,NULL,NULL,NULL,NULL,0,'2018-02-13 11:58:49'),(485,'Leaf Cell Shape Upper Cell Broad',966,967,NULL,NULL,NULL,0,0,1,'2018-02-13 11:58:49'),(486,'Leaf Cell Shape Upper Cell Linear',968,969,NULL,NULL,NULL,0,0,1,'2018-02-13 11:58:49'),(487,'Leaf Cell Shape Upper Cell Rectangular',970,971,NULL,NULL,NULL,0,0,1,'2018-02-13 11:58:49'),(488,'Leaf Cell Shape Upper Cell Sinuose',972,973,NULL,NULL,NULL,0,0,0,'2018-02-13 11:58:49'),(489,'Leaf Cell Shape Upper Cell Square',974,975,NULL,NULL,NULL,0,0,1,'2018-02-13 11:58:49'),(490,'Leaf Cell Shape Upper Cell Shape',977,982,NULL,NULL,NULL,NULL,NULL,0,'2018-02-13 11:58:49'),(491,'Leaf Cell Shape Upper Cell Shape Narrowly Rhomboidal',978,979,NULL,NULL,NULL,0,0,1,'2018-02-13 11:58:49'),(492,'Leaf Cell Shape Upper Cell Shape Oblong-Rhomboidal',980,981,NULL,NULL,NULL,0,0,1,'2018-02-13 11:58:49'),(493,'Leaf Cell Size',984,1039,NULL,NULL,NULL,NULL,NULL,0,'2018-02-13 11:58:49'),(494,'Leaf Cell Size Apical Cell Length',985,992,NULL,NULL,NULL,NULL,NULL,0,'2018-02-13 11:58:49'),(495,'Leaf Cell Size Apical Cell Length Apical Cell Length About Median Cell Length',986,987,NULL,NULL,NULL,0,0,1,'2018-02-13 11:58:49'),(496,'Leaf Cell Size Apical Cell Length Greater Than Medial Median Cell Length',988,989,NULL,NULL,NULL,0,0,1,'2018-02-13 11:58:49'),(497,'Leaf Cell Size Apical Cell Length Long',990,991,NULL,NULL,NULL,0,0,1,'2018-02-13 11:58:49'),(498,'Leaf Cell Size Median Cell Length',993,1032,NULL,NULL,NULL,NULL,NULL,0,'2018-02-13 11:58:49'),(499,'Leaf Cell Size Median Cell Length 10 To 13 Microns',994,995,NULL,NULL,NULL,0,0,1,'2018-02-13 11:58:49'),(500,'Leaf Cell Size Median Cell Length 15 To 20 Microns',996,997,NULL,NULL,NULL,0,0,1,'2018-02-13 11:58:49'),(501,'Leaf Cell Size Median Cell Length About Eight To One',998,999,NULL,NULL,NULL,0,0,1,'2018-02-13 11:58:49'),(502,'Leaf Cell Size Median Cell Length About Four To One',1000,1001,NULL,NULL,NULL,0,0,1,'2018-02-13 11:58:49'),(503,'Leaf Cell Size Median Cell Length About Three To One',1002,1003,NULL,NULL,NULL,0,0,1,'2018-02-13 11:58:49'),(504,'Leaf Cell Size Median Cell Length Cell Length Intermediate',1004,1005,NULL,NULL,NULL,0,0,1,'2018-02-13 11:58:49'),(505,'Leaf Cell Size Median Cell Length Greater Than 15 Microns',1006,1007,NULL,NULL,NULL,0,1,1,'2018-02-13 11:58:49'),(506,'Leaf Cell Size Median Cell Length Greater Than Eight To One',1008,1009,NULL,NULL,NULL,0,0,1,'2018-02-13 11:58:49'),(507,'Leaf Cell Size Median Cell Length Greater Than Five To One',1010,1011,NULL,NULL,NULL,0,0,1,'2018-02-13 11:58:49'),(508,'Leaf Cell Size Median Cell Length Greater Than Four But Less Than Seven To One',1012,1013,NULL,NULL,NULL,0,0,1,'2018-02-13 11:58:49'),(509,'Leaf Cell Size Median Cell Length Greater Than Four To One',1014,1015,NULL,NULL,NULL,0,0,1,'2018-02-13 11:58:49'),(510,'Leaf Cell Size Median Cell Length Greater Than Three But Less Than Eight To One',1016,1017,NULL,NULL,NULL,0,0,1,'2018-02-13 11:58:49'),(511,'Leaf Cell Size Median Cell Length Greater Than Three But Less Than Four To One',1018,1019,NULL,NULL,NULL,0,0,1,'2018-02-13 11:58:49'),(512,'Leaf Cell Size Median Cell Length Greater Than Two But Less Than Five To One',1020,1021,NULL,NULL,NULL,0,0,1,'2018-02-13 11:58:49'),(513,'Leaf Cell Size Median Cell Length Greater Than Two To One',1022,1023,NULL,NULL,NULL,0,0,1,'2018-02-13 11:58:49'),(514,'Leaf Cell Size Median Cell Length Greter Than Three To One',1024,1025,NULL,NULL,NULL,0,0,1,'2018-02-13 11:58:49'),(515,'Leaf Cell Size Median Cell Length Less Than Two To One',1026,1027,NULL,NULL,NULL,0,0,1,'2018-02-13 11:58:49'),(516,'Leaf Cell Size Median Cell Length Long',1028,1029,NULL,NULL,NULL,0,0,1,'2018-02-13 11:58:49'),(517,'Leaf Cell Size Median Cell Length Short',1030,1031,NULL,NULL,NULL,0,0,1,'2018-02-13 11:58:49'),(518,'Leaf Cell Size Upper Cell Length',1033,1038,NULL,NULL,NULL,NULL,NULL,0,'2018-02-13 11:58:49'),(519,'Leaf Cell Size Upper Cell Length Cell Length Short',1034,1035,NULL,NULL,NULL,0,0,1,'2018-02-13 11:58:49'),(520,'Leaf Cell Size Upper Cell Length Greater Than Five To One',1036,1037,NULL,NULL,NULL,0,0,1,'2018-02-13 11:58:49'),(521,'Leaf Cell Size/Shape',1040,1047,NULL,NULL,NULL,NULL,NULL,0,'2018-02-13 11:58:49'),(522,'Leaf Cell Size/Shape Intramarginal Cell Shape',1041,1046,NULL,NULL,NULL,NULL,NULL,0,'2018-02-13 11:58:49'),(523,'Leaf Cell Size/Shape Intramarginal Cell Shape Cell Long',1042,1043,NULL,NULL,NULL,0,0,1,'2018-02-13 11:58:49'),(524,'Leaf Cell Size/Shape Intramarginal Cell Shape Cell Narrow',1044,1045,NULL,NULL,NULL,0,0,1,'2018-02-13 11:58:49'),(525,'Leaf Cell Surface',1048,1241,NULL,NULL,NULL,NULL,NULL,0,'2018-02-13 11:58:49'),(526,'Leaf Cell Surface Cilia',1049,1056,NULL,NULL,NULL,NULL,NULL,0,'2018-02-13 11:58:49'),(527,'Leaf Cell Surface Cilia At Leaf Apex',1050,1051,NULL,NULL,NULL,0,1,1,'2018-02-13 11:58:49'),(528,'Leaf Cell Surface Cilia At Leaf Base',1052,1053,NULL,NULL,NULL,0,1,1,'2018-02-13 11:58:49'),(529,'Leaf Cell Surface Cilia At Leaf Shoulder',1054,1055,NULL,NULL,NULL,0,1,1,'2018-02-13 11:58:49'),(530,'Leaf Cell Surface Configuration',1057,1074,NULL,NULL,NULL,NULL,NULL,0,'2018-02-13 11:58:49'),(531,'Leaf Cell Surface Configuration Bulging',1058,1059,NULL,NULL,NULL,0,1,1,'2018-02-13 11:58:49'),(532,'Leaf Cell Surface Configuration Channelled',1060,1061,NULL,NULL,NULL,0,1,1,'2018-02-13 11:58:49'),(533,'Leaf Cell Surface Configuration Channelled At Costa',1062,1063,NULL,NULL,NULL,0,1,1,'2018-02-13 11:58:49'),(534,'Leaf Cell Surface Configuration Ornamented',1064,1065,NULL,NULL,NULL,0,1,1,'2018-02-13 11:58:49'),(535,'Leaf Cell Surface Configuration Projections Indistinct',1066,1067,NULL,NULL,NULL,0,0,0,'2018-02-13 11:58:49'),(536,'Leaf Cell Surface Configuration Smooth',1068,1069,NULL,NULL,NULL,1,1,1,'2018-02-13 11:58:49'),(537,'Leaf Cell Surface Configuration Upper Side Flat',1070,1071,NULL,NULL,NULL,1,1,0,'2018-02-13 11:58:49'),(538,'Leaf Cell Surface Configuration With Projections',1072,1073,NULL,NULL,NULL,0,1,1,'2018-02-13 11:58:49'),(539,'Leaf Cell Surface Filaments',1075,1094,NULL,NULL,NULL,NULL,NULL,0,'2018-02-13 11:58:49'),(540,'Leaf Cell Surface Filaments Filaments Covered By Inrolled Leaf Margin',1076,1077,NULL,NULL,NULL,0,0,1,'2018-02-13 11:58:49'),(541,'Leaf Cell Surface Filaments Filaments On  Costa',1078,1079,NULL,NULL,NULL,0,1,1,'2018-02-13 11:58:49'),(542,'Leaf Cell Surface Filaments Filaments On Lamina',1080,1081,NULL,NULL,NULL,0,1,1,'2018-02-13 11:58:49'),(543,'Leaf Cell Surface Filaments Filaments On Narrow Costa',1082,1083,NULL,NULL,NULL,0,1,1,'2018-02-13 11:58:49'),(544,'Leaf Cell Surface Filaments Leaf Filaments Branched',1084,1085,NULL,NULL,NULL,0,0,1,'2018-02-13 11:58:49'),(545,'Leaf Cell Surface Filaments Leaf Filaments Green',1086,1087,NULL,NULL,NULL,0,0,1,'2018-02-13 11:58:49'),(546,'Leaf Cell Surface Filaments Leaf With Filaments',1088,1089,NULL,NULL,NULL,0,0,1,'2018-02-13 11:58:49'),(547,'Leaf Cell Surface Filaments Leaf With Filaments On The Upper End Of Costa',1090,1091,NULL,NULL,NULL,0,1,1,'2018-02-13 11:58:49'),(548,'Leaf Cell Surface Filaments Leaf With Fine, White Threadlike Filaments In A Cobwebby Weft',1092,1093,NULL,NULL,NULL,0,1,1,'2018-02-13 11:58:49'),(549,'Leaf Cell Surface Lamellae/Ridges',1095,1142,NULL,NULL,NULL,NULL,NULL,0,'2018-02-13 11:58:49'),(550,'Leaf Cell Surface Lamellae/Ridges Cuticular Ridges Strong (More Than Times  Cell Length)',1096,1097,NULL,NULL,NULL,0,0,1,'2018-02-13 11:58:49'),(551,'Leaf Cell Surface Lamellae/Ridges Cuticular Ridges Weak (One To Two Times Cell Length)',1098,1099,NULL,NULL,NULL,0,0,1,'2018-02-13 11:58:49'),(552,'Leaf Cell Surface Lamellae/Ridges Green Sheet-Like Lamellae',1100,1101,NULL,NULL,NULL,0,0,1,'2018-02-13 11:58:49'),(553,'Leaf Cell Surface Lamellae/Ridges Lamellae Crowded',1102,1103,NULL,NULL,NULL,0,0,1,'2018-02-13 11:58:49'),(554,'Leaf Cell Surface Lamellae/Ridges Lamellae Five To Fifteen On Costa',1104,1105,NULL,NULL,NULL,0,0,1,'2018-02-13 11:58:49'),(555,'Leaf Cell Surface Lamellae/Ridges Lamellae Four To Nine On Costa',1106,1107,NULL,NULL,NULL,0,0,1,'2018-02-13 11:58:49'),(556,'Leaf Cell Surface Lamellae/Ridges Lamellae More Than 20 On Costa',1108,1109,NULL,NULL,NULL,0,0,1,'2018-02-13 11:58:49'),(557,'Leaf Cell Surface Lamellae/Ridges Lamellae On Both Leaf Surfaces',1110,1111,NULL,NULL,NULL,0,1,1,'2018-02-13 11:58:49'),(558,'Leaf Cell Surface Lamellae/Ridges Lamellae On Upper Ends Of Costa',1112,1113,NULL,NULL,NULL,0,0,1,'2018-02-13 11:58:49'),(559,'Leaf Cell Surface Lamellae/Ridges Lamellae On Upper Leaf Surface',1114,1115,NULL,NULL,NULL,0,1,1,'2018-02-13 11:58:49'),(560,'Leaf Cell Surface Lamellae/Ridges Lamellae Two To Eight On Costa',1116,1117,NULL,NULL,NULL,0,0,1,'2018-02-13 11:58:49'),(561,'Leaf Cell Surface Lamellae/Ridges Lamellae Two To Four On Costa',1118,1119,NULL,NULL,NULL,0,0,1,'2018-02-13 11:58:49'),(562,'Leaf Cell Surface Lamellae/Ridges Lamellar Apical Cell Elliptic-Pyriform',1120,1121,NULL,NULL,NULL,0,0,1,'2018-02-13 11:58:49'),(563,'Leaf Cell Surface Lamellae/Ridges Lamellar Apical Cell Papillose',1122,1123,NULL,NULL,NULL,0,0,1,'2018-02-13 11:58:49'),(564,'Leaf Cell Surface Lamellae/Ridges Lamellar Apical Cell Ridged',1124,1125,NULL,NULL,NULL,0,0,1,'2018-02-13 11:58:49'),(565,'Leaf Cell Surface Lamellae/Ridges Lamellar Apical Cell Rounded',1126,1127,NULL,NULL,NULL,0,0,1,'2018-02-13 11:58:49'),(566,'Leaf Cell Surface Lamellae/Ridges Lamellar Apical Cell Smooth',1128,1129,NULL,NULL,NULL,0,0,1,'2018-02-13 11:58:49'),(567,'Leaf Cell Surface Lamellae/Ridges Leaf Cell With Cuticular Ridges',1130,1131,NULL,NULL,NULL,0,0,1,'2018-02-13 11:58:49'),(568,'Leaf Cell Surface Lamellae/Ridges Leaf With Lamella',1132,1133,NULL,NULL,NULL,0,1,1,'2018-02-13 11:58:49'),(569,'Leaf Cell Surface Lamellae/Ridges Ridge-Like Lamellae On Dorsal Side Of Costa',1134,1135,NULL,NULL,NULL,0,0,1,'2018-02-13 11:58:49'),(570,'Leaf Cell Surface Lamellae/Ridges Ridge-Like Lamellae On Upper Surface Of Costa',1136,1137,NULL,NULL,NULL,0,0,1,'2018-02-13 11:58:49'),(571,'Leaf Cell Surface Lamellae/Ridges With Cuticular Ridges',1138,1139,NULL,NULL,NULL,0,1,1,'2018-02-13 11:58:49'),(572,'Leaf Cell Surface Lamellae/Ridges With Longitudinal Lamellae',1140,1141,NULL,NULL,NULL,0,0,1,'2018-02-13 11:58:49'),(573,'Leaf Cell Surface Papillae',1143,1170,NULL,NULL,NULL,NULL,NULL,0,'2018-02-13 11:58:49'),(574,'Leaf Cell Surface Papillae Apical Cell With Large Papillae',1144,1145,NULL,NULL,NULL,0,0,1,'2018-02-13 11:58:49'),(575,'Leaf Cell Surface Papillae Apical Cell With Projecting Papillae',1146,1147,NULL,NULL,NULL,0,0,1,'2018-02-13 11:58:49'),(576,'Leaf Cell Surface Papillae Coarsely Papillose',1148,1149,NULL,NULL,NULL,0,0,1,'2018-02-13 11:58:49'),(577,'Leaf Cell Surface Papillae Indistinctly Papillose',1150,1151,NULL,NULL,NULL,0,0,0,'2018-02-13 11:58:49'),(578,'Leaf Cell Surface Papillae Lamina Cell Papillose',1152,1153,NULL,NULL,NULL,0,0,1,'2018-02-13 11:58:49'),(579,'Leaf Cell Surface Papillae Marginal Cell Less Papillose Than Laminal Cell',1154,1155,NULL,NULL,NULL,0,0,1,'2018-02-13 11:58:49'),(580,'Leaf Cell Surface Papillae Papilla Over Cell Lumen',1156,1157,NULL,NULL,NULL,0,0,1,'2018-02-13 11:58:49'),(581,'Leaf Cell Surface Papillae Papillae Crowded',1158,1159,NULL,NULL,NULL,0,0,1,'2018-02-13 11:58:49'),(582,'Leaf Cell Surface Papillae Papillae In Single Row',1160,1161,NULL,NULL,NULL,0,0,1,'2018-02-13 11:58:49'),(583,'Leaf Cell Surface Papillae Papillae Scattered',1162,1163,NULL,NULL,NULL,0,0,1,'2018-02-13 11:58:49'),(584,'Leaf Cell Surface Papillae Pleuripapillose',1164,1165,NULL,NULL,NULL,0,0,1,'2018-02-13 11:58:49'),(585,'Leaf Cell Surface Papillae Present',1166,1167,NULL,NULL,NULL,0,0,1,'2018-02-13 11:58:49'),(586,'Leaf Cell Surface Papillae Unipapillose On Both Surfaces',1168,1169,NULL,NULL,NULL,0,0,1,'2018-02-13 11:58:49'),(587,'Leaf Cell Surface Papillae Number',1171,1182,NULL,NULL,NULL,NULL,NULL,0,'2018-02-13 11:58:49'),(588,'Leaf Cell Surface Papillae Number Both Leaf Surface Papillae Single',1172,1173,NULL,NULL,NULL,0,0,1,'2018-02-13 11:58:49'),(589,'Leaf Cell Surface Papillae Number Branch Leaf Cell Papillae Single',1174,1175,NULL,NULL,NULL,0,0,1,'2018-02-13 11:58:49'),(590,'Leaf Cell Surface Papillae Number Papillae Four To Seven',1176,1177,NULL,NULL,NULL,0,0,1,'2018-02-13 11:58:49'),(591,'Leaf Cell Surface Papillae Number Papillae One To Four',1178,1179,NULL,NULL,NULL,0,0,1,'2018-02-13 11:58:49'),(592,'Leaf Cell Surface Papillae Number Papillae Single',1180,1181,NULL,NULL,NULL,0,0,1,'2018-02-13 11:58:49'),(593,'Leaf Cell Surface Papillae Shape',1183,1222,NULL,NULL,NULL,NULL,NULL,0,'2018-02-13 11:58:49'),(594,'Leaf Cell Surface Papillae Shape Bifid',1184,1185,NULL,NULL,NULL,0,0,1,'2018-02-13 11:58:49'),(595,'Leaf Cell Surface Papillae Shape Conical',1186,1187,NULL,NULL,NULL,0,0,1,'2018-02-13 11:58:49'),(596,'Leaf Cell Surface Papillae Shape Curved',1188,1189,NULL,NULL,NULL,0,0,1,'2018-02-13 11:58:49'),(597,'Leaf Cell Surface Papillae Shape Cuticular',1190,1191,NULL,NULL,NULL,0,0,0,'2018-02-13 11:58:49'),(598,'Leaf Cell Surface Papillae Shape Dimple',1192,1193,NULL,NULL,NULL,0,0,1,'2018-02-13 11:58:49'),(599,'Leaf Cell Surface Papillae Shape Elongate',1194,1195,NULL,NULL,NULL,0,0,1,'2018-02-13 11:58:49'),(600,'Leaf Cell Surface Papillae Shape Forked',1196,1197,NULL,NULL,NULL,0,0,1,'2018-02-13 11:58:49'),(601,'Leaf Cell Surface Papillae Shape Leaf Laminal Cell Pleuripapillose',1198,1199,NULL,NULL,NULL,0,0,1,'2018-02-13 11:58:49'),(602,'Leaf Cell Surface Papillae Shape Leaf Upper Cell Pleuripapillose',1200,1201,NULL,NULL,NULL,0,0,1,'2018-02-13 11:58:49'),(603,'Leaf Cell Surface Papillae Shape Low',1202,1203,NULL,NULL,NULL,0,0,1,'2018-02-13 11:58:49'),(604,'Leaf Cell Surface Papillae Shape Mammillose [Bulging And Papillose]',1204,1205,NULL,NULL,NULL,0,0,1,'2018-02-13 11:58:49'),(605,'Leaf Cell Surface Papillae Shape Minutely Pleuripapillose',1206,1207,NULL,NULL,NULL,0,0,1,'2018-02-13 11:58:49'),(606,'Leaf Cell Surface Papillae Shape Pleuripapillose (C Shaped)',1208,1209,NULL,NULL,NULL,0,0,1,'2018-02-13 11:58:49'),(607,'Leaf Cell Surface Papillae Shape Pleuripapillose On Back (Abaxial) Side Only',1210,1211,NULL,NULL,NULL,0,0,1,'2018-02-13 11:58:49'),(608,'Leaf Cell Surface Papillae Shape Pleuripapillose On Both Sides',1212,1213,NULL,NULL,NULL,0,0,1,'2018-02-13 11:58:49'),(609,'Leaf Cell Surface Papillae Shape Short',1214,1215,NULL,NULL,NULL,0,0,1,'2018-02-13 11:58:49'),(610,'Leaf Cell Surface Papillae Shape Simple',1216,1217,NULL,NULL,NULL,0,0,1,'2018-02-13 11:58:49'),(611,'Leaf Cell Surface Papillae Shape Stellate',1218,1219,NULL,NULL,NULL,0,0,1,'2018-02-13 11:58:49'),(612,'Leaf Cell Surface Papillae Shape With Very Thick Walls',1220,1221,NULL,NULL,NULL,0,0,1,'2018-02-13 11:58:49'),(613,'Leaf Cell Surface Prorate/Prorulose',1223,1234,NULL,NULL,NULL,NULL,NULL,0,'2018-02-13 11:58:49'),(614,'Leaf Cell Surface Prorate/Prorulose Minutely Prorulose',1224,1225,NULL,NULL,NULL,0,0,1,'2018-02-13 11:58:49'),(615,'Leaf Cell Surface Prorate/Prorulose Prorate',1226,1227,NULL,NULL,NULL,0,0,0,'2018-02-13 11:58:49'),(616,'Leaf Cell Surface Prorate/Prorulose Prorulose',1228,1229,NULL,NULL,NULL,0,0,1,'2018-02-13 11:58:49'),(617,'Leaf Cell Surface Prorate/Prorulose Prorulose On Back (Abaxial) Side Only',1230,1231,NULL,NULL,NULL,0,0,0,'2018-02-13 11:58:49'),(618,'Leaf Cell Surface Prorate/Prorulose Upper Leaf Cell Prorulose',1232,1233,NULL,NULL,NULL,0,0,1,'2018-02-13 11:58:49'),(619,'Leaf Cell Surface Rugose',1235,1240,NULL,NULL,NULL,NULL,NULL,0,'2018-02-13 11:58:49'),(620,'Leaf Cell Surface Rugose Rugose Or Undulate',1236,1237,NULL,NULL,NULL,0,0,1,'2018-02-13 11:58:49'),(621,'Leaf Cell Surface Rugose Stem Leaf Cells Rugose At Acumen Base',1238,1239,NULL,NULL,NULL,0,0,1,'2018-02-13 11:58:49'),(622,'Leaf Cell Walls',1242,1289,NULL,NULL,NULL,NULL,NULL,0,'2018-02-13 11:58:49'),(623,'Leaf Cell Walls Alar Cells',1243,1250,NULL,NULL,NULL,NULL,NULL,0,'2018-02-13 11:58:49'),(624,'Leaf Cell Walls Alar Cells Nodulose',1244,1245,NULL,NULL,NULL,0,0,1,'2018-02-13 11:58:49'),(625,'Leaf Cell Walls Alar Cells Porose',1246,1247,NULL,NULL,NULL,0,0,1,'2018-02-13 11:58:49'),(626,'Leaf Cell Walls Alar Cells Thick',1248,1249,NULL,NULL,NULL,0,0,1,'2018-02-13 11:58:49'),(627,'Leaf Cell Walls Basal Cells',1251,1260,NULL,NULL,NULL,NULL,NULL,0,'2018-02-13 11:58:49'),(628,'Leaf Cell Walls Basal Cells Marginal Cells With Thickened Cross-Walls',1252,1253,NULL,NULL,NULL,0,0,1,'2018-02-13 11:58:49'),(629,'Leaf Cell Walls Basal Cells Thin',1254,1255,NULL,NULL,NULL,0,0,1,'2018-02-13 11:58:49'),(630,'Leaf Cell Walls Basal Cells With Brown Cross Walls',1256,1257,NULL,NULL,NULL,0,0,1,'2018-02-13 11:58:49'),(631,'Leaf Cell Walls Basal Cells With Thickened Cross Walls',1258,1259,NULL,NULL,NULL,0,0,1,'2018-02-13 11:58:49'),(632,'Leaf Cell Walls Median Cell Mid Surface',1261,1266,NULL,NULL,NULL,NULL,NULL,0,'2018-02-13 11:58:49'),(633,'Leaf Cell Walls Median Cell Mid Surface Rounded',1262,1263,NULL,NULL,NULL,0,0,1,'2018-02-13 11:58:49'),(634,'Leaf Cell Walls Median Cell Mid Surface Stellate',1264,1265,NULL,NULL,NULL,0,0,1,'2018-02-13 11:58:49'),(635,'Leaf Cell Walls Median Cells',1267,1284,NULL,NULL,NULL,NULL,NULL,0,'2018-02-13 11:58:49'),(636,'Leaf Cell Walls Median Cells Collenchymatous',1268,1269,NULL,NULL,NULL,0,0,1,'2018-02-13 11:58:49'),(637,'Leaf Cell Walls Median Cells Irregularly Thickened',1270,1271,NULL,NULL,NULL,0,0,1,'2018-02-13 11:58:49'),(638,'Leaf Cell Walls Median Cells Leaf Hyaline Cell Walls Thin',1272,1273,NULL,NULL,NULL,0,0,1,'2018-02-13 11:58:49'),(639,'Leaf Cell Walls Median Cells Nodulose',1274,1275,NULL,NULL,NULL,0,0,1,'2018-02-13 11:58:49'),(640,'Leaf Cell Walls Median Cells Sinuose',1276,1277,NULL,NULL,NULL,0,0,1,'2018-02-13 11:58:49'),(641,'Leaf Cell Walls Median Cells Strongly Pitted',1278,1279,NULL,NULL,NULL,0,0,1,'2018-02-13 11:58:49'),(642,'Leaf Cell Walls Median Cells Thick',1280,1281,NULL,NULL,NULL,0,0,1,'2018-02-13 11:58:49'),(643,'Leaf Cell Walls Median Cells Uniform',1282,1283,NULL,NULL,NULL,0,0,1,'2018-02-13 11:58:49'),(644,'Leaf Cell Walls Upper Leaf Cells',1285,1288,NULL,NULL,NULL,NULL,NULL,0,'2018-02-13 11:58:49'),(645,'Leaf Cell Walls Upper Leaf Cells Thick',1286,1287,NULL,NULL,NULL,0,0,0,'2018-02-13 11:58:49'),(646,'Leaf Curves/Twists',1290,1335,NULL,NULL,NULL,NULL,NULL,0,'2018-02-13 11:58:49'),(647,'Leaf Curves/Twists Leaf Base',1291,1294,NULL,NULL,NULL,NULL,NULL,0,'2018-02-13 11:58:49'),(648,'Leaf Curves/Twists Leaf Base Distinctly Incurved',1292,1293,NULL,NULL,NULL,0,1,1,'2018-02-13 11:58:49'),(649,'Leaf Curves/Twists Whole Leaf',1295,1334,NULL,NULL,NULL,NULL,NULL,0,'2018-02-13 11:58:49'),(650,'Leaf Curves/Twists Whole Leaf Recurved',1296,1297,NULL,NULL,NULL,1,1,0,'2018-02-13 11:58:49'),(651,'Leaf Curves/Twists Whole Leaf Rounded',1298,1299,NULL,NULL,NULL,1,1,0,'2018-02-13 11:58:49'),(652,'Leaf Curves/Twists Whole Leaf Rounded-Obtuse',1300,1301,NULL,NULL,NULL,1,1,0,'2018-02-13 11:58:49'),(653,'Leaf Curves/Twists Whole Leaf Secund',1302,1303,NULL,NULL,NULL,1,1,0,'2018-02-13 11:58:49'),(654,'Leaf Curves/Twists Whole Leaf Setaceous',1304,1305,NULL,NULL,NULL,1,1,0,'2018-02-13 11:58:49'),(655,'Leaf Curves/Twists Whole Leaf Slightly Secund At Tips',1306,1307,NULL,NULL,NULL,1,1,0,'2018-02-13 11:58:49'),(656,'Leaf Curves/Twists Whole Leaf Spathulate',1308,1309,NULL,NULL,NULL,1,1,0,'2018-02-13 11:58:49'),(657,'Leaf Curves/Twists Whole Leaf Spirally Revolute',1310,1311,NULL,NULL,NULL,1,1,0,'2018-02-13 11:58:49'),(658,'Leaf Curves/Twists Whole Leaf Spreading When Wet',1312,1313,NULL,NULL,NULL,1,1,0,'2018-02-13 11:58:49'),(659,'Leaf Curves/Twists Whole Leaf Squarrose',1314,1315,NULL,NULL,NULL,1,1,0,'2018-02-13 11:58:49'),(660,'Leaf Curves/Twists Whole Leaf Squarrose When Wet',1316,1317,NULL,NULL,NULL,1,1,0,'2018-02-13 11:58:49'),(661,'Leaf Curves/Twists Whole Leaf Squarrose-Recurved',1318,1319,NULL,NULL,NULL,1,1,0,'2018-02-13 11:58:49'),(662,'Leaf Curves/Twists Whole Leaf Squarrose-Recurved When Wet',1320,1321,NULL,NULL,NULL,1,1,0,'2018-02-13 11:58:49'),(663,'Leaf Curves/Twists Whole Leaf Squarrose-Recurved When Dry',1322,1323,NULL,NULL,NULL,1,1,0,'2018-02-13 11:58:49'),(664,'Leaf Curves/Twists Whole Leaf Straight',1324,1325,NULL,NULL,NULL,1,1,0,'2018-02-13 11:58:49'),(665,'Leaf Curves/Twists Whole Leaf Striate',1326,1327,NULL,NULL,NULL,1,1,0,'2018-02-13 11:58:49'),(666,'Leaf Curves/Twists Whole Leaf Subtubulose',1328,1329,NULL,NULL,NULL,1,1,0,'2018-02-13 11:58:49'),(667,'Leaf Curves/Twists Whole Leaf Subtubulose When Dry',1330,1331,NULL,NULL,NULL,1,1,0,'2018-02-13 11:58:49'),(668,'Leaf Curves/Twists Whole Leaf Subulate',1332,1333,NULL,NULL,NULL,1,1,0,'2018-02-13 11:58:49'),(669,'Leaf Margin',1336,1539,NULL,NULL,NULL,NULL,NULL,0,'2018-02-13 11:58:49'),(670,'Leaf Margin Apex',1337,1346,NULL,NULL,NULL,NULL,NULL,0,'2018-02-13 11:58:49'),(671,'Leaf Margin Apex Erect',1338,1339,NULL,NULL,NULL,0,1,1,'2018-02-13 11:58:49'),(672,'Leaf Margin Apex Incurved',1340,1341,NULL,NULL,NULL,0,1,1,'2018-02-13 11:58:49'),(673,'Leaf Margin Apex Recurved',1342,1343,NULL,NULL,NULL,1,1,0,'2018-02-13 11:58:49'),(674,'Leaf Margin Apex Spirally Inrolled',1344,1345,NULL,NULL,NULL,0,1,1,'2018-02-13 11:58:49'),(675,'Leaf Margin Border',1347,1390,NULL,NULL,NULL,NULL,NULL,0,'2018-02-13 11:58:49'),(676,'Leaf Margin Border Absent',1348,1349,NULL,NULL,NULL,0,0,1,'2018-02-13 11:58:49'),(677,'Leaf Margin Border Absent Above',1350,1351,NULL,NULL,NULL,0,0,1,'2018-02-13 11:58:49'),(678,'Leaf Margin Border Absent Except At Apex',1352,1353,NULL,NULL,NULL,0,0,1,'2018-02-13 11:58:49'),(679,'Leaf Margin Border Basal Border Cells Pellucid',1354,1355,NULL,NULL,NULL,0,1,1,'2018-02-13 11:58:49'),(680,'Leaf Margin Border Border Cell Enlarged',1356,1357,NULL,NULL,NULL,0,0,1,'2018-02-13 11:58:49'),(681,'Leaf Margin Border Border Cell Long',1358,1359,NULL,NULL,NULL,0,0,1,'2018-02-13 11:58:49'),(682,'Leaf Margin Border Border Cell Orange',1360,1361,NULL,NULL,NULL,0,1,1,'2018-02-13 11:58:49'),(683,'Leaf Margin Border Border Cell Short',1362,1363,NULL,NULL,NULL,0,0,1,'2018-02-13 11:58:49'),(684,'Leaf Margin Border Border Cell Thick Walled',1364,1365,NULL,NULL,NULL,0,0,1,'2018-02-13 11:58:49'),(685,'Leaf Margin Border Border Extends To Near Apex',1366,1367,NULL,NULL,NULL,0,0,1,'2018-02-13 11:58:49'),(686,'Leaf Margin Border Border Extends To Near Mid-Leaf',1368,1369,NULL,NULL,NULL,0,0,1,'2018-02-13 11:58:49'),(687,'Leaf Margin Border Border Intra-Marginal',1370,1371,NULL,NULL,NULL,0,0,1,'2018-02-13 11:58:49'),(688,'Leaf Margin Border Leaf Border Cell Isodiametric',1372,1373,NULL,NULL,NULL,0,0,1,'2018-02-13 11:58:49'),(689,'Leaf Margin Border Of Cancellinae',1374,1375,NULL,NULL,NULL,0,0,1,'2018-02-13 11:58:49'),(690,'Leaf Margin Border Of Diagonally Oriented Cells',1376,1377,NULL,NULL,NULL,0,0,1,'2018-02-13 11:58:49'),(691,'Leaf Margin Border Of Elongate Cell Length',1378,1379,NULL,NULL,NULL,0,0,1,'2018-02-13 11:58:49'),(692,'Leaf Margin Border Of Long Cell Length',1380,1381,NULL,NULL,NULL,0,0,1,'2018-02-13 11:58:49'),(693,'Leaf Margin Border Of Narrow Cell Length',1382,1383,NULL,NULL,NULL,0,0,1,'2018-02-13 11:58:49'),(694,'Leaf Margin Border Of Short Cell Length',1384,1385,NULL,NULL,NULL,0,0,1,'2018-02-13 11:58:49'),(695,'Leaf Margin Border Present',1386,1387,NULL,NULL,NULL,0,1,1,'2018-02-13 11:58:49'),(696,'Leaf Margin Border With Cilia',1388,1389,NULL,NULL,NULL,0,1,1,'2018-02-13 11:58:49'),(697,'Leaf Margin Cell Ornamentation',1391,1402,NULL,NULL,NULL,NULL,NULL,0,'2018-02-13 11:58:49'),(698,'Leaf Margin Cell Ornamentation Cells Thick-Walled',1392,1393,NULL,NULL,NULL,0,0,1,'2018-02-13 11:58:49'),(699,'Leaf Margin Cell Ornamentation Cells Thin-Walled',1394,1395,NULL,NULL,NULL,0,0,1,'2018-02-13 11:58:49'),(700,'Leaf Margin Cell Ornamentation Papillose-Crenulate Margin',1396,1397,NULL,NULL,NULL,0,0,1,'2018-02-13 11:58:49'),(701,'Leaf Margin Cell Ornamentation Projecting Papilla',1398,1399,NULL,NULL,NULL,0,0,1,'2018-02-13 11:58:49'),(702,'Leaf Margin Cell Ornamentation Smooth',1400,1401,NULL,NULL,NULL,0,0,1,'2018-02-13 11:58:49'),(703,'Leaf Margin Color',1403,1416,NULL,NULL,NULL,NULL,NULL,0,'2018-02-13 11:58:49'),(704,'Leaf Margin Color Darker',1404,1405,NULL,NULL,NULL,1,1,1,'2018-02-13 11:58:49'),(705,'Leaf Margin Color Differs In Color And Opacity From Medial Lamellae',1406,1407,NULL,NULL,NULL,1,1,1,'2018-02-13 11:58:49'),(706,'Leaf Margin Color Green',1408,1409,NULL,NULL,NULL,0,1,1,'2018-02-13 11:58:49'),(707,'Leaf Margin Color Hyaline',1410,1411,NULL,NULL,NULL,1,1,1,'2018-02-13 11:58:49'),(708,'Leaf Margin Color Paler',1412,1413,NULL,NULL,NULL,0,1,1,'2018-02-13 11:58:49'),(709,'Leaf Margin Color Yellowish',1414,1415,NULL,NULL,NULL,1,1,1,'2018-02-13 11:58:49'),(710,'Leaf Margin Layers',1417,1424,NULL,NULL,NULL,NULL,NULL,0,'2018-02-13 11:58:49'),(711,'Leaf Margin Layers Bistratose',1418,1419,NULL,NULL,NULL,0,0,1,'2018-02-13 11:58:49'),(712,'Leaf Margin Layers Three To Five',1420,1421,NULL,NULL,NULL,0,0,1,'2018-02-13 11:58:49'),(713,'Leaf Margin Layers Unistratose',1422,1423,NULL,NULL,NULL,0,0,1,'2018-02-13 11:58:49'),(714,'Leaf Margin Leaf Border Orientation',1425,1470,NULL,NULL,NULL,NULL,NULL,0,'2018-02-13 11:58:49'),(715,'Leaf Margin Leaf Border Orientation Erect When Wet',1426,1427,NULL,NULL,NULL,1,1,1,'2018-02-13 11:58:49'),(716,'Leaf Margin Leaf Border Orientation Incurved',1428,1429,NULL,NULL,NULL,0,0,0,'2018-02-13 11:58:49'),(717,'Leaf Margin Leaf Border Orientation Incurved On One Side Only',1430,1431,NULL,NULL,NULL,0,1,1,'2018-02-13 11:58:49'),(718,'Leaf Margin Leaf Border Orientation Inflexed On One Side',1432,1433,NULL,NULL,NULL,0,1,1,'2018-02-13 11:58:49'),(719,'Leaf Margin Leaf Border Orientation Infolded',1434,1435,NULL,NULL,NULL,0,1,1,'2018-02-13 11:58:49'),(720,'Leaf Margin Leaf Border Orientation Inrolled',1436,1437,NULL,NULL,NULL,0,1,1,'2018-02-13 11:58:49'),(721,'Leaf Margin Leaf Border Orientation Involute',1438,1439,NULL,NULL,NULL,0,1,1,'2018-02-13 11:58:49'),(722,'Leaf Margin Leaf Border Orientation Involute When Dry',1440,1441,NULL,NULL,NULL,0,1,1,'2018-02-13 11:58:49'),(723,'Leaf Margin Leaf Border Orientation Involute When Wet',1442,1443,NULL,NULL,NULL,0,1,1,'2018-02-13 11:58:49'),(724,'Leaf Margin Leaf Border Orientation Leaves Recurved Below',1444,1445,NULL,NULL,NULL,0,1,1,'2018-02-13 11:58:49'),(725,'Leaf Margin Leaf Border Orientation Margin Revolute',1446,1447,NULL,NULL,NULL,0,1,1,'2018-02-13 11:58:49'),(726,'Leaf Margin Leaf Border Orientation Margin Reflexed',1448,1449,NULL,NULL,NULL,0,1,1,'2018-02-13 11:58:49'),(727,'Leaf Margin Leaf Border Orientation Planar Below',1450,1451,NULL,NULL,NULL,0,1,1,'2018-02-13 11:58:49'),(728,'Leaf Margin Leaf Border Orientation Plane',1452,1453,NULL,NULL,NULL,1,1,1,'2018-02-13 11:58:49'),(729,'Leaf Margin Leaf Border Orientation Plane When Wet',1454,1455,NULL,NULL,NULL,0,1,1,'2018-02-13 11:58:49'),(730,'Leaf Margin Leaf Border Orientation Reflexed',1456,1457,NULL,NULL,NULL,0,1,1,'2018-02-13 11:58:49'),(731,'Leaf Margin Leaf Border Orientation Reflexed Below',1458,1459,NULL,NULL,NULL,0,1,1,'2018-02-13 11:58:49'),(732,'Leaf Margin Leaf Border Orientation Revolute Below',1460,1461,NULL,NULL,NULL,0,1,1,'2018-02-13 11:58:49'),(733,'Leaf Margin Leaf Border Orientation Revolute On One Side Only',1462,1463,NULL,NULL,NULL,0,1,1,'2018-02-13 11:58:49'),(734,'Leaf Margin Leaf Border Orientation Revolute To Near Apex',1464,1465,NULL,NULL,NULL,0,1,1,'2018-02-13 11:58:49'),(735,'Leaf Margin Leaf Border Orientation Spirally Inrolled',1466,1467,NULL,NULL,NULL,0,1,1,'2018-02-13 11:58:49'),(736,'Leaf Margin Leaf Border Orientation Wavy Margin',1468,1469,NULL,NULL,NULL,1,1,1,'2018-02-13 11:58:49'),(737,'Leaf Margin Leaf Margin',1471,1474,NULL,NULL,NULL,NULL,NULL,0,'2018-02-13 11:58:49'),(738,'Leaf Margin Leaf Margin Crenulate',1472,1473,NULL,NULL,NULL,0,1,1,'2018-02-13 11:58:49'),(739,'Leaf Margin Leaf Margin Cell Orientation',1475,1486,NULL,NULL,NULL,NULL,NULL,0,'2018-02-13 11:58:49'),(740,'Leaf Margin Leaf Margin Cell Orientation Leaf Marginal Cell In Single Row',1476,1477,NULL,NULL,NULL,0,0,1,'2018-02-13 11:58:49'),(741,'Leaf Margin Leaf Margin Cell Orientation Leaf Marginal Cell Linear',1478,1479,NULL,NULL,NULL,0,0,1,'2018-02-13 11:58:49'),(742,'Leaf Margin Leaf Margin Cell Orientation Leaf Margins Of Elongated Cells',1480,1481,NULL,NULL,NULL,0,0,1,'2018-02-13 11:58:49'),(743,'Leaf Margin Leaf Margin Cell Orientation Leaf With Intramarginal Band At Base',1482,1483,NULL,NULL,NULL,0,0,1,'2018-02-13 11:58:49'),(744,'Leaf Margin Leaf Margin Cell Orientation Leaf With Intramarginal Border (Differentiated Cell Just Inside Short Marginal Cell)',1484,1485,NULL,NULL,NULL,0,0,1,'2018-02-13 11:58:49'),(745,'Leaf Margin Leaf Tip',1487,1496,NULL,NULL,NULL,NULL,NULL,0,'2018-02-13 11:58:49'),(746,'Leaf Margin Leaf Tip Spex Serrate',1488,1489,NULL,NULL,NULL,0,1,1,'2018-02-13 11:58:49'),(747,'Leaf Margin Leaf Tip With Awns',1490,1491,NULL,NULL,NULL,1,1,0,'2018-02-13 11:58:49'),(748,'Leaf Margin Leaf Tip With Hair-Points',1492,1493,NULL,NULL,NULL,1,1,1,'2018-02-13 11:58:49'),(749,'Leaf Margin Leaf Tip With Hyaline Apices',1494,1495,NULL,NULL,NULL,1,1,1,'2018-02-13 11:58:49'),(750,'Leaf Margin Serrated/Toothed',1497,1538,NULL,NULL,NULL,NULL,NULL,0,'2018-02-13 11:58:49'),(751,'Leaf Margin Serrated/Toothed Alternate Large And Small Teeth',1498,1499,NULL,NULL,NULL,0,1,1,'2018-02-13 11:58:49'),(752,'Leaf Margin Serrated/Toothed Coarsely Serrulate In Upper Third',1500,1501,NULL,NULL,NULL,0,1,1,'2018-02-13 11:58:49'),(753,'Leaf Margin Serrated/Toothed Doubly Serrate Above',1502,1503,NULL,NULL,NULL,0,1,1,'2018-02-13 11:58:49'),(754,'Leaf Margin Serrated/Toothed Leaf Serrate',1504,1505,NULL,NULL,NULL,1,1,1,'2018-02-13 11:58:49'),(755,'Leaf Margin Serrated/Toothed Serrate Above',1506,1507,NULL,NULL,NULL,0,1,1,'2018-02-13 11:58:49'),(756,'Leaf Margin Serrated/Toothed Serrate At Base',1508,1509,NULL,NULL,NULL,0,1,1,'2018-02-13 11:58:49'),(757,'Leaf Margin Serrated/Toothed Serrulate At Apex',1510,1511,NULL,NULL,NULL,0,1,1,'2018-02-13 11:58:49'),(758,'Leaf Margin Serrated/Toothed Serrulate Throughout',1512,1513,NULL,NULL,NULL,0,1,1,'2018-02-13 11:58:49'),(759,'Leaf Margin Serrated/Toothed Sharply Serrate Above',1514,1515,NULL,NULL,NULL,0,1,1,'2018-02-13 11:58:49'),(760,'Leaf Margin Serrated/Toothed Singly Serrate Above',1516,1517,NULL,NULL,NULL,0,1,1,'2018-02-13 11:58:49'),(761,'Leaf Margin Serrated/Toothed Spinose-Dentate',1518,1519,NULL,NULL,NULL,0,1,1,'2018-02-13 11:58:49'),(762,'Leaf Margin Serrated/Toothed Spinulose Above',1520,1521,NULL,NULL,NULL,1,1,1,'2018-02-13 11:58:49'),(763,'Leaf Margin Serrated/Toothed Teeth Long',1522,1523,NULL,NULL,NULL,0,1,1,'2018-02-13 11:58:49'),(764,'Leaf Margin Serrated/Toothed Teeth Paired',1524,1525,NULL,NULL,NULL,0,1,1,'2018-02-13 11:58:49'),(765,'Leaf Margin Serrated/Toothed Teeth Right-Angled',1526,1527,NULL,NULL,NULL,0,1,1,'2018-02-13 11:58:49'),(766,'Leaf Margin Serrated/Toothed Teeth Single',1528,1529,NULL,NULL,NULL,0,1,1,'2018-02-13 11:58:49'),(767,'Leaf Margin Serrated/Toothed Toothed',1530,1531,NULL,NULL,NULL,1,1,1,'2018-02-13 11:58:49'),(768,'Leaf Margin Serrated/Toothed Toothed Above',1532,1533,NULL,NULL,NULL,0,1,1,'2018-02-13 11:58:49'),(769,'Leaf Margin Serrated/Toothed Toothed At Apex',1534,1535,NULL,NULL,NULL,0,1,1,'2018-02-13 11:58:49'),(770,'Leaf Margin Serrated/Toothed Toothed Or Serrate',1536,1537,NULL,NULL,NULL,1,1,1,'2018-02-13 11:58:49'),(771,'Leaf Shape',1540,1737,NULL,NULL,NULL,NULL,NULL,0,'2018-02-13 11:58:49'),(772,'Leaf Shape Apex',1541,1582,NULL,NULL,NULL,NULL,NULL,0,'2018-02-13 11:58:49'),(773,'Leaf Shape Apex Abruptly Acuminate',1542,1543,NULL,NULL,NULL,0,1,1,'2018-02-13 11:58:49'),(774,'Leaf Shape Apex Abruptly Narrowed To Short Acumen',1544,1545,NULL,NULL,NULL,0,1,1,'2018-02-13 11:58:49'),(775,'Leaf Shape Apex Acumen Channeled',1546,1547,NULL,NULL,NULL,0,1,1,'2018-02-13 11:58:49'),(776,'Leaf Shape Apex Acumen Color Pale',1548,1549,NULL,NULL,NULL,0,1,1,'2018-02-13 11:58:49'),(777,'Leaf Shape Apex Apiculate',1550,1551,NULL,NULL,NULL,0,1,1,'2018-02-13 11:58:49'),(778,'Leaf Shape Apex Awn Caducous',1552,1553,NULL,NULL,NULL,0,1,1,'2018-02-13 11:58:49'),(779,'Leaf Shape Apex Bluntly Acute',1554,1555,NULL,NULL,NULL,0,1,1,'2018-02-13 11:58:49'),(780,'Leaf Shape Apex Cell Color Hyaline',1556,1557,NULL,NULL,NULL,0,1,1,'2018-02-13 11:58:49'),(781,'Leaf Shape Apex Hair-Pointed',1558,1559,NULL,NULL,NULL,0,1,1,'2018-02-13 11:58:49'),(782,'Leaf Shape Apex Hhyaline',1560,1561,NULL,NULL,NULL,0,1,1,'2018-02-13 11:58:49'),(783,'Leaf Shape Apex Sith Reflexed Tips',1562,1563,NULL,NULL,NULL,0,1,1,'2018-02-13 11:58:49'),(784,'Leaf Shape Apex Spinulose',1564,1565,NULL,NULL,NULL,0,1,1,'2018-02-13 11:58:49'),(785,'Leaf Shape Apex Subula Roughened Throughout By Cell Ends',1566,1567,NULL,NULL,NULL,0,1,1,'2018-02-13 11:58:49'),(786,'Leaf Shape Apex With Awn',1568,1569,NULL,NULL,NULL,0,1,1,'2018-02-13 11:58:49'),(787,'Leaf Shape Apex With Hair Point',1570,1571,NULL,NULL,NULL,0,1,1,'2018-02-13 11:58:49'),(788,'Leaf Shape Apex With Long Awn',1572,1573,NULL,NULL,NULL,0,1,1,'2018-02-13 11:58:49'),(789,'Leaf Shape Apex With Long Setaceous Point',1574,1575,NULL,NULL,NULL,0,1,1,'2018-02-13 11:58:49'),(790,'Leaf Shape Apex With Reflexed Point',1576,1577,NULL,NULL,NULL,0,1,1,'2018-02-13 11:58:49'),(791,'Leaf Shape Apex With Roughened Subula',1578,1579,NULL,NULL,NULL,0,1,1,'2018-02-13 11:58:49'),(792,'Leaf Shape Apex With Short Awn',1580,1581,NULL,NULL,NULL,0,1,1,'2018-02-13 11:58:49'),(793,'Leaf Shape Leaf Base',1583,1602,NULL,NULL,NULL,NULL,NULL,0,'2018-02-13 11:58:49'),(794,'Leaf Shape Leaf Base Chordate',1584,1585,NULL,NULL,NULL,0,1,1,'2018-02-13 11:58:49'),(795,'Leaf Shape Leaf Base Decurrent',1586,1587,NULL,NULL,NULL,1,0,0,'2018-02-13 11:58:49'),(796,'Leaf Shape Leaf Base Erect',1588,1589,NULL,NULL,NULL,0,1,1,'2018-02-13 11:58:49'),(797,'Leaf Shape Leaf Base Expanded',1590,1591,NULL,NULL,NULL,0,1,1,'2018-02-13 11:58:49'),(798,'Leaf Shape Leaf Base Expanded',1592,1593,NULL,NULL,NULL,0,1,1,'2018-02-13 11:58:49'),(799,'Leaf Shape Leaf Base Fragile',1594,1595,NULL,NULL,NULL,0,1,1,'2018-02-13 11:58:49'),(800,'Leaf Shape Leaf Base Lobed',1596,1597,NULL,NULL,NULL,0,0,1,'2018-02-13 11:58:49'),(801,'Leaf Shape Leaf Base Ovate',1598,1599,NULL,NULL,NULL,0,1,1,'2018-02-13 11:58:49'),(802,'Leaf Shape Leaf Base Sheathing',1600,1601,NULL,NULL,NULL,0,1,1,'2018-02-13 11:58:49'),(803,'Leaf Shape Outline',1603,1704,NULL,NULL,NULL,NULL,NULL,0,'2018-02-13 11:58:49'),(804,'Leaf Shape Outline Abruptly Reflexed',1604,1605,NULL,NULL,NULL,1,1,0,'2018-02-13 11:58:49'),(805,'Leaf Shape Outline Acuminate',1606,1607,NULL,NULL,NULL,1,1,0,'2018-02-13 11:58:49'),(806,'Leaf Shape Outline Appressed When Dry',1608,1609,NULL,NULL,NULL,1,1,0,'2018-02-13 11:58:49'),(807,'Leaf Shape Outline Broad',1610,1611,NULL,NULL,NULL,1,1,0,'2018-02-13 11:58:49'),(808,'Leaf Shape Outline Broader At Base',1612,1613,NULL,NULL,NULL,1,1,0,'2018-02-13 11:58:49'),(809,'Leaf Shape Outline Broader Near Middle',1614,1615,NULL,NULL,NULL,1,1,0,'2018-02-13 11:58:49'),(810,'Leaf Shape Outline Broadly Elliptical',1616,1617,NULL,NULL,NULL,1,1,0,'2018-02-13 11:58:49'),(811,'Leaf Shape Outline Broadly Lingulate',1618,1619,NULL,NULL,NULL,1,1,0,'2018-02-13 11:58:49'),(812,'Leaf Shape Outline Broadly Oblong',1620,1621,NULL,NULL,NULL,1,1,0,'2018-02-13 11:58:49'),(813,'Leaf Shape Outline Broadly Obtuse',1622,1623,NULL,NULL,NULL,1,1,0,'2018-02-13 11:58:49'),(814,'Leaf Shape Outline Broadly Ovate',1624,1625,NULL,NULL,NULL,1,1,0,'2018-02-13 11:58:49'),(815,'Leaf Shape Outline Bulbiform',1626,1627,NULL,NULL,NULL,1,1,0,'2018-02-13 11:58:49'),(816,'Leaf Shape Outline Cleft',1628,1629,NULL,NULL,NULL,1,1,0,'2018-02-13 11:58:49'),(817,'Leaf Shape Outline Concave',1630,1631,NULL,NULL,NULL,1,1,0,'2018-02-13 11:58:49'),(818,'Leaf Shape Outline Concave-Cucullate',1632,1633,NULL,NULL,NULL,1,1,0,'2018-02-13 11:58:49'),(819,'Leaf Shape Outline Confluent',1634,1635,NULL,NULL,NULL,1,1,0,'2018-02-13 11:58:49'),(820,'Leaf Shape Outline Contorted When Dry',1636,1637,NULL,NULL,NULL,1,1,0,'2018-02-13 11:58:49'),(821,'Leaf Shape Outline Cordate',1638,1639,NULL,NULL,NULL,1,1,0,'2018-02-13 11:58:49'),(822,'Leaf Shape Outline Crenulate',1640,1641,NULL,NULL,NULL,1,1,0,'2018-02-13 11:58:49'),(823,'Leaf Shape Outline Crispate',1642,1643,NULL,NULL,NULL,0,0,0,'2018-02-13 11:58:49'),(824,'Leaf Shape Outline Crisped When Dry',1644,1645,NULL,NULL,NULL,1,1,0,'2018-02-13 11:58:49'),(825,'Leaf Shape Outline Cucullate',1646,1647,NULL,NULL,NULL,1,1,0,'2018-02-13 11:58:49'),(826,'Leaf Shape Outline Cuspidate',1648,1649,NULL,NULL,NULL,1,1,0,'2018-02-13 11:58:49'),(827,'Leaf Shape Outline Decurrent',1650,1651,NULL,NULL,NULL,1,1,0,'2018-02-13 11:58:49'),(828,'Leaf Shape Outline Falcate',1652,1653,NULL,NULL,NULL,1,1,0,'2018-02-13 11:58:49'),(829,'Leaf Shape Outline Falcate Below',1654,1655,NULL,NULL,NULL,1,1,0,'2018-02-13 11:58:49'),(830,'Leaf Shape Outline Falcate-Secund',1656,1657,NULL,NULL,NULL,1,1,0,'2018-02-13 11:58:49'),(831,'Leaf Shape Outline Flexuose-Twisted (Dry)',1658,1659,NULL,NULL,NULL,1,1,0,'2018-02-13 11:58:49'),(832,'Leaf Shape Outline Homomallous',1660,1661,NULL,NULL,NULL,1,1,0,'2018-02-13 11:58:49'),(833,'Leaf Shape Outline Imbricate (Dry)',1662,1663,NULL,NULL,NULL,1,1,0,'2018-02-13 11:58:49'),(834,'Leaf Shape Outline Keeled',1664,1665,NULL,NULL,NULL,0,0,0,'2018-02-13 11:58:49'),(835,'Leaf Shape Outline Lanceolate',1666,1667,NULL,NULL,NULL,1,1,0,'2018-02-13 11:58:49'),(836,'Leaf Shape Outline Leaf Shape Acute',1668,1669,NULL,NULL,NULL,1,1,0,'2018-02-13 11:58:49'),(837,'Leaf Shape Outline Ligulate',1670,1671,NULL,NULL,NULL,1,1,0,'2018-02-13 11:58:49'),(838,'Leaf Shape Outline Linear-Lanceolate',1672,1673,NULL,NULL,NULL,1,1,0,'2018-02-13 11:58:49'),(839,'Leaf Shape Outline Lingulate',1674,1675,NULL,NULL,NULL,1,1,0,'2018-02-13 11:58:49'),(840,'Leaf Shape Outline Long Acuminate',1676,1677,NULL,NULL,NULL,1,1,0,'2018-02-13 11:58:49'),(841,'Leaf Shape Outline Long Apiculate',1678,1679,NULL,NULL,NULL,1,1,0,'2018-02-13 11:58:49'),(842,'Leaf Shape Outline Narrowed To Acumen',1680,1681,NULL,NULL,NULL,1,1,0,'2018-02-13 11:58:49'),(843,'Leaf Shape Outline Needle-Like',1682,1683,NULL,NULL,NULL,1,1,0,'2018-02-13 11:58:49'),(844,'Leaf Shape Outline Oblong',1684,1685,NULL,NULL,NULL,1,1,0,'2018-02-13 11:58:49'),(845,'Leaf Shape Outline Oblong-Lanceolate',1686,1687,NULL,NULL,NULL,1,1,0,'2018-02-13 11:58:49'),(846,'Leaf Shape Outline Oblong-Lingulate',1688,1689,NULL,NULL,NULL,1,1,0,'2018-02-13 11:58:49'),(847,'Leaf Shape Outline Obovate',1690,1691,NULL,NULL,NULL,1,1,0,'2018-02-13 11:58:49'),(848,'Leaf Shape Outline Obtuse',1692,1693,NULL,NULL,NULL,1,1,0,'2018-02-13 11:58:49'),(849,'Leaf Shape Outline Ovate',1694,1695,NULL,NULL,NULL,1,1,0,'2018-02-13 11:58:49'),(850,'Leaf Shape Outline Planar',1696,1697,NULL,NULL,NULL,1,1,0,'2018-02-13 11:58:49'),(851,'Leaf Shape Outline Plicate',1698,1699,NULL,NULL,NULL,1,1,0,'2018-02-13 11:58:49'),(852,'Leaf Shape Outline Plicate Below',1700,1701,NULL,NULL,NULL,1,1,0,'2018-02-13 11:58:49'),(853,'Leaf Shape Outline Thread-Like',1702,1703,NULL,NULL,NULL,1,1,0,'2018-02-13 11:58:49'),(854,'Leaf Shape Tip',1705,1736,NULL,NULL,NULL,NULL,NULL,0,'2018-02-13 11:58:49'),(855,'Leaf Shape Tip Acuminate',1706,1707,NULL,NULL,NULL,1,1,0,'2018-02-13 11:58:49'),(856,'Leaf Shape Tip Acute',1708,1709,NULL,NULL,NULL,1,1,0,'2018-02-13 11:58:49'),(857,'Leaf Shape Tip Broadly Rounded',1710,1711,NULL,NULL,NULL,1,1,0,'2018-02-13 11:58:49'),(858,'Leaf Shape Tip Channeled',1712,1713,NULL,NULL,NULL,0,1,1,'2018-02-13 11:58:49'),(859,'Leaf Shape Tip Hyaline',1714,1715,NULL,NULL,NULL,1,1,1,'2018-02-13 11:58:49'),(860,'Leaf Shape Tip Obtuse',1716,1717,NULL,NULL,NULL,1,1,0,'2018-02-13 11:58:49'),(861,'Leaf Shape Tip Recurved',1718,1719,NULL,NULL,NULL,1,1,0,'2018-02-13 11:58:49'),(862,'Leaf Shape Tip Reflexed',1720,1721,NULL,NULL,NULL,1,1,0,'2018-02-13 11:58:49'),(863,'Leaf Shape Tip Rounded',1722,1723,NULL,NULL,NULL,1,1,0,'2018-02-13 11:58:49'),(864,'Leaf Shape Tip Serrulate',1724,1725,NULL,NULL,NULL,1,1,0,'2018-02-13 11:58:49'),(865,'Leaf Shape Tip Slightly Serrulate',1726,1727,NULL,NULL,NULL,0,1,1,'2018-02-13 11:58:49'),(866,'Leaf Shape Tip Terminal Cell Long',1728,1729,NULL,NULL,NULL,0,1,1,'2018-02-13 11:58:49'),(867,'Leaf Shape Tip Terminal Cell Smooth',1730,1731,NULL,NULL,NULL,0,1,1,'2018-02-13 11:58:49'),(868,'Leaf Shape Tip Truncate',1732,1733,NULL,NULL,NULL,1,1,0,'2018-02-13 11:58:49'),(869,'Leaf Shape Tip Twisted',1734,1735,NULL,NULL,NULL,1,1,0,'2018-02-13 11:58:49'),(870,'Leaf Size',1738,1753,NULL,NULL,NULL,NULL,NULL,0,'2018-02-13 11:58:49'),(871,'Leaf Size Length',1739,1752,NULL,NULL,NULL,NULL,NULL,0,'2018-02-13 11:58:49'),(872,'Leaf Size Length Greater Than 1 Mm',1740,1741,NULL,NULL,NULL,1,1,0,'2018-02-13 11:58:49'),(873,'Leaf Size Length Greater Than 3 Mm',1742,1743,NULL,NULL,NULL,1,1,0,'2018-02-13 11:58:49'),(874,'Leaf Size Length Greater Than 5 Mm',1744,1745,NULL,NULL,NULL,1,1,0,'2018-02-13 11:58:49'),(875,'Leaf Size Length Less Than 1 Mm',1746,1747,NULL,NULL,NULL,1,1,1,'2018-02-13 11:58:49'),(876,'Leaf Size Length Less Than One-Half Mm',1748,1749,NULL,NULL,NULL,0,0,1,'2018-02-13 11:58:49'),(877,'Leaf Size Length One-Half To One Mm',1750,1751,NULL,NULL,NULL,0,0,1,'2018-02-13 11:58:49'),(878,'Leaf Structure',1754,1795,NULL,NULL,NULL,NULL,NULL,0,'2018-02-13 11:58:49'),(879,'Leaf Structure Appearance',1755,1770,NULL,NULL,NULL,NULL,NULL,0,'2018-02-13 11:58:49'),(880,'Leaf Structure Appearance Cells Empty Looking',1756,1757,NULL,NULL,NULL,1,1,1,'2018-02-13 11:58:49'),(881,'Leaf Structure Appearance Flat',1758,1759,NULL,NULL,NULL,1,0,0,'2018-02-13 11:58:49'),(882,'Leaf Structure Appearance Fleshy',1760,1761,NULL,NULL,NULL,1,0,0,'2018-02-13 11:58:49'),(883,'Leaf Structure Appearance Folded To Appear Heart-Shaped',1762,1763,NULL,NULL,NULL,1,1,0,'2018-02-13 11:58:49'),(884,'Leaf Structure Appearance Keeled',1764,1765,NULL,NULL,NULL,0,1,1,'2018-02-13 11:58:49'),(885,'Leaf Structure Appearance Posterior Edge Clasping',1766,1767,NULL,NULL,NULL,0,1,1,'2018-02-13 11:58:49'),(886,'Leaf Structure Appearance Thin',1768,1769,NULL,NULL,NULL,1,0,0,'2018-02-13 11:58:49'),(887,'Leaf Structure Leaf Laminal Layers',1771,1794,NULL,NULL,NULL,NULL,NULL,0,'2018-02-13 11:58:49'),(888,'Leaf Structure Leaf Laminal Layers Bistratose',1772,1773,NULL,NULL,NULL,0,0,1,'2018-02-13 11:58:49'),(889,'Leaf Structure Leaf Laminal Layers Cleft At Anterior Edge',1774,1775,NULL,NULL,NULL,0,1,1,'2018-02-13 11:58:49'),(890,'Leaf Structure Leaf Laminal Layers Conduplicate',1776,1777,NULL,NULL,NULL,0,1,1,'2018-02-13 11:58:49'),(891,'Leaf Structure Leaf Laminal Layers Confluent',1778,1779,NULL,NULL,NULL,0,1,1,'2018-02-13 11:58:49'),(892,'Leaf Structure Leaf Laminal Layers Multi-Stratose',1780,1781,NULL,NULL,NULL,0,0,1,'2018-02-13 11:58:49'),(893,'Leaf Structure Leaf Laminal Layers Multistratose Streaks',1782,1783,NULL,NULL,NULL,0,0,1,'2018-02-13 11:58:49'),(894,'Leaf Structure Leaf Laminal Layers Unistratose',1784,1785,NULL,NULL,NULL,0,0,1,'2018-02-13 11:58:49'),(895,'Leaf Structure Leaf Laminal Layers Upper Leaf Bistratose',1786,1787,NULL,NULL,NULL,0,0,1,'2018-02-13 11:58:49'),(896,'Leaf Structure Leaf Laminal Layers Upper Leaf Lamina Unistratose',1788,1789,NULL,NULL,NULL,0,0,1,'2018-02-13 11:58:49'),(897,'Leaf Structure Leaf Laminal Layers Vaginate (Clasping)',1790,1791,NULL,NULL,NULL,0,0,0,'2018-02-13 11:58:49'),(898,'Leaf Structure Leaf Laminal Layers With 3-4 Strata',1792,1793,NULL,NULL,NULL,0,0,1,'2018-02-13 11:58:49'),(899,'Leaf Surface',1796,1813,NULL,NULL,NULL,NULL,NULL,0,'2018-02-13 11:58:49'),(900,'Leaf Surface Mid Leaf',1797,1812,NULL,NULL,NULL,NULL,NULL,0,'2018-02-13 11:58:49'),(901,'Leaf Surface Mid Leaf Biplicate',1798,1799,NULL,NULL,NULL,0,1,1,'2018-02-13 11:58:49'),(902,'Leaf Surface Mid Leaf Leaf Surface Rugose',1800,1801,NULL,NULL,NULL,0,1,1,'2018-02-13 11:58:49'),(903,'Leaf Surface Mid Leaf Leaf Surface Striolate (Finely Ridged)',1802,1803,NULL,NULL,NULL,0,1,1,'2018-02-13 11:58:49'),(904,'Leaf Surface Mid Leaf Plicate',1804,1805,NULL,NULL,NULL,1,1,1,'2018-02-13 11:58:49'),(905,'Leaf Surface Mid Leaf Rugose',1806,1807,NULL,NULL,NULL,1,1,0,'2018-02-13 11:58:49'),(906,'Leaf Surface Mid Leaf Rugose Above',1808,1809,NULL,NULL,NULL,1,1,0,'2018-02-13 11:58:49'),(907,'Leaf Surface Mid Leaf Undulate',1810,1811,NULL,NULL,NULL,0,1,1,'2018-02-13 11:58:49'),(908,'Mesic Habitat',1814,1837,NULL,NULL,NULL,NULL,NULL,0,'2018-02-13 11:58:49'),(909,'Mesic Habitat Aquatic',1815,1836,NULL,NULL,NULL,NULL,NULL,0,'2018-02-13 11:58:49'),(910,'Mesic Habitat Aquatic Aquatic',1816,1817,NULL,NULL,NULL,1,0,0,'2018-02-13 11:58:49'),(911,'Mesic Habitat Aquatic Bog',1818,1819,NULL,NULL,NULL,1,0,0,'2018-02-13 11:58:49'),(912,'Mesic Habitat Aquatic Fen',1820,1821,NULL,NULL,NULL,1,0,0,'2018-02-13 11:58:49'),(913,'Mesic Habitat Aquatic Periodically Submerged',1822,1823,NULL,NULL,NULL,1,0,0,'2018-02-13 11:58:49'),(914,'Mesic Habitat Aquatic Riparian',1824,1825,NULL,NULL,NULL,1,0,0,'2018-02-13 11:58:49'),(915,'Mesic Habitat Aquatic Shallow Water',1826,1827,NULL,NULL,NULL,1,0,0,'2018-02-13 11:58:49'),(916,'Mesic Habitat Aquatic Stream',1828,1829,NULL,NULL,NULL,1,0,0,'2018-02-13 11:58:49'),(917,'Mesic Habitat Aquatic Swamp',1830,1831,NULL,NULL,NULL,1,0,0,'2018-02-13 11:58:49'),(918,'Mesic Habitat Aquatic Totally Submerged',1832,1833,NULL,NULL,NULL,1,0,0,'2018-02-13 11:58:49'),(919,'Mesic Habitat Aquatic Within Splash Zone',1834,1835,NULL,NULL,NULL,1,0,0,'2018-02-13 11:58:49'),(920,'Perichaetial Leaf',1838,1845,NULL,NULL,NULL,NULL,NULL,0,'2018-02-13 11:58:49'),(921,'Perichaetial Leaf Shape',1839,1844,NULL,NULL,NULL,NULL,NULL,0,'2018-02-13 11:58:49'),(922,'Perichaetial Leaf Shape Setaceous',1840,1841,NULL,NULL,NULL,0,1,1,'2018-02-13 11:58:49'),(923,'Perichaetial Leaf Shape Subulate',1842,1843,NULL,NULL,NULL,0,1,1,'2018-02-13 11:58:49'),(924,'Protonemata',1846,1855,NULL,NULL,NULL,NULL,NULL,0,'2018-02-13 11:58:49'),(925,'Protonemata Mature Plant Presence',1847,1854,NULL,NULL,NULL,NULL,NULL,0,'2018-02-13 11:58:49'),(926,'Protonemata Mature Plant Presence Plant Primarily Protonemata',1848,1849,NULL,NULL,NULL,0,0,1,'2018-02-13 11:58:49'),(927,'Protonemata Mature Plant Presence Protonemata Ephemeral',1850,1851,NULL,NULL,NULL,0,0,1,'2018-02-13 11:58:49'),(928,'Protonemata Mature Plant Presence Protonemata Peristent',1852,1853,NULL,NULL,NULL,0,0,1,'2018-02-13 11:58:49'),(929,'Seta',1856,1897,NULL,NULL,NULL,NULL,NULL,0,'2018-02-13 11:58:49'),(930,'Seta Color',1857,1862,NULL,NULL,NULL,NULL,NULL,0,'2018-02-13 11:58:49'),(931,'Seta Color Brownish',1858,1859,NULL,NULL,NULL,1,1,0,'2018-02-13 11:58:49'),(932,'Seta Color Hyaline',1860,1861,NULL,NULL,NULL,1,1,0,'2018-02-13 11:58:49'),(933,'Seta Length',1863,1870,NULL,NULL,NULL,NULL,NULL,0,'2018-02-13 11:58:49'),(934,'Seta Length Long (Capsule Completey Emergent)',1864,1865,NULL,NULL,NULL,1,1,0,'2018-02-13 11:58:49'),(935,'Seta Length Short (Capsule Immersed To Barely Emergent)',1866,1867,NULL,NULL,NULL,1,1,0,'2018-02-13 11:58:49'),(936,'Seta Length Very Long (Several Times Capsule Length)',1868,1869,NULL,NULL,NULL,1,1,0,'2018-02-13 11:58:49'),(937,'Seta Orientation',1871,1882,NULL,NULL,NULL,NULL,NULL,0,'2018-02-13 11:58:49'),(938,'Seta Orientation Bent At Capsule Base',1872,1873,NULL,NULL,NULL,1,1,0,'2018-02-13 11:58:49'),(939,'Seta Orientation Curved',1874,1875,NULL,NULL,NULL,1,1,0,'2018-02-13 11:58:49'),(940,'Seta Orientation Cygneous When Wet',1876,1877,NULL,NULL,NULL,1,1,0,'2018-02-13 11:58:49'),(941,'Seta Orientation Flexuose',1878,1879,NULL,NULL,NULL,1,1,0,'2018-02-13 11:58:49'),(942,'Seta Orientation Straight',1880,1881,NULL,NULL,NULL,1,1,0,'2018-02-13 11:58:49'),(943,'Seta Surface',1883,1888,NULL,NULL,NULL,NULL,NULL,0,'2018-02-13 11:58:49'),(944,'Seta Surface Rough',1884,1885,NULL,NULL,NULL,0,0,0,'2018-02-13 11:58:49'),(945,'Seta Surface Smooth',1886,1887,NULL,NULL,NULL,0,0,0,'2018-02-13 11:58:49'),(946,'Seta Twisting (Tip To Base)',1889,1896,NULL,NULL,NULL,NULL,NULL,0,'2018-02-13 11:58:49'),(947,'Seta Twisting (Tip To Base) Clockwise',1890,1891,NULL,NULL,NULL,0,1,0,'2018-02-13 11:58:49'),(948,'Seta Twisting (Tip To Base) Counter Clockwise',1892,1893,NULL,NULL,NULL,0,1,0,'2018-02-13 11:58:49'),(949,'Seta Twisting (Tip To Base) Twisted When Wet - Straight When Dry',1894,1895,NULL,NULL,NULL,1,0,0,'2018-02-13 11:58:49'),(950,'Sexual Structures',1898,1911,NULL,NULL,NULL,NULL,NULL,0,'2018-02-13 11:58:49'),(951,'Sexual Structures Placement',1899,1910,NULL,NULL,NULL,NULL,NULL,0,'2018-02-13 11:58:49'),(952,'Sexual Structures Placement Archedonia Mostly Basal',1900,1901,NULL,NULL,NULL,0,0,1,'2018-02-13 11:58:49'),(953,'Sexual Structures Placement Autoicous',1902,1903,NULL,NULL,NULL,0,1,1,'2018-02-13 11:58:49'),(954,'Sexual Structures Placement Dioicous',1904,1905,NULL,NULL,NULL,0,1,1,'2018-02-13 11:58:49'),(955,'Sexual Structures Placement Monoicous',1906,1907,NULL,NULL,NULL,0,1,1,'2018-02-13 11:58:49'),(956,'Sexual Structures Placement Perichaetial Leaf With Awns',1908,1909,NULL,NULL,NULL,0,1,1,'2018-02-13 11:58:49'),(957,'Spores',1912,1927,NULL,NULL,NULL,NULL,NULL,0,'2018-02-13 11:58:49'),(958,'Spores Number',1913,1918,NULL,NULL,NULL,NULL,NULL,0,'2018-02-13 11:58:49'),(959,'Spores Number Less Than 100',1914,1915,NULL,NULL,NULL,0,0,1,'2018-02-13 11:58:49'),(960,'Spores Number More Than 100',1916,1917,NULL,NULL,NULL,0,0,1,'2018-02-13 11:58:49'),(961,'Spores Size',1919,1926,NULL,NULL,NULL,NULL,NULL,0,'2018-02-13 11:58:49'),(962,'Spores Size Large  (Greater Than 100 Microns)',1920,1921,NULL,NULL,NULL,0,0,1,'2018-02-13 11:58:49'),(963,'Spores Size Medium (30 To 100 Microns)',1922,1923,NULL,NULL,NULL,0,0,1,'2018-02-13 11:58:49'),(964,'Spores Size Small (Less Than 30 Microns)',1924,1925,NULL,NULL,NULL,0,0,1,'2018-02-13 11:58:49'),(965,'Sporophyte',1928,1941,NULL,NULL,NULL,NULL,NULL,0,'2018-02-13 11:58:49'),(966,'Sporophyte Orientation',1929,1940,NULL,NULL,NULL,NULL,NULL,0,'2018-02-13 11:58:49'),(967,'Sporophyte Orientation At Branch Tips (Cladocarpous)',1930,1931,NULL,NULL,NULL,1,1,0,'2018-02-13 11:58:49'),(968,'Sporophyte Orientation Lateral',1932,1933,NULL,NULL,NULL,1,1,0,'2018-02-13 11:58:49'),(969,'Sporophyte Orientation Mostly Acrocarpous',1934,1935,NULL,NULL,NULL,1,1,0,'2018-02-13 11:58:49'),(970,'Sporophyte Orientation Mostly Pleuricarpous',1936,1937,NULL,NULL,NULL,1,1,0,'2018-02-13 11:58:49'),(971,'Sporophyte Orientation Terminal',1938,1939,NULL,NULL,NULL,1,1,0,'2018-02-13 11:58:49'),(972,'Stem Leaf',1942,1979,NULL,NULL,NULL,NULL,NULL,0,'2018-02-13 11:58:49'),(973,'Stem Leaf Apex',1943,1956,NULL,NULL,NULL,NULL,NULL,0,'2018-02-13 11:58:49'),(974,'Stem Leaf Apex Acuminate',1944,1945,NULL,NULL,NULL,1,1,0,'2018-02-13 11:58:49'),(975,'Stem Leaf Apex Contracted To Setaceous Point',1946,1947,NULL,NULL,NULL,1,1,0,'2018-02-13 11:58:49'),(976,'Stem Leaf Apex Lanceolate',1948,1949,NULL,NULL,NULL,0,1,0,'2018-02-13 11:58:49'),(977,'Stem Leaf Apex With Long Point',1950,1951,NULL,NULL,NULL,1,1,0,'2018-02-13 11:58:49'),(978,'Stem Leaf Apex With Point',1952,1953,NULL,NULL,NULL,1,1,0,'2018-02-13 11:58:49'),(979,'Stem Leaf Apex Yellow',1954,1955,NULL,NULL,NULL,1,1,0,'2018-02-13 11:58:49'),(980,'Stem Leaf Border',1957,1960,NULL,NULL,NULL,NULL,NULL,0,'2018-02-13 11:58:49'),(981,'Stem Leaf Border Long Marginal Right-Angled Teeth',1958,1959,NULL,NULL,NULL,0,1,1,'2018-02-13 11:58:49'),(982,'Stem Leaf Length',1961,1968,NULL,NULL,NULL,NULL,NULL,0,'2018-02-13 11:58:49'),(983,'Stem Leaf Length Greater Than One Half Mm',1962,1963,NULL,NULL,NULL,0,1,0,'2018-02-13 11:58:49'),(984,'Stem Leaf Length Greater Than Two Mm',1964,1965,NULL,NULL,NULL,1,1,0,'2018-02-13 11:58:49'),(985,'Stem Leaf Length One To Two Mm',1966,1967,NULL,NULL,NULL,0,1,0,'2018-02-13 11:58:49'),(986,'Stem Leaf Shape',1969,1974,NULL,NULL,NULL,NULL,NULL,0,'2018-02-13 11:58:49'),(987,'Stem Leaf Shape Ovate',1970,1971,NULL,NULL,NULL,0,1,0,'2018-02-13 11:58:49'),(988,'Stem Leaf Shape Straight',1972,1973,NULL,NULL,NULL,0,1,0,'2018-02-13 11:58:49'),(989,'Stem Leaf Surface',1975,1978,NULL,NULL,NULL,NULL,NULL,0,'2018-02-13 11:58:49'),(990,'Stem Leaf Surface Undulate',1976,1977,NULL,NULL,NULL,1,1,1,'2018-02-13 11:58:49'),(991,'Stem Leaf Margin',1980,1985,NULL,NULL,NULL,NULL,NULL,0,'2018-02-13 11:58:49'),(992,'Stem Leaf Margin Border',1981,1984,NULL,NULL,NULL,NULL,NULL,0,'2018-02-13 11:58:49'),(993,'Stem Leaf Margin Border Present',1982,1983,NULL,NULL,NULL,0,1,1,'2018-02-13 11:58:49'),(994,'Stem/Branch Ornamentation',1986,2041,NULL,NULL,NULL,NULL,NULL,0,'2018-02-13 11:58:49'),(995,'Stem/Branch Ornamentation Paraphyllia',1987,2030,NULL,NULL,NULL,NULL,NULL,0,'2018-02-13 11:58:49'),(996,'Stem/Branch Ornamentation Paraphyllia Branched',1988,1989,NULL,NULL,NULL,0,1,1,'2018-02-13 11:58:49'),(997,'Stem/Branch Ornamentation Paraphyllia Cell Bulging',1990,1991,NULL,NULL,NULL,0,0,1,'2018-02-13 11:58:49'),(998,'Stem/Branch Ornamentation Paraphyllia Ciliate',1992,1993,NULL,NULL,NULL,0,1,1,'2018-02-13 11:58:49'),(999,'Stem/Branch Ornamentation Paraphyllia Dense',1994,1995,NULL,NULL,NULL,0,1,1,'2018-02-13 11:58:49'),(1000,'Stem/Branch Ornamentation Paraphyllia Few',1996,1997,NULL,NULL,NULL,0,0,0,'2018-02-13 11:58:49'),(1001,'Stem/Branch Ornamentation Paraphyllia Filiform',1998,1999,NULL,NULL,NULL,0,1,1,'2018-02-13 11:58:49'),(1002,'Stem/Branch Ornamentation Paraphyllia Foliose',2000,2001,NULL,NULL,NULL,0,0,0,'2018-02-13 11:58:49'),(1003,'Stem/Branch Ornamentation Paraphyllia Green',2002,2003,NULL,NULL,NULL,0,1,1,'2018-02-13 11:58:49'),(1004,'Stem/Branch Ornamentation Paraphyllia Lacinate',2004,2005,NULL,NULL,NULL,0,1,1,'2018-02-13 11:58:49'),(1005,'Stem/Branch Ornamentation Paraphyllia Lanceolate',2006,2007,NULL,NULL,NULL,0,0,1,'2018-02-13 11:58:49'),(1006,'Stem/Branch Ornamentation Paraphyllia Linear',2008,2009,NULL,NULL,NULL,0,0,1,'2018-02-13 11:58:49'),(1007,'Stem/Branch Ornamentation Paraphyllia Low Papillae',2010,2011,NULL,NULL,NULL,0,0,1,'2018-02-13 11:58:49'),(1008,'Stem/Branch Ornamentation Paraphyllia Mammillose',2012,2013,NULL,NULL,NULL,0,0,1,'2018-02-13 11:58:49'),(1009,'Stem/Branch Ornamentation Paraphyllia Margin Ciliate',2014,2015,NULL,NULL,NULL,0,0,1,'2018-02-13 11:58:49'),(1010,'Stem/Branch Ornamentation Paraphyllia Margin Denticulate',2016,2017,NULL,NULL,NULL,0,0,1,'2018-02-13 11:58:49'),(1011,'Stem/Branch Ornamentation Paraphyllia Margin Serrulate',2018,2019,NULL,NULL,NULL,0,0,1,'2018-02-13 11:58:49'),(1012,'Stem/Branch Ornamentation Paraphyllia Papillose',2020,2021,NULL,NULL,NULL,0,0,1,'2018-02-13 11:58:49'),(1013,'Stem/Branch Ornamentation Paraphyllia Papillose Over Lumen',2022,2023,NULL,NULL,NULL,0,0,1,'2018-02-13 11:58:49'),(1014,'Stem/Branch Ornamentation Paraphyllia Paraphyllia Cell Smooth',2024,2025,NULL,NULL,NULL,0,0,1,'2018-02-13 11:58:49'),(1015,'Stem/Branch Ornamentation Paraphyllia Paraphyllia Polymorphous',2026,2027,NULL,NULL,NULL,0,0,1,'2018-02-13 11:58:49'),(1016,'Stem/Branch Ornamentation Paraphyllia Present',2028,2029,NULL,NULL,NULL,0,1,0,'2018-02-13 11:58:49'),(1017,'Stem/Branch Ornamentation Pseudoparaphyllia',2031,2040,NULL,NULL,NULL,NULL,NULL,0,'2018-02-13 11:58:49'),(1018,'Stem/Branch Ornamentation Pseudoparaphyllia Filamentous',2032,2033,NULL,NULL,NULL,0,0,1,'2018-02-13 11:58:49'),(1019,'Stem/Branch Ornamentation Pseudoparaphyllia Foliose',2034,2035,NULL,NULL,NULL,0,0,1,'2018-02-13 11:58:49'),(1020,'Stem/Branch Ornamentation Pseudoparaphyllia Lanceolate',2036,2037,NULL,NULL,NULL,0,0,1,'2018-02-13 11:58:49'),(1021,'Stem/Branch Ornamentation Pseudoparaphyllia Present',2038,2039,NULL,NULL,NULL,0,0,1,'2018-02-13 11:58:49'),(1022,'Stem/Branch/Leaf Ornamentation',2042,2081,NULL,NULL,NULL,NULL,NULL,0,'2018-02-13 11:58:49'),(1023,'Stem/Branch/Leaf Ornamentation Rhizoids/Tomentum',2043,2080,NULL,NULL,NULL,NULL,NULL,0,'2018-02-13 11:58:49'),(1024,'Stem/Branch/Leaf Ornamentation Rhizoids/Tomentum Brownish',2044,2045,NULL,NULL,NULL,1,1,1,'2018-02-13 11:58:49'),(1025,'Stem/Branch/Leaf Ornamentation Rhizoids/Tomentum Reddish',2046,2047,NULL,NULL,NULL,1,1,1,'2018-02-13 11:58:49'),(1026,'Stem/Branch/Leaf Ornamentation Rhizoids/Tomentum Rhizoid Initials In Longitudinal Rows',2048,2049,NULL,NULL,NULL,0,0,1,'2018-02-13 11:58:49'),(1027,'Stem/Branch/Leaf Ornamentation Rhizoids/Tomentum Rhizoid Initials Not In Rows',2050,2051,NULL,NULL,NULL,0,0,1,'2018-02-13 11:58:49'),(1028,'Stem/Branch/Leaf Ornamentation Rhizoids/Tomentum Rhizoid Surface Papillose',2052,2053,NULL,NULL,NULL,0,0,1,'2018-02-13 11:58:49'),(1029,'Stem/Branch/Leaf Ornamentation Rhizoids/Tomentum Rhizoid Surface Smooth',2054,2055,NULL,NULL,NULL,0,0,1,'2018-02-13 11:58:49'),(1030,'Stem/Branch/Leaf Ornamentation Rhizoids/Tomentum Rhizoids  At Costa Back',2056,2057,NULL,NULL,NULL,0,1,1,'2018-02-13 11:58:49'),(1031,'Stem/Branch/Leaf Ornamentation Rhizoids/Tomentum Rhizoids On Leaf Tips',2058,2059,NULL,NULL,NULL,0,1,1,'2018-02-13 11:58:49'),(1032,'Stem/Branch/Leaf Ornamentation Rhizoids/Tomentum Rhizoids Present',2060,2061,NULL,NULL,NULL,1,1,1,'2018-02-13 11:58:49'),(1033,'Stem/Branch/Leaf Ornamentation Rhizoids/Tomentum Rusty-Brown',2062,2063,NULL,NULL,NULL,1,1,1,'2018-02-13 11:58:49'),(1034,'Stem/Branch/Leaf Ornamentation Rhizoids/Tomentum Stem Rhizoids Axillary',2064,2065,NULL,NULL,NULL,0,1,1,'2018-02-13 11:58:49'),(1035,'Stem/Branch/Leaf Ornamentation Rhizoids/Tomentum Stem Rhizoids Below Leaf Insertions',2066,2067,NULL,NULL,NULL,0,0,1,'2018-02-13 11:58:49'),(1036,'Stem/Branch/Leaf Ornamentation Rhizoids/Tomentum Tomentose Near Leaf Base',2068,2069,NULL,NULL,NULL,1,1,1,'2018-02-13 11:58:49'),(1037,'Stem/Branch/Leaf Ornamentation Rhizoids/Tomentum Tomentum Dense',2070,2071,NULL,NULL,NULL,1,1,1,'2018-02-13 11:58:49'),(1038,'Stem/Branch/Leaf Ornamentation Rhizoids/Tomentum Tomentum Near Leaf Apex',2072,2073,NULL,NULL,NULL,1,1,1,'2018-02-13 11:58:49'),(1039,'Stem/Branch/Leaf Ornamentation Rhizoids/Tomentum Tomentum Present',2074,2075,NULL,NULL,NULL,1,1,1,'2018-02-13 11:58:49'),(1040,'Stem/Branch/Leaf Ornamentation Rhizoids/Tomentum White',2076,2077,NULL,NULL,NULL,1,1,1,'2018-02-13 11:58:49'),(1041,'Stem/Branch/Leaf Ornamentation Rhizoids/Tomentum White-Woolly',2078,2079,NULL,NULL,NULL,1,1,1,'2018-02-13 11:58:49'),(1042,'Substrate',2082,2143,NULL,NULL,NULL,NULL,NULL,0,'2018-02-13 11:58:49'),(1043,'Substrate Rich Organic',2083,2094,NULL,NULL,NULL,NULL,NULL,0,'2018-02-13 11:58:49'),(1044,'Substrate Rich Organic Animal Remains',2084,2085,NULL,NULL,NULL,1,0,0,'2018-02-13 11:58:49'),(1045,'Substrate Rich Organic Dung',2086,2087,NULL,NULL,NULL,1,0,0,'2018-02-13 11:58:49'),(1046,'Substrate Rich Organic Forest Litter',2088,2089,NULL,NULL,NULL,1,0,0,'2018-02-13 11:58:49'),(1047,'Substrate Rich Organic High N',2090,2091,NULL,NULL,NULL,1,0,0,'2018-02-13 11:58:49'),(1048,'Substrate Rich Organic Humic Soil',2092,2093,NULL,NULL,NULL,1,0,0,'2018-02-13 11:58:49'),(1049,'Substrate Rock',2095,2104,NULL,NULL,NULL,NULL,NULL,0,'2018-02-13 11:58:49'),(1050,'Substrate Rock Calcium Rich',2096,2097,NULL,NULL,NULL,1,0,0,'2018-02-13 11:58:49'),(1051,'Substrate Rock Clear Quartz Crystals',2098,2099,NULL,NULL,NULL,1,0,0,'2018-02-13 11:58:49'),(1052,'Substrate Rock Limestone',2100,2101,NULL,NULL,NULL,1,0,0,'2018-02-13 11:58:49'),(1053,'Substrate Rock On Rock',2102,2103,NULL,NULL,NULL,1,0,0,'2018-02-13 11:58:49'),(1054,'Substrate Soil',2105,2116,NULL,NULL,NULL,NULL,NULL,0,'2018-02-13 11:58:49'),(1055,'Substrate Soil Bare',2106,2107,NULL,NULL,NULL,1,0,0,'2018-02-13 11:58:49'),(1056,'Substrate Soil Mineral',2108,2109,NULL,NULL,NULL,1,0,0,'2018-02-13 11:58:49'),(1057,'Substrate Soil Nutrient Rich',2110,2111,NULL,NULL,NULL,1,0,0,'2018-02-13 11:58:49'),(1058,'Substrate Soil On Soil',2112,2113,NULL,NULL,NULL,1,0,0,'2018-02-13 11:58:49'),(1059,'Substrate Soil Rock Edge',2114,2115,NULL,NULL,NULL,1,0,0,'2018-02-13 11:58:49'),(1060,'Substrate Unique Geology',2117,2128,NULL,NULL,NULL,NULL,NULL,0,'2018-02-13 11:58:49'),(1061,'Substrate Unique Geology Calcium Rich',2118,2119,NULL,NULL,NULL,1,0,0,'2018-02-13 11:58:49'),(1062,'Substrate Unique Geology Copper Rich',2120,2121,NULL,NULL,NULL,1,0,0,'2018-02-13 11:58:49'),(1063,'Substrate Unique Geology Copper-Sulfate Rich',2122,2123,NULL,NULL,NULL,1,0,0,'2018-02-13 11:58:49'),(1064,'Substrate Unique Geology Limestone',2124,2125,NULL,NULL,NULL,0,0,0,'2018-02-13 11:58:49'),(1065,'Substrate Unique Geology Serpentine',2126,2127,NULL,NULL,NULL,1,0,0,'2018-02-13 11:58:49'),(1066,'Substrate Wood',2129,2142,NULL,NULL,NULL,NULL,NULL,0,'2018-02-13 11:58:49'),(1067,'Substrate Wood Bark',2130,2131,NULL,NULL,NULL,1,0,0,'2018-02-13 11:58:49'),(1068,'Substrate Wood Branch',2132,2133,NULL,NULL,NULL,1,0,0,'2018-02-13 11:58:49'),(1069,'Substrate Wood Downed Material',2134,2135,NULL,NULL,NULL,0,0,0,'2018-02-13 11:58:49'),(1070,'Substrate Wood On Wood',2136,2137,NULL,NULL,NULL,1,0,0,'2018-02-13 11:58:49'),(1071,'Substrate Wood Trunk',2138,2139,NULL,NULL,NULL,1,0,0,'2018-02-13 11:58:49'),(1072,'Substrate Wood Twig',2140,2141,NULL,NULL,NULL,1,0,0,'2018-02-13 11:58:49');
/*!40000 ALTER TABLE `KeyCharacter` ENABLE KEYS */;
UNLOCK TABLES;

--
-- Table structure for table `Map`
--

DROP TABLE IF EXISTS `Map`;
/*!40101 SET @saved_cs_client     = @@character_set_client */;
/*!40101 SET character_set_client = utf8 */;
CREATE TABLE `Map` (
  `id` int(11) NOT NULL AUTO_INCREMENT,
  `TaxaId` int(11) DEFAULT NULL,
  `KeyCharacterId` int(11) DEFAULT NULL,
  `TimeStamp` datetime DEFAULT CURRENT_TIMESTAMP ON UPDATE CURRENT_TIMESTAMP,
  PRIMARY KEY (`id`),
  KEY `taxaid_idx` (`TaxaId`),
  KEY `keycharacterid_idx` (`KeyCharacterId`),
  CONSTRAINT `keycharacterid` FOREIGN KEY (`KeyCharacterId`) REFERENCES `KeyCharacter` (`id`) ON DELETE NO ACTION ON UPDATE NO ACTION,
  CONSTRAINT `taxaid` FOREIGN KEY (`TaxaId`) REFERENCES `Taxa` (`id`) ON DELETE NO ACTION ON UPDATE NO ACTION
) ENGINE=InnoDB AUTO_INCREMENT=261 DEFAULT CHARSET=latin1;
/*!40101 SET character_set_client = @saved_cs_client */;

--
-- Dumping data for table `Map`
--

LOCK TABLES `Map` WRITE;
/*!40000 ALTER TABLE `Map` DISABLE KEYS */;
INSERT INTO `Map` VALUES (6,10,234,'2018-02-13 12:39:29'),(7,11,234,'2018-02-13 12:39:29'),(8,12,234,'2018-02-13 12:39:29'),(9,14,234,'2018-02-13 12:39:29'),(10,15,234,'2018-02-13 12:39:29'),(11,33,907,'2018-02-13 12:39:29'),(12,34,907,'2018-02-13 12:39:29'),(13,41,234,'2018-02-13 12:39:29'),(14,42,234,'2018-02-13 12:39:29'),(15,44,234,'2018-02-13 12:39:29'),(16,45,234,'2018-02-13 12:39:29'),(17,49,234,'2018-02-13 12:39:29'),(18,55,234,'2018-02-13 12:39:29'),(19,56,234,'2018-02-13 12:39:29'),(20,57,234,'2018-02-13 12:39:29'),(21,58,234,'2018-02-13 12:39:29'),(22,81,234,'2018-02-13 12:39:29'),(23,82,234,'2018-02-13 12:39:29'),(24,86,234,'2018-02-13 12:39:29'),(25,95,234,'2018-02-13 12:39:29'),(26,96,234,'2018-02-13 12:39:29'),(27,98,234,'2018-02-13 12:39:29'),(28,99,234,'2018-02-13 12:39:29'),(29,100,234,'2018-02-13 12:39:29'),(30,100,258,'2018-02-13 12:39:29'),(31,101,234,'2018-02-13 12:39:29'),(32,102,234,'2018-02-13 12:39:29'),(33,105,234,'2018-02-13 12:39:29'),(34,108,234,'2018-02-13 12:39:29'),(35,109,234,'2018-02-13 12:39:29'),(36,118,234,'2018-02-13 12:39:29'),(37,119,234,'2018-02-13 12:39:29'),(38,123,234,'2018-02-13 12:39:29'),(39,129,907,'2018-02-13 12:39:29'),(40,138,234,'2018-02-13 12:39:29'),(41,139,234,'2018-02-13 12:39:29'),(42,140,234,'2018-02-13 12:39:29'),(43,141,234,'2018-02-13 12:39:29'),(44,148,234,'2018-02-13 12:39:29'),(45,149,234,'2018-02-13 12:39:29'),(46,150,234,'2018-02-13 12:39:29'),(47,153,374,'2018-02-13 12:39:29'),(48,153,375,'2018-02-13 12:39:29'),(49,154,374,'2018-02-13 12:39:29'),(50,155,374,'2018-02-13 12:39:29'),(51,159,234,'2018-02-13 12:39:29'),(52,162,234,'2018-02-13 12:39:29'),(53,163,234,'2018-02-13 12:39:29'),(54,164,234,'2018-02-13 12:39:29'),(55,229,234,'2018-02-13 12:39:29'),(56,233,234,'2018-02-13 12:39:29'),(57,239,234,'2018-02-13 12:39:29'),(58,242,234,'2018-02-13 12:39:29'),(59,243,234,'2018-02-13 12:39:29'),(60,249,234,'2018-02-13 12:39:29'),(61,250,234,'2018-02-13 12:39:29'),(62,251,234,'2018-02-13 12:39:29'),(63,252,234,'2018-02-13 12:39:29'),(64,255,234,'2018-02-13 12:39:29'),(65,256,234,'2018-02-13 12:39:29'),(66,264,234,'2018-02-13 12:39:29'),(67,265,234,'2018-02-13 12:39:29'),(68,266,234,'2018-02-13 12:39:29'),(69,275,234,'2018-02-13 12:39:29'),(70,281,234,'2018-02-13 12:39:29'),(71,282,234,'2018-02-13 12:39:29'),(72,285,234,'2018-02-13 12:39:29'),(73,286,234,'2018-02-13 12:39:29'),(74,289,234,'2018-02-13 12:39:29'),(75,293,234,'2018-02-13 12:39:29'),(76,294,234,'2018-02-13 12:39:29'),(77,295,234,'2018-02-13 12:39:29'),(78,296,234,'2018-02-13 12:39:29'),(79,300,234,'2018-02-13 12:39:29'),(80,301,234,'2018-02-13 12:39:29'),(81,302,234,'2018-02-13 12:39:29'),(82,303,234,'2018-02-13 12:39:29'),(83,304,234,'2018-02-13 12:39:29'),(84,307,258,'2018-02-13 12:39:29'),(85,308,258,'2018-02-13 12:39:29'),(86,310,234,'2018-02-13 12:39:29'),(87,311,234,'2018-02-13 12:39:29'),(88,312,234,'2018-02-13 12:39:29'),(89,313,234,'2018-02-13 12:39:29'),(90,314,234,'2018-02-13 12:39:29'),(91,317,234,'2018-02-13 12:39:29'),(92,318,234,'2018-02-13 12:39:29'),(93,322,234,'2018-02-13 12:39:29'),(94,323,234,'2018-02-13 12:39:29'),(95,324,234,'2018-02-13 12:39:29'),(96,326,234,'2018-02-13 12:39:29'),(97,326,905,'2018-02-13 12:39:29'),(98,326,906,'2018-02-13 12:39:29'),(99,326,907,'2018-02-13 12:39:29'),(100,327,234,'2018-02-13 12:39:29'),(101,327,905,'2018-02-13 12:39:29'),(102,327,906,'2018-02-13 12:39:29'),(103,327,907,'2018-02-13 12:39:29'),(104,333,234,'2018-02-13 12:39:29'),(105,334,234,'2018-02-13 12:39:29'),(106,339,234,'2018-02-13 12:39:29'),(107,340,234,'2018-02-13 12:39:29'),(108,341,905,'2018-02-13 12:39:29'),(109,341,906,'2018-02-13 12:39:29'),(110,341,907,'2018-02-13 12:39:29'),(111,342,905,'2018-02-13 12:39:29'),(112,342,906,'2018-02-13 12:39:29'),(113,342,907,'2018-02-13 12:39:29'),(114,343,234,'2018-02-13 12:39:29'),(115,426,234,'2018-02-13 12:39:29'),(116,427,234,'2018-02-13 12:39:29'),(117,429,234,'2018-02-13 12:39:29'),(118,438,234,'2018-02-13 12:39:29'),(119,439,234,'2018-02-13 12:39:29'),(120,447,234,'2018-02-13 12:39:29'),(121,448,234,'2018-02-13 12:39:29'),(122,452,234,'2018-02-13 12:39:29'),(123,452,258,'2018-02-13 12:39:29'),(124,453,234,'2018-02-13 12:39:29'),(125,453,258,'2018-02-13 12:39:29'),(126,460,234,'2018-02-13 12:39:29'),(127,461,234,'2018-02-13 12:39:29'),(128,470,234,'2018-02-13 12:39:29'),(129,471,234,'2018-02-13 12:39:29'),(130,474,234,'2018-02-13 12:39:29'),(131,475,234,'2018-02-13 12:39:29'),(132,476,234,'2018-02-13 12:39:29'),(133,477,234,'2018-02-13 12:39:29'),(134,478,234,'2018-02-13 12:39:29'),(135,493,234,'2018-02-13 12:39:29'),(136,494,234,'2018-02-13 12:39:29'),(137,495,234,'2018-02-13 12:39:29'),(138,508,905,'2018-02-13 12:39:29'),(139,508,906,'2018-02-13 12:39:29'),(140,509,905,'2018-02-13 12:39:29'),(141,509,906,'2018-02-13 12:39:29'),(142,510,234,'2018-02-13 12:39:29'),(143,511,234,'2018-02-13 12:39:29'),(144,514,234,'2018-02-13 12:39:29'),(145,515,234,'2018-02-13 12:39:29'),(146,516,234,'2018-02-13 12:39:29'),(147,519,234,'2018-02-13 12:39:29'),(148,519,905,'2018-02-13 12:39:29'),(149,519,906,'2018-02-13 12:39:29'),(150,519,907,'2018-02-13 12:39:29'),(151,520,234,'2018-02-13 12:39:29'),(152,520,905,'2018-02-13 12:39:29'),(153,520,906,'2018-02-13 12:39:29'),(154,520,907,'2018-02-13 12:39:29'),(155,524,234,'2018-02-13 12:39:29'),(156,538,234,'2018-02-13 12:39:29'),(157,539,234,'2018-02-13 12:39:29'),(158,540,234,'2018-02-13 12:39:29'),(159,555,234,'2018-02-13 12:39:29'),(160,560,234,'2018-02-13 12:39:29'),(161,561,907,'2018-02-13 12:39:29'),(162,563,234,'2018-02-13 12:39:29'),(163,564,234,'2018-02-13 12:39:29'),(164,581,234,'2018-02-13 12:39:29'),(165,583,234,'2018-02-13 12:39:29'),(166,584,234,'2018-02-13 12:39:29'),(167,585,234,'2018-02-13 12:39:29'),(168,586,234,'2018-02-13 12:39:29');
/*!40000 ALTER TABLE `Map` ENABLE KEYS */;
UNLOCK TABLES;

--
-- Table structure for table `URL`
--

DROP TABLE IF EXISTS `URL`;
/*!40101 SET @saved_cs_client     = @@character_set_client */;
/*!40101 SET character_set_client = utf8 */;
CREATE TABLE `URL` (
  `id` int(11) NOT NULL AUTO_INCREMENT,
  `Name` varchar(256) DEFAULT NULL,
  `AltText` varchar(256) DEFAULT NULL,
  `Description` varchar(1024) DEFAULT NULL,
  `Type` enum('image','other') NOT NULL,
  `TimeStamp` datetime DEFAULT CURRENT_TIMESTAMP ON UPDATE CURRENT_TIMESTAMP,
  PRIMARY KEY (`id`),
  UNIQUE KEY `idURL_UNIQUE` (`id`)
) ENGINE=InnoDB AUTO_INCREMENT=2 DEFAULT CHARSET=latin1;
/*!40101 SET character_set_client = @saved_cs_client */;

--
-- Dumping data for table `URL`
--

LOCK TABLES `URL` WRITE;
/*!40000 ALTER TABLE `URL` DISABLE KEYS */;
INSERT INTO `URL` VALUES (1,'http://www.efloras.org/florataxon.aspx?flora_id=1&taxon_id=200000987',NULL,NULL,'other','2017-03-05 14:43:32');
/*!40000 ALTER TABLE `URL` ENABLE KEYS */;
UNLOCK TABLES;

--
-- Table structure for table `taxa`
--

DROP TABLE IF EXISTS `taxa`;
/*!40101 SET @saved_cs_client     = @@character_set_client */;
/*!40101 SET character_set_client = utf8 */;
CREATE TABLE `taxa` (
  `id` int(11) NOT NULL AUTO_INCREMENT,
  `Name` varchar(45) NOT NULL,
  `description` varchar(16384) DEFAULT NULL,
  `URLId` int(11) DEFAULT NULL,
  `AuthorityId` int(11) DEFAULT NULL,
  `TimeStamp` datetime DEFAULT CURRENT_TIMESTAMP ON UPDATE CURRENT_TIMESTAMP,
  PRIMARY KEY (`id`),
  KEY `url_idx` (`URLId`),
  KEY `authority_idx` (`AuthorityId`),
  CONSTRAINT `authority_taxa` FOREIGN KEY (`AuthorityId`) REFERENCES `Authority` (`id`) ON DELETE NO ACTION ON UPDATE NO ACTION,
  CONSTRAINT `url_taxa` FOREIGN KEY (`URLId`) REFERENCES `URL` (`id`) ON DELETE NO ACTION ON UPDATE NO ACTION
) ENGINE=InnoDB AUTO_INCREMENT=588 DEFAULT CHARSET=latin1;
/*!40101 SET character_set_client = @saved_cs_client */;

--
-- Dumping data for table `taxa`
--

LOCK TABLES `taxa` WRITE;
/*!40000 ALTER TABLE `taxa` DISABLE KEYS */;
INSERT INTO `taxa` VALUES (1,'Abietinella abietina\r',NULL,NULL,NULL,'2018-02-13 12:35:00'),(2,'Abietinella sp.\r',NULL,NULL,NULL,'2018-02-13 12:35:00'),(3,'Acaulon sp.\r',NULL,NULL,NULL,'2018-02-13 12:35:00'),(4,'Acroporium smallii\r',NULL,NULL,NULL,'2018-02-13 12:35:00'),(5,'Acroporium sp.\r',NULL,NULL,NULL,'2018-02-13 12:35:00'),(6,'Aloina sp.\r',NULL,NULL,NULL,'2018-02-13 12:35:00'),(7,'Alsia californica\r',NULL,NULL,NULL,'2018-02-13 12:35:00'),(8,'Alsia sp.\r',NULL,NULL,NULL,'2018-02-13 12:35:00'),(9,'Amblyodon sp.\r',NULL,NULL,NULL,'2018-02-13 12:35:00'),(10,'Amblystegium serpens\r',NULL,NULL,NULL,'2018-02-13 12:35:00'),(11,'Amblystegium sp.\r',NULL,NULL,NULL,'2018-02-13 12:35:00'),(12,'Amblystegium varium\r',NULL,NULL,NULL,'2018-02-13 12:35:00'),(13,'Amphidium sp.\r',NULL,NULL,NULL,'2018-02-13 12:35:00'),(14,'Anacamptodon splachnoides\r',NULL,NULL,NULL,'2018-02-13 12:35:00'),(15,'Anacamptodon sp.\r',NULL,NULL,NULL,'2018-02-13 12:35:00'),(16,'Anacolia sp.\r',NULL,NULL,NULL,'2018-02-13 12:35:00'),(17,'Andreaea sp.\r',NULL,NULL,NULL,'2018-02-13 12:35:00'),(18,'Andreaeobryum sp.\r',NULL,NULL,NULL,'2018-02-13 12:35:00'),(19,'Anoectangium sp.\r',NULL,NULL,NULL,'2018-02-13 12:35:00'),(20,'Anomobryum concinnatum\r',NULL,NULL,NULL,'2018-02-13 12:35:00'),(21,'Anomobryum sp.\r',NULL,NULL,NULL,'2018-02-13 12:35:00'),(22,'Anomodon julaceum\r',NULL,NULL,NULL,'2018-02-13 12:35:00'),(23,'Antitrichia californica\r',NULL,NULL,NULL,'2018-02-13 12:35:00'),(24,'Antitrichia curtipendula\r',NULL,NULL,NULL,'2018-02-13 12:35:00'),(25,'Antitrichia sp.\r',NULL,NULL,NULL,'2018-02-13 12:35:00'),(26,'Aongstroemia sp.\r',NULL,NULL,NULL,'2018-02-13 12:35:00'),(27,'Aphanorrhegma sp.\r',NULL,NULL,NULL,'2018-02-13 12:35:00'),(28,'Aplodon sp.\r',NULL,NULL,NULL,'2018-02-13 12:35:00'),(29,'Archidium sp.\r',NULL,NULL,NULL,'2018-02-13 12:35:00'),(30,'Arctoa sp.\r',NULL,NULL,NULL,'2018-02-13 12:35:00'),(31,'Aschisma sp.\r',NULL,NULL,NULL,'2018-02-13 12:35:00'),(32,'Astomum sp.\r',NULL,NULL,NULL,'2018-02-13 12:35:00'),(33,'Atrichum sp.\r',NULL,NULL,NULL,'2018-02-13 12:35:00'),(34,'Aulacomnium sp.\r',NULL,NULL,NULL,'2018-02-13 12:35:00'),(35,'Barbella pendula sp.\r',NULL,NULL,NULL,'2018-02-13 12:35:00'),(36,'Barbella sp.\r',NULL,NULL,NULL,'2018-02-13 12:35:00'),(37,'Barbula sp.\r',NULL,NULL,NULL,'2018-02-13 12:35:00'),(38,'Bartramia sp.\r',NULL,NULL,NULL,'2018-02-13 12:35:00'),(39,'Bartramidula sp.\r',NULL,NULL,NULL,'2018-02-13 12:35:00'),(40,'Bartramiopsis sp.\r',NULL,NULL,NULL,'2018-02-13 12:35:00'),(41,'Bestia longipes\r',NULL,NULL,NULL,'2018-02-13 12:35:00'),(42,'Bestia sp.\r',NULL,NULL,NULL,'2018-02-13 12:35:00'),(43,'Blindia sp.\r',NULL,NULL,NULL,'2018-02-13 12:35:00'),(44,'Brachelyma sp.\r',NULL,NULL,NULL,'2018-02-13 12:35:00'),(45,'Brachelyma subulatum\r',NULL,NULL,NULL,'2018-02-13 12:35:00'),(46,'Brachydontium sp.\r',NULL,NULL,NULL,'2018-02-13 12:35:00'),(47,'Brachymenium sp.\r',NULL,NULL,NULL,'2018-02-13 12:35:00'),(48,'Brachytheciastrum sp.\r',NULL,NULL,NULL,'2018-02-13 12:35:00'),(49,'Brachythecium sp.\r',NULL,NULL,NULL,'2018-02-13 12:35:00'),(50,'Braunia secunda\r',NULL,NULL,NULL,'2018-02-13 12:35:00'),(51,'Braunia sp.\r',NULL,NULL,NULL,'2018-02-13 12:35:00'),(52,'Brotherella recurvans\r',NULL,NULL,NULL,'2018-02-13 12:35:00'),(53,'Brotherella sp.\r',NULL,NULL,NULL,'2018-02-13 12:35:00'),(54,'Bruchia sp.\r',NULL,NULL,NULL,'2018-02-13 12:35:00'),(55,'Bryhnia novae-anfliae\r',NULL,NULL,NULL,'2018-02-13 12:35:00'),(56,'Bryhnia sp.\r',NULL,NULL,NULL,'2018-02-13 12:35:00'),(57,'Bryoandersonia illecebra\r',NULL,NULL,NULL,'2018-02-13 12:35:00'),(58,'Bryoandersonia sp.\r',NULL,NULL,NULL,'2018-02-13 12:35:00'),(59,'Bryobrittonia sp.\r',NULL,NULL,NULL,'2018-02-13 12:35:00'),(60,'Bryocrumia  vivecolor\r',NULL,NULL,NULL,'2018-02-13 12:35:00'),(61,'Bryocrumia sp.\r',NULL,NULL,NULL,'2018-02-13 12:35:00'),(62,'Bryoerythrophyllum sp.\r',NULL,NULL,NULL,'2018-02-13 12:35:00'),(63,'Bryolawtonia sp.\r',NULL,NULL,NULL,'2018-02-13 12:35:00'),(64,'Bryolawtonia vancouveriensis\r',NULL,NULL,NULL,'2018-02-13 12:35:00'),(65,'Bryoxiphium sp.\r',NULL,NULL,NULL,'2018-02-13 12:35:00'),(66,'Bryum argenteum\r',NULL,NULL,NULL,'2018-02-13 12:35:00'),(67,'Bryum blindii\r',NULL,NULL,NULL,'2018-02-13 12:35:00'),(68,'Bryum calobryoides\r',NULL,NULL,NULL,'2018-02-13 12:35:00'),(69,'Bryum chryseum\r',NULL,NULL,NULL,'2018-02-13 12:35:00'),(70,'Bryum lanatum\r',NULL,NULL,NULL,'2018-02-13 12:35:00'),(71,'Bryum muticum\r',NULL,NULL,NULL,'2018-02-13 12:35:00'),(72,'Bryum sp.\r',NULL,NULL,NULL,'2018-02-13 12:35:00'),(73,'Bryum veronense\r',NULL,NULL,NULL,'2018-02-13 12:35:00'),(74,'Buckiella sp.\r',NULL,NULL,NULL,'2018-02-13 12:35:00'),(75,'Buckiella undulata\r',NULL,NULL,NULL,'2018-02-13 12:35:00'),(76,'Buxbaumia sp.\r',NULL,NULL,NULL,'2018-02-13 12:35:00'),(77,'Callicladium haldanianum\r',NULL,NULL,NULL,'2018-02-13 12:35:00'),(78,'Callicladium sp.\r',NULL,NULL,NULL,'2018-02-13 12:35:00'),(79,'Callicostella pallida\r',NULL,NULL,NULL,'2018-02-13 12:35:00'),(80,'Callicostella sp.\r',NULL,NULL,NULL,'2018-02-13 12:35:00'),(81,'Calliergon cordifolium\r',NULL,NULL,NULL,'2018-02-13 12:35:00'),(82,'Calliergon sp.\r',NULL,NULL,NULL,'2018-02-13 12:35:00'),(83,'Calliergonella cuspidata\r',NULL,NULL,NULL,'2018-02-13 12:35:00'),(84,'Calliergonella sp.\r',NULL,NULL,NULL,'2018-02-13 12:35:00'),(85,'Calymperes sp.\r',NULL,NULL,NULL,'2018-02-13 12:35:00'),(86,'Campylium sp.\r',NULL,NULL,NULL,'2018-02-13 12:35:00'),(87,'Campylopodiella sp.\r',NULL,NULL,NULL,'2018-02-13 12:35:00'),(88,'Campylopus sp.\r',NULL,NULL,NULL,'2018-02-13 12:35:00'),(89,'Campylostelium sp.\r',NULL,NULL,NULL,'2018-02-13 12:35:00'),(90,'Catoscopium sp.\r',NULL,NULL,NULL,'2018-02-13 12:35:00'),(91,'Ceratodon sp.\r',NULL,NULL,NULL,'2018-02-13 12:35:00'),(92,'Chryso-hypnum diminutivum\r',NULL,NULL,NULL,'2018-02-13 12:35:00'),(93,'Chryso-hypnum sp.\r',NULL,NULL,NULL,'2018-02-13 12:35:00'),(94,'Cinclidium sp.\r',NULL,NULL,NULL,'2018-02-13 12:35:00'),(95,'Cirriphyllum piliferum\r',NULL,NULL,NULL,'2018-02-13 12:35:00'),(96,'Cirriphyllum sp.\r',NULL,NULL,NULL,'2018-02-13 12:35:00'),(97,'Claopodium sp.\r',NULL,NULL,NULL,'2018-02-13 12:35:00'),(98,'Clasmatodon parvulus\r',NULL,NULL,NULL,'2018-02-13 12:35:00'),(99,'Clasmatodon sp.\r',NULL,NULL,NULL,'2018-02-13 12:35:00'),(100,'Climacium sp.\r',NULL,NULL,NULL,'2018-02-13 12:35:00'),(101,'Conardia compacta\r',NULL,NULL,NULL,'2018-02-13 12:35:00'),(102,'Conardia sp.\r',NULL,NULL,NULL,'2018-02-13 12:35:00'),(103,'Conostomum sp.\r',NULL,NULL,NULL,'2018-02-13 12:35:00'),(104,'Coscinodon sp.\r',NULL,NULL,NULL,'2018-02-13 12:35:00'),(105,'Cratoneuron sp.\r',NULL,NULL,NULL,'2018-02-13 12:35:00'),(106,'Crossidium sp.\r',NULL,NULL,NULL,'2018-02-13 12:35:00'),(107,'Crumia sp.\r',NULL,NULL,NULL,'2018-02-13 12:35:00'),(108,'Cryphaea ravenelii\r',NULL,NULL,NULL,'2018-02-13 12:35:00'),(109,'Cryphaea sp.\r',NULL,NULL,NULL,'2018-02-13 12:35:00'),(110,'Ctenidium sp.\r',NULL,NULL,NULL,'2018-02-13 12:35:00'),(111,'Cyclodictyon sp.\r',NULL,NULL,NULL,'2018-02-13 12:35:00'),(112,'Cyclodictyon varians\r',NULL,NULL,NULL,'2018-02-13 12:35:00'),(113,'Cynodontium sp.\r',NULL,NULL,NULL,'2018-02-13 12:35:00'),(114,'Cyrto-hypnum sp.\r',NULL,NULL,NULL,'2018-02-13 12:35:00'),(115,'Cyrtomnium sp.\r',NULL,NULL,NULL,'2018-02-13 12:35:00'),(116,'Dacrophyllium falcifolium\r',NULL,NULL,NULL,'2018-02-13 12:35:00'),(117,'Dacrophyllium sp.\r',NULL,NULL,NULL,'2018-02-13 12:35:00'),(118,'Daltonia splachnoides\r',NULL,NULL,NULL,'2018-02-13 12:35:00'),(119,'Daltonia sp.\r',NULL,NULL,NULL,'2018-02-13 12:35:00'),(120,'Dendroalsia abietina\r',NULL,NULL,NULL,'2018-02-13 12:35:00'),(121,'Dendroalsia sp.\r',NULL,NULL,NULL,'2018-02-13 12:35:00'),(122,'Desmatodon sp.\r',NULL,NULL,NULL,'2018-02-13 12:35:00'),(123,'Dichelyma sp.\r',NULL,NULL,NULL,'2018-02-13 12:35:00'),(124,'Dichodontium sp.\r',NULL,NULL,NULL,'2018-02-13 12:35:00'),(125,'Dicranella sp.\r',NULL,NULL,NULL,'2018-02-13 12:35:00'),(126,'Dicranodontium sp.\r',NULL,NULL,NULL,'2018-02-13 12:35:00'),(127,'Dicranoweisia sp.\r',NULL,NULL,NULL,'2018-02-13 12:35:00'),(128,'Dicranum sp.\r',NULL,NULL,NULL,'2018-02-13 12:35:00'),(129,'Didymodon sp.\r',NULL,NULL,NULL,'2018-02-13 12:35:00'),(130,'Diphyscium sp.\r',NULL,NULL,NULL,'2018-02-13 12:35:00'),(131,'Discelium sp.\r',NULL,NULL,NULL,'2018-02-13 12:35:00'),(132,'Distichium sp.\r',NULL,NULL,NULL,'2018-02-13 12:35:00'),(133,'Ditrichum sp.\r',NULL,NULL,NULL,'2018-02-13 12:35:00'),(134,'Donnellia commutata\r',NULL,NULL,NULL,'2018-02-13 12:35:00'),(135,'Donnellia sp.\r',NULL,NULL,NULL,'2018-02-13 12:35:00'),(136,'Donrichardsia macroneuron\r',NULL,NULL,NULL,'2018-02-13 12:35:00'),(137,'Donrichardsia sp.\r',NULL,NULL,NULL,'2018-02-13 12:35:00'),(138,'Drepanocladus simplicissimus\r',NULL,NULL,NULL,'2018-02-13 12:35:00'),(139,'Drepanocladus aduncus\r',NULL,NULL,NULL,'2018-02-13 12:35:00'),(140,'Drepanocladus polygamus\r',NULL,NULL,NULL,'2018-02-13 12:35:00'),(141,'Drepanocladus sp.\r',NULL,NULL,NULL,'2018-02-13 12:35:00'),(142,'Drummondia prorepens\r',NULL,NULL,NULL,'2018-02-13 12:35:00'),(143,'Drummondia sp.\r',NULL,NULL,NULL,'2018-02-13 12:35:00'),(144,'Dryptodon sp.\r',NULL,NULL,NULL,'2018-02-13 12:35:00'),(145,'Eccremidium sp.\r',NULL,NULL,NULL,'2018-02-13 12:35:00'),(146,'Elodium sp.\r',NULL,NULL,NULL,'2018-02-13 12:35:00'),(147,'Encalypta sp.\r',NULL,NULL,NULL,'2018-02-13 12:35:00'),(148,'Entodon sp.\r',NULL,NULL,NULL,'2018-02-13 12:35:00'),(149,'Entodontopsis leucostega\r',NULL,NULL,NULL,'2018-02-13 12:35:00'),(150,'Entodontopsis sp.\r',NULL,NULL,NULL,'2018-02-13 12:35:00'),(151,'Entosthodon sp.\r',NULL,NULL,NULL,'2018-02-13 12:35:00'),(152,'Ephemerum sp.\r',NULL,NULL,NULL,'2018-02-13 12:35:00'),(153,'Epipterygium sp.\r',NULL,NULL,NULL,'2018-02-13 12:35:00'),(154,'Epipterygium tozeri\r',NULL,NULL,NULL,'2018-02-13 12:35:00'),(155,'Erpodium sp.\r',NULL,NULL,NULL,'2018-02-13 12:35:00'),(156,'Eucladium sp.\r',NULL,NULL,NULL,'2018-02-13 12:35:00'),(157,'Eurhynchiastrum pulchellum\r',NULL,NULL,NULL,'2018-02-13 12:35:00'),(158,'Eurhynchiastrum sp.\r',NULL,NULL,NULL,'2018-02-13 12:35:00'),(159,'Fabronia sp.\r',NULL,NULL,NULL,'2018-02-13 12:35:00'),(160,'Fissidens sp.\r',NULL,NULL,NULL,'2018-02-13 12:35:00'),(161,'Fontinalis sp.\r',NULL,NULL,NULL,'2018-02-13 12:35:00'),(162,'Forsstroemia producta\r',NULL,NULL,NULL,'2018-02-13 12:35:00'),(163,'Forsstroemia sp.\r',NULL,NULL,NULL,'2018-02-13 12:35:00'),(164,'Forsstroemia trichomitra\r',NULL,NULL,NULL,'2018-02-13 12:35:00'),(165,'Funaria sp.\r',NULL,NULL,NULL,'2018-02-13 12:35:00'),(166,'Geheebia sp.\r',NULL,NULL,NULL,'2018-02-13 12:35:00'),(167,'Gemmabryum badium\r',NULL,NULL,NULL,'2018-02-13 12:35:00'),(168,'Gemmabryum barnesii\r',NULL,NULL,NULL,'2018-02-13 12:35:00'),(169,'Gemmabryum brassicoides\r',NULL,NULL,NULL,'2018-02-13 12:35:00'),(170,'Gemmabryum caespiticium\r',NULL,NULL,NULL,'2018-02-13 12:35:00'),(171,'Gemmabryum californicum\r',NULL,NULL,NULL,'2018-02-13 12:35:00'),(172,'Gemmabryum demaretianum\r',NULL,NULL,NULL,'2018-02-13 12:35:00'),(173,'Gemmabryum dichotomum\r',NULL,NULL,NULL,'2018-02-13 12:35:00'),(174,'Gemmabryum gemmiferum\r',NULL,NULL,NULL,'2018-02-13 12:35:00'),(175,'Gemmabryum gemmilucens\r',NULL,NULL,NULL,'2018-02-13 12:35:00'),(176,'Gemmabryum klinggraeffii\r',NULL,NULL,NULL,'2018-02-13 12:35:00'),(177,'Gemmabryum kunzei\r',NULL,NULL,NULL,'2018-02-13 12:35:00'),(178,'Gemmabryum radiculosum\r',NULL,NULL,NULL,'2018-02-13 12:35:00'),(179,'Gemmabryum subapiculatum\r',NULL,NULL,NULL,'2018-02-13 12:35:00'),(180,'Gemmabryum tablemontensis\r',NULL,NULL,NULL,'2018-02-13 12:35:00'),(181,'Gemmabryum tehamense\r',NULL,NULL,NULL,'2018-02-13 12:35:00'),(182,'Gemmabryum tenuisetum\r',NULL,NULL,NULL,'2018-02-13 12:35:00'),(183,'Gemmabryum valparaisense\r',NULL,NULL,NULL,'2018-02-13 12:35:00'),(184,'Gemmabryum vinosum\r',NULL,NULL,NULL,'2018-02-13 12:35:00'),(185,'Gemmabryum violaceum\r',NULL,NULL,NULL,'2018-02-13 12:35:00'),(186,'Globulinella sp.\r',NULL,NULL,NULL,'2018-02-13 12:35:00'),(187,'Gollania turgens\r',NULL,NULL,NULL,'2018-02-13 12:35:00'),(188,'Gollania sp.\r',NULL,NULL,NULL,'2018-02-13 12:35:00'),(189,'Grimmia alpestris\r',NULL,NULL,NULL,'2018-02-13 12:35:00'),(190,'Grimmia americana\r',NULL,NULL,NULL,'2018-02-13 12:35:00'),(191,'Grimmia anodon\r',NULL,NULL,NULL,'2018-02-13 12:35:00'),(192,'Grimmia anomala\r',NULL,NULL,NULL,'2018-02-13 12:35:00'),(193,'Grimmia arizonae\r',NULL,NULL,NULL,'2018-02-13 12:35:00'),(194,'Grimmia atrata\r',NULL,NULL,NULL,'2018-02-13 12:35:00'),(195,'Grimmia attenuata\r',NULL,NULL,NULL,'2018-02-13 12:35:00'),(196,'Grimmia caespiticia\r',NULL,NULL,NULL,'2018-02-13 12:35:00'),(197,'Grimmia donniana\r',NULL,NULL,NULL,'2018-02-13 12:35:00'),(198,'Grimmia elatior\r',NULL,NULL,NULL,'2018-02-13 12:35:00'),(199,'Grimmia elongata\r',NULL,NULL,NULL,'2018-02-13 12:35:00'),(200,'Grimmia funalis\r',NULL,NULL,NULL,'2018-02-13 12:35:00'),(201,'Grimmia hamulosa\r',NULL,NULL,NULL,'2018-02-13 12:35:00'),(202,'Grimmia hartmanii\r',NULL,NULL,NULL,'2018-02-13 12:35:00'),(203,'Grimmia incurva\r',NULL,NULL,NULL,'2018-02-13 12:35:00'),(204,'Grimmia laevigata\r',NULL,NULL,NULL,'2018-02-13 12:35:00'),(205,'Grimmia leibergii\r',NULL,NULL,NULL,'2018-02-13 12:35:00'),(206,'Grimmia lisae\r',NULL,NULL,NULL,'2018-02-13 12:35:00'),(207,'Grimmia longirostris\r',NULL,NULL,NULL,'2018-02-13 12:35:00'),(208,'Grimmia mariniana\r',NULL,NULL,NULL,'2018-02-13 12:35:00'),(209,'Grimmia milleri\r',NULL,NULL,NULL,'2018-02-13 12:35:00'),(210,'Grimmia montana\r',NULL,NULL,NULL,'2018-02-13 12:35:00'),(211,'Grimmia moxleyi\r',NULL,NULL,NULL,'2018-02-13 12:35:00'),(212,'Grimmia muehlenbeckii\r',NULL,NULL,NULL,'2018-02-13 12:35:00'),(213,'Grimmia nevadensis\r',NULL,NULL,NULL,'2018-02-13 12:35:00'),(214,'Grimmia olneyi\r',NULL,NULL,NULL,'2018-02-13 12:35:00'),(215,'Grimmia orbicularis\r',NULL,NULL,NULL,'2018-02-13 12:35:00'),(216,'Grimmia ovalis\r',NULL,NULL,NULL,'2018-02-13 12:35:00'),(217,'Grimmia pilifera\r',NULL,NULL,NULL,'2018-02-13 12:35:00'),(218,'Grimmia plagiopodia\r',NULL,NULL,NULL,'2018-02-13 12:35:00'),(219,'Grimmia poecilostoma\r',NULL,NULL,NULL,'2018-02-13 12:35:00'),(220,'Grimmia pulvinata\r',NULL,NULL,NULL,'2018-02-13 12:35:00'),(221,'Grimmia ramondii\r',NULL,NULL,NULL,'2018-02-13 12:35:00'),(222,'Grimmia serrana\r',NULL,NULL,NULL,'2018-02-13 12:35:00'),(223,'Grimmia sessitana\r',NULL,NULL,NULL,'2018-02-13 12:35:00'),(224,'Grimmia sp.\r',NULL,NULL,NULL,'2018-02-13 12:35:00'),(225,'Grimmia torenii\r',NULL,NULL,NULL,'2018-02-13 12:35:00'),(226,'Grimmia torquata\r',NULL,NULL,NULL,'2018-02-13 12:35:00'),(227,'Grimmia trichophylla\r',NULL,NULL,NULL,'2018-02-13 12:35:00'),(228,'Grimmia unicolor\r',NULL,NULL,NULL,'2018-02-13 12:35:00'),(229,'Groutiella sp.\r',NULL,NULL,NULL,'2018-02-13 12:35:00'),(230,'Gymnostomiella sp.\r',NULL,NULL,NULL,'2018-02-13 12:35:00'),(231,'Gymnostomum sp.\r',NULL,NULL,NULL,'2018-02-13 12:35:00'),(232,'Gyroweisia sp.\r',NULL,NULL,NULL,'2018-02-13 12:35:00'),(233,'Hamatocaulis sp.\r',NULL,NULL,NULL,'2018-02-13 12:35:00'),(234,'Haplocladium sp.\r',NULL,NULL,NULL,'2018-02-13 12:35:00'),(235,'Haplohymenium triste\r',NULL,NULL,NULL,'2018-02-13 12:35:00'),(236,'Haplohymenium sp.\r',NULL,NULL,NULL,'2018-02-13 12:35:00'),(237,'Hedwigia ciliata\r',NULL,NULL,NULL,'2018-02-13 12:35:00'),(238,'Hedwigia sp.\r',NULL,NULL,NULL,'2018-02-13 12:35:00'),(239,'Helodium sp.\r',NULL,NULL,NULL,'2018-02-13 12:35:00'),(240,'Henicodium sp.\r',NULL,NULL,NULL,'2018-02-13 12:35:00'),(241,'Hennediella sp.\r',NULL,NULL,NULL,'2018-02-13 12:35:00'),(242,'Herpetineuron sp.\r',NULL,NULL,NULL,'2018-02-13 12:35:00'),(243,'Herpetineuron toccae\r',NULL,NULL,NULL,'2018-02-13 12:35:00'),(244,'Herzogiella adscendens\r',NULL,NULL,NULL,'2018-02-13 12:35:00'),(245,'Herzogiella seligeri\r',NULL,NULL,NULL,'2018-02-13 12:35:00'),(246,'Herzogiella sp.\r',NULL,NULL,NULL,'2018-02-13 12:35:00'),(247,'Herzogiella striatella\r',NULL,NULL,NULL,'2018-02-13 12:35:00'),(248,'Herzogiella turfacea\r',NULL,NULL,NULL,'2018-02-13 12:35:00'),(249,'Heterocladium dimorphum\r',NULL,NULL,NULL,'2018-02-13 12:35:00'),(250,'Heterocladium macounii\r',NULL,NULL,NULL,'2018-02-13 12:35:00'),(251,'Heterocladium procurrens\r',NULL,NULL,NULL,'2018-02-13 12:35:00'),(252,'Heterocladium sp.\r',NULL,NULL,NULL,'2018-02-13 12:35:00'),(253,'Heterophyllium sp.\r',NULL,NULL,NULL,'2018-02-13 12:35:00'),(254,'Heterophyllum affine\r',NULL,NULL,NULL,'2018-02-13 12:35:00'),(255,'Homalia sp.\r',NULL,NULL,NULL,'2018-02-13 12:35:00'),(256,'Homalia trichomanoides\r',NULL,NULL,NULL,'2018-02-13 12:35:00'),(257,'Homaliadelphus sharpii\r',NULL,NULL,NULL,'2018-02-13 12:35:00'),(258,'Homaliadelphus sp.\r',NULL,NULL,NULL,'2018-02-13 12:35:00'),(259,'Homalotheciella sp.\r',NULL,NULL,NULL,'2018-02-13 12:35:00'),(260,'Homalotheciella subcapillata\r',NULL,NULL,NULL,'2018-02-13 12:35:00'),(261,'Homalothecium sp.\r',NULL,NULL,NULL,'2018-02-13 12:35:00'),(262,'Homomallium sp.\r',NULL,NULL,NULL,'2018-02-13 12:35:00'),(263,'Hookeria sp.\r',NULL,NULL,NULL,'2018-02-13 12:35:00'),(264,'Hygohypnum sp.\r',NULL,NULL,NULL,'2018-02-13 12:35:00'),(265,'Hygroamblystegium sp.\r',NULL,NULL,NULL,'2018-02-13 12:35:00'),(266,'Hygroamblystegium tenax\r',NULL,NULL,NULL,'2018-02-13 12:35:00'),(267,'Hylocomiastrum umbratum\r',NULL,NULL,NULL,'2018-02-13 12:35:00'),(268,'Hylocomiastrum pyrenaicum\r',NULL,NULL,NULL,'2018-02-13 12:35:00'),(269,'Hylocomiastrum sp.\r',NULL,NULL,NULL,'2018-02-13 12:35:00'),(270,'Hylocomium sp.\r',NULL,NULL,NULL,'2018-02-13 12:35:00'),(271,'Hylocomium splendens\r',NULL,NULL,NULL,'2018-02-13 12:35:00'),(272,'Hymenostylium sp.\r',NULL,NULL,NULL,'2018-02-13 12:35:00'),(273,'Hyophila sp.\r',NULL,NULL,NULL,'2018-02-13 12:35:00'),(274,'Hypnum sp.\r',NULL,NULL,NULL,'2018-02-13 12:35:00'),(275,'Hypopterygium sp.\r',NULL,NULL,NULL,'2018-02-13 12:35:00'),(276,'Indusiella sp.\r',NULL,NULL,NULL,'2018-02-13 12:35:00'),(277,'Isopterygiopsis muelleriana\r',NULL,NULL,NULL,'2018-02-13 12:35:00'),(278,'Isopterygiopsis sp.\r',NULL,NULL,NULL,'2018-02-13 12:35:00'),(279,'Isopterygium sp.\r',NULL,NULL,NULL,'2018-02-13 12:35:00'),(280,'Isopterygium tenerum\r',NULL,NULL,NULL,'2018-02-13 12:35:00'),(281,'Isothecium myosuroides\r',NULL,NULL,NULL,'2018-02-13 12:35:00'),(282,'Isothecium sp.\r',NULL,NULL,NULL,'2018-02-13 12:35:00'),(283,'Iwatsukiella leucotricha\r',NULL,NULL,NULL,'2018-02-13 12:35:00'),(284,'Iwatsukiella sp.\r',NULL,NULL,NULL,'2018-02-13 12:35:00'),(285,'Jaegerina scariosa\r',NULL,NULL,NULL,'2018-02-13 12:35:00'),(286,'Jaegerina sp.\r',NULL,NULL,NULL,'2018-02-13 12:35:00'),(287,'Jaffueliobryum sp.\r',NULL,NULL,NULL,'2018-02-13 12:35:00'),(288,'Kiaeria sp.\r',NULL,NULL,NULL,'2018-02-13 12:35:00'),(289,'Kindbergia sp.\r',NULL,NULL,NULL,'2018-02-13 12:35:00'),(290,'Lepidopilum polytrichoides\r',NULL,NULL,NULL,'2018-02-13 12:35:00'),(291,'Lepidopilum sp.\r',NULL,NULL,NULL,'2018-02-13 12:35:00'),(292,'Leptobryum sp.\r',NULL,NULL,NULL,'2018-02-13 12:35:00'),(293,'Leptodictyum riparium\r',NULL,NULL,NULL,'2018-02-13 12:35:00'),(294,'Leptodictyum sp.\r',NULL,NULL,NULL,'2018-02-13 12:35:00'),(295,'Leptodon smithii\r',NULL,NULL,NULL,'2018-02-13 12:35:00'),(296,'Leptodon sp.\r',NULL,NULL,NULL,'2018-02-13 12:35:00'),(297,'Leptodontium sp.\r',NULL,NULL,NULL,'2018-02-13 12:35:00'),(298,'Leptohymenium sharpii\r',NULL,NULL,NULL,'2018-02-13 12:35:00'),(299,'Leptohymenium sp.\r',NULL,NULL,NULL,'2018-02-13 12:35:00'),(300,'Leptopterigynandrum sp.\r',NULL,NULL,NULL,'2018-02-13 12:35:00'),(301,'Lescuraea sp.\r',NULL,NULL,NULL,'2018-02-13 12:35:00'),(302,'Leskea sp.\r',NULL,NULL,NULL,'2018-02-13 12:35:00'),(303,'Leskeella nervosa\r',NULL,NULL,NULL,'2018-02-13 12:35:00'),(304,'Leskeella sp.\r',NULL,NULL,NULL,'2018-02-13 12:35:00'),(305,'Leucobryum sp.\r',NULL,NULL,NULL,'2018-02-13 12:35:00'),(306,'Leucodon sp.\r',NULL,NULL,NULL,'2018-02-13 12:35:00'),(307,'Leucolepis acanthoneura\r',NULL,NULL,NULL,'2018-02-13 12:35:00'),(308,'Leucolepis sp.\r',NULL,NULL,NULL,'2018-02-13 12:35:00'),(309,'Limbella fryei\r',NULL,NULL,NULL,'2018-02-13 12:35:00'),(310,'Limbella sp.\r',NULL,NULL,NULL,'2018-02-13 12:35:00'),(311,'Limprichtia sp.\r',NULL,NULL,NULL,'2018-02-13 12:35:00'),(312,'Lindbergia mexicana\r',NULL,NULL,NULL,'2018-02-13 12:35:00'),(313,'Lindbergia brachyptera\r',NULL,NULL,NULL,'2018-02-13 12:35:00'),(314,'Lindbergia sp.\r',NULL,NULL,NULL,'2018-02-13 12:35:00'),(315,'Loeskeobryum brevirostre\r',NULL,NULL,NULL,'2018-02-13 12:35:00'),(316,'Loeskeobryum sp.\r',NULL,NULL,NULL,'2018-02-13 12:35:00'),(317,'Loeskypnum sp.\r',NULL,NULL,NULL,'2018-02-13 12:35:00'),(318,'Loeskypnum badium\r',NULL,NULL,NULL,'2018-02-13 12:35:00'),(319,'Lorentziella sp.\r',NULL,NULL,NULL,'2018-02-13 12:35:00'),(320,'Luisierella sp.\r',NULL,NULL,NULL,'2018-02-13 12:35:00'),(321,'Lyellia sp.\r',NULL,NULL,NULL,'2018-02-13 12:35:00'),(322,'Macrocoma sp.\r',NULL,NULL,NULL,'2018-02-13 12:35:00'),(323,'Macromitrium richardii\r',NULL,NULL,NULL,'2018-02-13 12:35:00'),(324,'Macromitrium sp.\r',NULL,NULL,NULL,'2018-02-13 12:35:00'),(325,'Meesia sp.\r',NULL,NULL,NULL,'2018-02-13 12:35:00'),(326,'Metaneckera menziesii\r',NULL,NULL,NULL,'2018-02-13 12:35:00'),(327,'Metaneckera sp.\r',NULL,NULL,NULL,'2018-02-13 12:35:00'),(328,'Microbryum sp.\r',NULL,NULL,NULL,'2018-02-13 12:35:00'),(329,'Micromitrium sp.\r',NULL,NULL,NULL,'2018-02-13 12:35:00'),(330,'Mielichhoferia sp.\r',NULL,NULL,NULL,'2018-02-13 12:35:00'),(331,'Mnium sp.\r',NULL,NULL,NULL,'2018-02-13 12:35:00'),(332,'Molendoa sp.\r',NULL,NULL,NULL,'2018-02-13 12:35:00'),(333,'Myrinia pulvinata\r',NULL,NULL,NULL,'2018-02-13 12:35:00'),(334,'Myrinia sp.\r',NULL,NULL,NULL,'2018-02-13 12:35:00'),(335,'Myurella julacea\r',NULL,NULL,NULL,'2018-02-13 12:35:00'),(336,'Myurella siberica\r',NULL,NULL,NULL,'2018-02-13 12:35:00'),(337,'Myurella sp.\r',NULL,NULL,NULL,'2018-02-13 12:35:00'),(338,'Myurella tenerrima\r',NULL,NULL,NULL,'2018-02-13 12:35:00'),(339,'Myuroclada maximowiczii\r',NULL,NULL,NULL,'2018-02-13 12:35:00'),(340,'Myuroclada sp.\r',NULL,NULL,NULL,'2018-02-13 12:35:00'),(341,'Neckera menziesii\r',NULL,NULL,NULL,'2018-02-13 12:35:00'),(342,'Neckera sp.\r',NULL,NULL,NULL,'2018-02-13 12:35:00'),(343,'Neckeropsis sp.\r',NULL,NULL,NULL,'2018-02-13 12:35:00'),(344,'Neohyophila sp.\r',NULL,NULL,NULL,'2018-02-13 12:35:00'),(345,'Neomacounia nitida\r',NULL,NULL,NULL,'2018-02-13 12:35:00'),(346,'Neomacounia sp.\r',NULL,NULL,NULL,'2018-02-13 12:35:00'),(347,'Nititrichia sp.\r',NULL,NULL,NULL,'2018-02-13 12:35:00'),(348,'Nogopterium gracile gracile\r',NULL,NULL,NULL,'2018-02-13 12:35:00'),(349,'Nogopterium sp.\r',NULL,NULL,NULL,'2018-02-13 12:35:00'),(350,'Octoblepharum sp.\r',NULL,NULL,NULL,'2018-02-13 12:35:00'),(351,'Oedipodium sp.\r',NULL,NULL,NULL,'2018-02-13 12:35:00'),(352,'Oligotrichum sp.\r',NULL,NULL,NULL,'2018-02-13 12:35:00'),(353,'Oncophorus sp.\r',NULL,NULL,NULL,'2018-02-13 12:35:00'),(354,'Oreas sp.\r',NULL,NULL,NULL,'2018-02-13 12:35:00'),(355,'Orthodontium sp.\r',NULL,NULL,NULL,'2018-02-13 12:35:00'),(356,'Orthothecium sp.\r',NULL,NULL,NULL,'2018-02-13 12:35:00'),(357,'Orthotrichum affine\r',NULL,NULL,NULL,'2018-02-13 12:35:00'),(358,'Orthotrichum alpestre\r',NULL,NULL,NULL,'2018-02-13 12:35:00'),(359,'Orthotrichum anodon\r',NULL,NULL,NULL,'2018-02-13 12:35:00'),(360,'Orthotrichum anomalum\r',NULL,NULL,NULL,'2018-02-13 12:35:00'),(361,'Orthotrichum bartramii\r',NULL,NULL,NULL,'2018-02-13 12:35:00'),(362,'Orthotrichum bolanderi\r',NULL,NULL,NULL,'2018-02-13 12:35:00'),(363,'Orthotrichum columbicum\r',NULL,NULL,NULL,'2018-02-13 12:35:00'),(364,'Orthotrichum comosum\r',NULL,NULL,NULL,'2018-02-13 12:35:00'),(365,'Orthotrichum confusum\r',NULL,NULL,NULL,'2018-02-13 12:35:00'),(366,'Orthotrichum consimile\r',NULL,NULL,NULL,'2018-02-13 12:35:00'),(367,'Orthotrichum coulteri\r',NULL,NULL,NULL,'2018-02-13 12:35:00'),(368,'Orthotrichum cucullatum\r',NULL,NULL,NULL,'2018-02-13 12:35:00'),(369,'Orthotrichum cupulatum\r',NULL,NULL,NULL,'2018-02-13 12:35:00'),(370,'Orthotrichum diaphanum\r',NULL,NULL,NULL,'2018-02-13 12:35:00'),(371,'Orthotrichum elegans\r',NULL,NULL,NULL,'2018-02-13 12:35:00'),(372,'Orthotrichum euryphyllum\r',NULL,NULL,NULL,'2018-02-13 12:35:00'),(373,'Orthotrichum exiguum\r',NULL,NULL,NULL,'2018-02-13 12:35:00'),(374,'Orthotrichum fenestratum\r',NULL,NULL,NULL,'2018-02-13 12:35:00'),(375,'Orthotrichum flowersii\r',NULL,NULL,NULL,'2018-02-13 12:35:00'),(376,'Orthotrichum franciscanum\r',NULL,NULL,NULL,'2018-02-13 12:35:00'),(377,'Orthotrichum gymnostomum\r',NULL,NULL,NULL,'2018-02-13 12:35:00'),(378,'Orthotrichum hallii\r',NULL,NULL,NULL,'2018-02-13 12:35:00'),(379,'Orthotrichum handiense\r',NULL,NULL,NULL,'2018-02-13 12:35:00'),(380,'Orthotrichum holzingeri\r',NULL,NULL,NULL,'2018-02-13 12:35:00'),(381,'Orthotrichum keeverae\r',NULL,NULL,NULL,'2018-02-13 12:35:00'),(382,'Orthotrichum kellmanii\r',NULL,NULL,NULL,'2018-02-13 12:35:00'),(383,'Orthotrichum laevigatum\r',NULL,NULL,NULL,'2018-02-13 12:35:00'),(384,'Orthotrichum lescurii\r',NULL,NULL,NULL,'2018-02-13 12:35:00'),(385,'Orthotrichum lyellii\r',NULL,NULL,NULL,'2018-02-13 12:35:00'),(386,'Orthotrichum macounii\r',NULL,NULL,NULL,'2018-02-13 12:35:00'),(387,'Orthotrichum mazimpakanum\r',NULL,NULL,NULL,'2018-02-13 12:35:00'),(388,'Orthotrichum norrisii\r',NULL,NULL,NULL,'2018-02-13 12:35:00'),(389,'Orthotrichum obtusifolium\r',NULL,NULL,NULL,'2018-02-13 12:35:00'),(390,'Orthotrichum ohioense\r',NULL,NULL,NULL,'2018-02-13 12:35:00'),(391,'Orthotrichum pallens\r',NULL,NULL,NULL,'2018-02-13 12:35:00'),(392,'Orthotrichum papillosum\r',NULL,NULL,NULL,'2018-02-13 12:35:00'),(393,'Orthotrichum parvulum\r',NULL,NULL,NULL,'2018-02-13 12:35:00'),(394,'Orthotrichum patens\r',NULL,NULL,NULL,'2018-02-13 12:35:00'),(395,'Orthotrichum pellucidum\r',NULL,NULL,NULL,'2018-02-13 12:35:00'),(396,'Orthotrichum persimile\r',NULL,NULL,NULL,'2018-02-13 12:35:00'),(397,'Orthotrichum pilosissimum\r',NULL,NULL,NULL,'2018-02-13 12:35:00'),(398,'Orthotrichum praemorsum\r',NULL,NULL,NULL,'2018-02-13 12:35:00'),(399,'Orthotrichum pulchellum\r',NULL,NULL,NULL,'2018-02-13 12:35:00'),(400,'Orthotrichum pumilum\r',NULL,NULL,NULL,'2018-02-13 12:35:00'),(401,'Orthotrichum pusillum\r',NULL,NULL,NULL,'2018-02-13 12:35:00'),(402,'Orthotrichum pycnophyllum\r',NULL,NULL,NULL,'2018-02-13 12:35:00'),(403,'Orthotrichum pylaisii\r',NULL,NULL,NULL,'2018-02-13 12:35:00'),(404,'Orthotrichum rivulare\r',NULL,NULL,NULL,'2018-02-13 12:35:00'),(405,'Orthotrichum rupestre\r',NULL,NULL,NULL,'2018-02-13 12:35:00'),(406,'Orthotrichum scanicum\r',NULL,NULL,NULL,'2018-02-13 12:35:00'),(407,'Orthotrichum schimperi\r',NULL,NULL,NULL,'2018-02-13 12:35:00'),(408,'Orthotrichum shawii\r',NULL,NULL,NULL,'2018-02-13 12:35:00'),(409,'Orthotrichum shevockii\r',NULL,NULL,NULL,'2018-02-13 12:35:00'),(410,'Orthotrichum sordidum\r',NULL,NULL,NULL,'2018-02-13 12:35:00'),(411,'Orthotrichum sp.\r',NULL,NULL,NULL,'2018-02-13 12:35:00'),(412,'Orthotrichum speciosum\r',NULL,NULL,NULL,'2018-02-13 12:35:00'),(413,'Orthotrichum spjutii\r',NULL,NULL,NULL,'2018-02-13 12:35:00'),(414,'Orthotrichum stellatum\r',NULL,NULL,NULL,'2018-02-13 12:35:00'),(415,'Orthotrichum stramineum\r',NULL,NULL,NULL,'2018-02-13 12:35:00'),(416,'Orthotrichum strangulatum\r',NULL,NULL,NULL,'2018-02-13 12:35:00'),(417,'Orthotrichum striatum\r',NULL,NULL,NULL,'2018-02-13 12:35:00'),(418,'Orthotrichum tenellum\r',NULL,NULL,NULL,'2018-02-13 12:35:00'),(419,'Orthotrichum texanum\r',NULL,NULL,NULL,'2018-02-13 12:35:00'),(420,'Orthotrichum underwoodii\r',NULL,NULL,NULL,'2018-02-13 12:35:00'),(421,'Orthotrichum xxA\r',NULL,NULL,NULL,'2018-02-13 12:35:00'),(422,'Orthotrichum xxB\r',NULL,NULL,NULL,'2018-02-13 12:35:00'),(423,'Orthotrichum xxC\r',NULL,NULL,NULL,'2018-02-13 12:35:00'),(424,'Orthotrichum yosemitensis\r',NULL,NULL,NULL,'2018-02-13 12:35:00'),(425,'Oxystegus sp.\r',NULL,NULL,NULL,'2018-02-13 12:35:00'),(426,'Palamocladium leskeoides\r',NULL,NULL,NULL,'2018-02-13 12:35:00'),(427,'Palamocladium sp.\r',NULL,NULL,NULL,'2018-02-13 12:35:00'),(428,'Paludella sp.\r',NULL,NULL,NULL,'2018-02-13 12:35:00'),(429,'Palustriella sp.\r',NULL,NULL,NULL,'2018-02-13 12:35:00'),(430,'Papillaria nigrescens\r',NULL,NULL,NULL,'2018-02-13 12:35:00'),(431,'Papillaria sp.\r',NULL,NULL,NULL,'2018-02-13 12:35:00'),(432,'Paraleptodontium sp.\r',NULL,NULL,NULL,'2018-02-13 12:35:00'),(433,'Paraleucobryum sp.\r',NULL,NULL,NULL,'2018-02-13 12:35:00'),(434,'Phascum sp.\r',NULL,NULL,NULL,'2018-02-13 12:35:00'),(435,'Philonotis sp.\r',NULL,NULL,NULL,'2018-02-13 12:35:00'),(436,'Physcomitrella sp.\r',NULL,NULL,NULL,'2018-02-13 12:35:00'),(437,'Physcomitrium sp.\r',NULL,NULL,NULL,'2018-02-13 12:35:00'),(438,'Pireella sp.\r',NULL,NULL,NULL,'2018-02-13 12:35:00'),(439,'Plagiobryum sp.\r',NULL,NULL,NULL,'2018-02-13 12:35:00'),(440,'Plagiomnium sp.\r',NULL,NULL,NULL,'2018-02-13 12:35:00'),(441,'Plagiopus sp.\r',NULL,NULL,NULL,'2018-02-13 12:35:00'),(442,'Plagiothecium sp.\r',NULL,NULL,NULL,'2018-02-13 12:35:00'),(443,'Platydictya sp.\r',NULL,NULL,NULL,'2018-02-13 12:35:00'),(444,'Platygyrium sp.\r',NULL,NULL,NULL,'2018-02-13 12:35:00'),(445,'Platyhypnidium riparioides\r',NULL,NULL,NULL,'2018-02-13 12:35:00'),(446,'Platyhypnidium sp.\r',NULL,NULL,NULL,'2018-02-13 12:35:00'),(447,'Platylomella lescurii\r',NULL,NULL,NULL,'2018-02-13 12:35:00'),(448,'Platylomella sp.\r',NULL,NULL,NULL,'2018-02-13 12:35:00'),(449,'Plaubella sp.\r',NULL,NULL,NULL,'2018-02-13 12:35:00'),(450,'Pleuridium sp.\r',NULL,NULL,NULL,'2018-02-13 12:35:00'),(451,'Pleurochaete sp.\r',NULL,NULL,NULL,'2018-02-13 12:35:00'),(452,'Pleuroziopsis ruthenica\r',NULL,NULL,NULL,'2018-02-13 12:35:00'),(453,'Pleuroziopsis sp.\r',NULL,NULL,NULL,'2018-02-13 12:35:00'),(454,'Pleurozium schreberi\r',NULL,NULL,NULL,'2018-02-13 12:35:00'),(455,'Pleurozium sp.\r',NULL,NULL,NULL,'2018-02-13 12:35:00'),(456,'Pogonatum sp.\r',NULL,NULL,NULL,'2018-02-13 12:35:00'),(457,'Pohlia sp.\r',NULL,NULL,NULL,'2018-02-13 12:35:00'),(458,'Polytrichastrum sp.\r',NULL,NULL,NULL,'2018-02-13 12:35:00'),(459,'Polytrichum sp.\r',NULL,NULL,NULL,'2018-02-13 12:35:00'),(460,'Porotrichum bigelovii\r',NULL,NULL,NULL,'2018-02-13 12:35:00'),(461,'Porotrichum sp.\r',NULL,NULL,NULL,'2018-02-13 12:35:00'),(462,'Pottia (Microbryum) sp.\r',NULL,NULL,NULL,'2018-02-13 12:35:00'),(463,'Pottia sp.\r',NULL,NULL,NULL,'2018-02-13 12:35:00'),(464,'Pseudobraunia californica\r',NULL,NULL,NULL,'2018-02-13 12:35:00'),(465,'Pseudobraunia sp.\r',NULL,NULL,NULL,'2018-02-13 12:35:00'),(466,'Pseudobryum sp.\r',NULL,NULL,NULL,'2018-02-13 12:35:00'),(467,'Pseudocalliergon sp.\r',NULL,NULL,NULL,'2018-02-13 12:35:00'),(468,'Pseudocalliergon turgescens\r',NULL,NULL,NULL,'2018-02-13 12:35:00'),(469,'Pseudocrossidium sp.\r',NULL,NULL,NULL,'2018-02-13 12:35:00'),(470,'Pseudocryphaea domingensis\r',NULL,NULL,NULL,'2018-02-13 12:35:00'),(471,'Pseudocryphaea sp.\r',NULL,NULL,NULL,'2018-02-13 12:35:00'),(472,'Pseudoditrichum sp.\r',NULL,NULL,NULL,'2018-02-13 12:35:00'),(473,'Pseudoephemerum sp.\r',NULL,NULL,NULL,'2018-02-13 12:35:00'),(474,'Pseudoleskea sp.\r',NULL,NULL,NULL,'2018-02-13 12:35:00'),(475,'Pseudoleskeella tectorum\r',NULL,NULL,NULL,'2018-02-13 12:35:00'),(476,'Pseudoleskeella sp.\r',NULL,NULL,NULL,'2018-02-13 12:35:00'),(477,'Pseudoscleropodium purum\r',NULL,NULL,NULL,'2018-02-13 12:35:00'),(478,'Pseudoscleropodium sp.\r',NULL,NULL,NULL,'2018-02-13 12:35:00'),(479,'Pseudotaxiphyllum sp.\r',NULL,NULL,NULL,'2018-02-13 12:35:00'),(480,'Psilopilum sp.\r',NULL,NULL,NULL,'2018-02-13 12:35:00'),(481,'Pterigynandrum filiforme\r',NULL,NULL,NULL,'2018-02-13 12:35:00'),(482,'Pterigynandrum sp.\r',NULL,NULL,NULL,'2018-02-13 12:35:00'),(483,'Pterygoneurum sp.\r',NULL,NULL,NULL,'2018-02-13 12:35:00'),(484,'Ptilium crista-castrensis\r',NULL,NULL,NULL,'2018-02-13 12:35:00'),(485,'Ptilium sp.\r',NULL,NULL,NULL,'2018-02-13 12:35:00'),(486,'Ptychomitrium sp.\r',NULL,NULL,NULL,'2018-02-13 12:35:00'),(487,'Pylaisiadelpha sp.\r',NULL,NULL,NULL,'2018-02-13 12:35:00'),(488,'Pylaisiadelpha tenuirostris\r',NULL,NULL,NULL,'2018-02-13 12:35:00'),(489,'Pylaisiella sp.\r',NULL,NULL,NULL,'2018-02-13 12:35:00'),(490,'Pyramidula sp.\r',NULL,NULL,NULL,'2018-02-13 12:35:00'),(491,'Pyrrhobryum sp.\r',NULL,NULL,NULL,'2018-02-13 12:35:00'),(492,'Pyrrhobryum spiniforme\r',NULL,NULL,NULL,'2018-02-13 12:35:00'),(493,'Racomitrium sp.\r',NULL,NULL,NULL,'2018-02-13 12:35:00'),(494,'Racopilum sp.\r',NULL,NULL,NULL,'2018-02-13 12:35:00'),(495,'Racopilum tomentosum\r',NULL,NULL,NULL,'2018-02-13 12:35:00'),(496,'Rauiella sp.\r',NULL,NULL,NULL,'2018-02-13 12:35:00'),(497,'Rhabdoweisia sp.\r',NULL,NULL,NULL,'2018-02-13 12:35:00'),(498,'Rhacithecium sp.\r',NULL,NULL,NULL,'2018-02-13 12:35:00'),(499,'Rhexophyllum sp.\r',NULL,NULL,NULL,'2018-02-13 12:35:00'),(500,'Rhizomnium sp.\r',NULL,NULL,NULL,'2018-02-13 12:35:00'),(501,'Rhodobryum sp.\r',NULL,NULL,NULL,'2018-02-13 12:35:00'),(502,'Rhynchostegium sp.\r',NULL,NULL,NULL,'2018-02-13 12:35:00'),(503,'Rhytidiadelphus japonicus\r',NULL,NULL,NULL,'2018-02-13 12:35:00'),(504,'Rhytidiadelphus loreus\r',NULL,NULL,NULL,'2018-02-13 12:35:00'),(505,'Rhytidiadelphus sp.\r',NULL,NULL,NULL,'2018-02-13 12:35:00'),(506,'Rhytidiadelphus squarrosus\r',NULL,NULL,NULL,'2018-02-13 12:35:00'),(507,'Rhytidiadelphus triquetris\r',NULL,NULL,NULL,'2018-02-13 12:35:00'),(508,'Rhytidiopsis robusta\r',NULL,NULL,NULL,'2018-02-13 12:35:00'),(509,'Rhytidiopsis sp.\r',NULL,NULL,NULL,'2018-02-13 12:35:00'),(510,'Rhytidium rugosum\r',NULL,NULL,NULL,'2018-02-13 12:35:00'),(511,'Rhytidium sp.\r',NULL,NULL,NULL,'2018-02-13 12:35:00'),(512,'Roellia sp.\r',NULL,NULL,NULL,'2018-02-13 12:35:00'),(513,'Saelania sp.\r',NULL,NULL,NULL,'2018-02-13 12:35:00'),(514,'Sanionia sp.\r',NULL,NULL,NULL,'2018-02-13 12:35:00'),(515,'Sarmenthypnum saementosum\r',NULL,NULL,NULL,'2018-02-13 12:35:00'),(516,'Sarmenthypnum sp.\r',NULL,NULL,NULL,'2018-02-13 12:35:00'),(517,'Schistidium sp.\r',NULL,NULL,NULL,'2018-02-13 12:35:00'),(518,'Schistostega sp.\r',NULL,NULL,NULL,'2018-02-13 12:35:00'),(519,'Schlotheimia rugifolia\r',NULL,NULL,NULL,'2018-02-13 12:35:00'),(520,'Schlotheimia sp.\r',NULL,NULL,NULL,'2018-02-13 12:35:00'),(521,'Schwetschkeopsis  sp.\r',NULL,NULL,NULL,'2018-02-13 12:35:00'),(522,'Schwetschkeopsis fabronia\r',NULL,NULL,NULL,'2018-02-13 12:35:00'),(523,'Sciuro-hypnum sp.\r',NULL,NULL,NULL,'2018-02-13 12:35:00'),(524,'Scleropodium sp.\r',NULL,NULL,NULL,'2018-02-13 12:35:00'),(525,'Sclotheimia sp.\r',NULL,NULL,NULL,'2018-02-13 12:35:00'),(526,'Scopelophila sp.\r',NULL,NULL,NULL,'2018-02-13 12:35:00'),(527,'Scorpidium scorpioides\r',NULL,NULL,NULL,'2018-02-13 12:35:00'),(528,'Scorpidium sp.\r',NULL,NULL,NULL,'2018-02-13 12:35:00'),(529,'Scouleria sp.\r',NULL,NULL,NULL,'2018-02-13 12:35:00'),(530,'Seligeria sp.\r',NULL,NULL,NULL,'2018-02-13 12:35:00'),(531,'Sematophyllum sp.\r',NULL,NULL,NULL,'2018-02-13 12:35:00'),(532,'Sphagnum sp.\r',NULL,NULL,NULL,'2018-02-13 12:35:00'),(533,'Splachnobryum sp.\r',NULL,NULL,NULL,'2018-02-13 12:35:00'),(534,'Splachnum sp.\r',NULL,NULL,NULL,'2018-02-13 12:35:00'),(535,'Steerecleus serrulatus\r',NULL,NULL,NULL,'2018-02-13 12:35:00'),(536,'Steerecleus sp.\r',NULL,NULL,NULL,'2018-02-13 12:35:00'),(537,'Stegonia sp.\r',NULL,NULL,NULL,'2018-02-13 12:35:00'),(538,'Stereophyllum leucostegum\r',NULL,NULL,NULL,'2018-02-13 12:35:00'),(539,'Stereophyllum radiculosum\r',NULL,NULL,NULL,'2018-02-13 12:35:00'),(540,'Stereophyllum sp.\r',NULL,NULL,NULL,'2018-02-13 12:35:00'),(541,'Straminergon sp.\r',NULL,NULL,NULL,'2018-02-13 12:35:00'),(542,'Straminergon stramineum\r',NULL,NULL,NULL,'2018-02-13 12:35:00'),(543,'Symblepharis sp.\r',NULL,NULL,NULL,'2018-02-13 12:35:00'),(544,'Syntrichia sp.\r',NULL,NULL,NULL,'2018-02-13 12:35:00'),(545,'Syrrhopodon sp.\r',NULL,NULL,NULL,'2018-02-13 12:35:00'),(546,'Taxiphyllum cuspidifolium\r',NULL,NULL,NULL,'2018-02-13 12:35:00'),(547,'Taxiphyllum sp.\r',NULL,NULL,NULL,'2018-02-13 12:35:00'),(548,'Taxithelium planum\r',NULL,NULL,NULL,'2018-02-13 12:35:00'),(549,'Taxithelium sp.\r',NULL,NULL,NULL,'2018-02-13 12:35:00'),(550,'Tayloria sp.\r',NULL,NULL,NULL,'2018-02-13 12:35:00'),(551,'Tetradontium sp.\r',NULL,NULL,NULL,'2018-02-13 12:35:00'),(552,'Tetraphis sp.\r',NULL,NULL,NULL,'2018-02-13 12:35:00'),(553,'Tetraplodon sp.\r',NULL,NULL,NULL,'2018-02-13 12:35:00'),(554,'Tetrodontium sp.\r',NULL,NULL,NULL,'2018-02-13 12:35:00'),(555,'Thamnobryum sp.\r',NULL,NULL,NULL,'2018-02-13 12:35:00'),(556,'Thelia sp.\r',NULL,NULL,NULL,'2018-02-13 12:35:00'),(557,'Thuidium sp.\r',NULL,NULL,NULL,'2018-02-13 12:35:00'),(558,'Timmia sp.\r',NULL,NULL,NULL,'2018-02-13 12:35:00'),(559,'Timmiella sp.\r',NULL,NULL,NULL,'2018-02-13 12:35:00'),(560,'Tomenthypnum sp.\r',NULL,NULL,NULL,'2018-02-13 12:35:00'),(561,'Tortella sp.\r',NULL,NULL,NULL,'2018-02-13 12:35:00'),(562,'Tortula sp.\r',NULL,NULL,NULL,'2018-02-13 12:35:00'),(563,'Trachybryum megaptilum\r',NULL,NULL,NULL,'2018-02-13 12:35:00'),(564,'Trachybryum sp.\r',NULL,NULL,NULL,'2018-02-13 12:35:00'),(565,'Trachycystis sp.\r',NULL,NULL,NULL,'2018-02-13 12:35:00'),(566,'Trachyxiphium sp.\r',NULL,NULL,NULL,'2018-02-13 12:35:00'),(567,'Trachyxiphiun heteroicum\r',NULL,NULL,NULL,'2018-02-13 12:35:00'),(568,'Trematodon sp.\r',NULL,NULL,NULL,'2018-02-13 12:35:00'),(569,'Trichodon sp.\r',NULL,NULL,NULL,'2018-02-13 12:35:00'),(570,'Trichostomopsis sp.\r',NULL,NULL,NULL,'2018-02-13 12:35:00'),(571,'Trichostomum sp.\r',NULL,NULL,NULL,'2018-02-13 12:35:00'),(572,'Tripterocladium sp.\r',NULL,NULL,NULL,'2018-02-13 12:35:00'),(573,'Triquetrella californica\r',NULL,NULL,NULL,'2018-02-13 12:35:00'),(574,'Triquetrella sp.\r',NULL,NULL,NULL,'2018-02-13 12:35:00'),(575,'Tuerkheimia sp.\r',NULL,NULL,NULL,'2018-02-13 12:35:00'),(576,'Ulota sp.\r',NULL,NULL,NULL,'2018-02-13 12:35:00'),(577,'Venturiella sp.\r',NULL,NULL,NULL,'2018-02-13 12:35:00'),(578,'Vesicularia sp.\r',NULL,NULL,NULL,'2018-02-13 12:35:00'),(579,'Vesicularia vesicularis\r',NULL,NULL,NULL,'2018-02-13 12:35:00'),(580,'Voitia sp.\r',NULL,NULL,NULL,'2018-02-13 12:35:00'),(581,'Warnstorfia sp.\r',NULL,NULL,NULL,'2018-02-13 12:35:00'),(582,'Weissia sp.\r',NULL,NULL,NULL,'2018-02-13 12:35:00'),(583,'Wijkia carlottae\r',NULL,NULL,NULL,'2018-02-13 12:35:00'),(584,'Wijkia sp.\r',NULL,NULL,NULL,'2018-02-13 12:35:00'),(585,'Zelometeorium patulum\r',NULL,NULL,NULL,'2018-02-13 12:35:00'),(586,'Zelometeorium sp.\r',NULL,NULL,NULL,'2018-02-13 12:35:00'),(587,'Zygodon sp.',NULL,NULL,NULL,'2018-02-13 12:35:00');
/*!40000 ALTER TABLE `taxa` ENABLE KEYS */;
UNLOCK TABLES;
/*!40103 SET TIME_ZONE=@OLD_TIME_ZONE */;

/*!40101 SET SQL_MODE=@OLD_SQL_MODE */;
/*!40014 SET FOREIGN_KEY_CHECKS=@OLD_FOREIGN_KEY_CHECKS */;
/*!40014 SET UNIQUE_CHECKS=@OLD_UNIQUE_CHECKS */;
/*!40101 SET CHARACTER_SET_CLIENT=@OLD_CHARACTER_SET_CLIENT */;
/*!40101 SET CHARACTER_SET_RESULTS=@OLD_CHARACTER_SET_RESULTS */;
/*!40101 SET COLLATION_CONNECTION=@OLD_COLLATION_CONNECTION */;
/*!40111 SET SQL_NOTES=@OLD_SQL_NOTES */;

-- Dump completed on 2018-02-13 12:53:19
