-- MySQL dump 10.13  Distrib 5.7.17, for macos10.12 (x86_64)
--
-- Host: localhost    Database: mosskey
-- ------------------------------------------------------
-- Server version	5.7.17

/*!40101 SET @OLD_CHARACTER_SET_CLIENT=@@CHARACTER_SET_CLIENT */;
/*!40101 SET @OLD_CHARACTER_SET_RESULTS=@@CHARACTER_SET_RESULTS */;
/*!40101 SET @OLD_COLLATION_CONNECTION=@@COLLATION_CONNECTION */;
/*!40101 SET NAMES utf8 */;
/*!40103 SET @OLD_TIME_ZONE=@@TIME_ZONE */;
/*!40103 SET TIME_ZONE='+00:00' */;
/*!40014 SET @OLD_UNIQUE_CHECKS=@@UNIQUE_CHECKS, UNIQUE_CHECKS=0 */;
/*!40014 SET @OLD_FOREIGN_KEY_CHECKS=@@FOREIGN_KEY_CHECKS, FOREIGN_KEY_CHECKS=0 */;
/*!40101 SET @OLD_SQL_MODE=@@SQL_MODE, SQL_MODE='NO_AUTO_VALUE_ON_ZERO' */;
/*!40111 SET @OLD_SQL_NOTES=@@SQL_NOTES, SQL_NOTES=0 */;

--
-- Current Database: `mosskey`
--

CREATE DATABASE /*!32312 IF NOT EXISTS*/ `mosskey` /*!40100 DEFAULT CHARACTER SET latin1 */;

USE `mosskey`;

--
-- Table structure for table `Authority`
--

DROP TABLE IF EXISTS `Authority`;
/*!40101 SET @saved_cs_client     = @@character_set_client */;
/*!40101 SET character_set_client = utf8 */;
CREATE TABLE `Authority` (
  `id` int(11) NOT NULL AUTO_INCREMENT,
  `Name` varchar(45) NOT NULL,
  PRIMARY KEY (`id`),
  UNIQUE KEY `Name_UNIQUE` (`Name`)
) ENGINE=InnoDB AUTO_INCREMENT=3 DEFAULT CHARSET=latin1;
/*!40101 SET character_set_client = @saved_cs_client */;

--
-- Dumping data for table `Authority`
--

LOCK TABLES `Authority` WRITE;
/*!40000 ALTER TABLE `Authority` DISABLE KEYS */;
INSERT INTO `Authority` VALUES (2,'Hedwig'),(1,'Sean Connery');
/*!40000 ALTER TABLE `Authority` ENABLE KEYS */;
UNLOCK TABLES;

--
-- Table structure for table `KeyCharacter`
--

DROP TABLE IF EXISTS `KeyCharacter`;
/*!40101 SET @saved_cs_client     = @@character_set_client */;
/*!40101 SET character_set_client = utf8 */;
CREATE TABLE `KeyCharacter` (
  `id` int(11) NOT NULL AUTO_INCREMENT,
  `Name` varchar(150) NOT NULL,
  `lft` int(11) NOT NULL,
  `rht` int(11) NOT NULL,
  `description` varchar(1024) DEFAULT NULL,
  `AnchorText` varchar(45) DEFAULT NULL,
  `URLid` int(11) DEFAULT NULL,
  `isEye` tinyint(1) DEFAULT NULL,
  `isHandLens` tinyint(1) DEFAULT NULL,
  `isScope` tinyint(1) DEFAULT NULL,
  `TimeStamp` datetime DEFAULT CURRENT_TIMESTAMP ON UPDATE CURRENT_TIMESTAMP,
  PRIMARY KEY (`id`),
  KEY `url_idx` (`URLid`),
  CONSTRAINT `url` FOREIGN KEY (`URLid`) REFERENCES `URL` (`id`) ON DELETE NO ACTION ON UPDATE NO ACTION
) ENGINE=InnoDB AUTO_INCREMENT=1073 DEFAULT CHARSET=latin1;
/*!40101 SET character_set_client = @saved_cs_client */;

--
-- Dumping data for table `KeyCharacter`
--

LOCK TABLES `KeyCharacter` WRITE;
/*!40000 ALTER TABLE `KeyCharacter` DISABLE KEYS */;
INSERT INTO `KeyCharacter` VALUES (1,'Root',1,2144,NULL,NULL,NULL,NULL,NULL,0,'2018-03-03 14:16:38'),(2,'Appearance',2,23,NULL,NULL,NULL,NULL,NULL,0,'2018-03-03 14:16:38'),(3,'Appearance Color',3,22,NULL,NULL,NULL,NULL,NULL,0,'2018-03-03 14:16:38'),(4,'Appearance Color Black',4,5,NULL,NULL,NULL,1,1,0,'2018-03-03 14:16:38'),(5,'Appearance Color Bluish-White',6,7,NULL,NULL,NULL,1,1,0,'2018-03-03 14:16:38'),(6,'Appearance Color Dull',8,9,NULL,NULL,NULL,1,1,0,'2018-03-03 14:16:38'),(7,'Appearance Color Gray',10,11,NULL,NULL,NULL,1,1,0,'2018-03-03 14:16:38'),(8,'Appearance Color Green',12,13,NULL,NULL,NULL,1,1,0,'2018-03-03 14:16:38'),(9,'Appearance Color Pellucid',14,15,NULL,NULL,NULL,1,1,0,'2018-03-03 14:16:38'),(10,'Appearance Color Protonemata Luminous',16,17,NULL,NULL,NULL,0,1,1,'2018-03-03 14:16:38'),(11,'Appearance Color Shiny',18,19,NULL,NULL,NULL,1,1,0,'2018-03-03 14:16:38'),(12,'Appearance Color White',20,21,NULL,NULL,NULL,1,1,0,'2018-03-03 14:16:38'),(13,'Asexual Structures',24,75,NULL,NULL,NULL,NULL,NULL,0,'2018-03-03 14:16:38'),(14,'Asexual Structures Axillary Brood Bodies',25,30,NULL,NULL,NULL,NULL,NULL,0,'2018-03-03 14:16:38'),(15,'Asexual Structures Axillary Brood Bodies Hairs Red',26,27,NULL,NULL,NULL,0,1,1,'2018-03-03 14:16:38'),(16,'Asexual Structures Axillary Brood Bodies Present',28,29,NULL,NULL,NULL,0,1,1,'2018-03-03 14:16:38'),(17,'Asexual Structures Brood Bodies',31,52,NULL,NULL,NULL,NULL,NULL,0,'2018-03-03 14:16:38'),(18,'Asexual Structures Brood Bodies Branches Common',32,33,NULL,NULL,NULL,0,1,0,'2018-03-03 14:16:38'),(19,'Asexual Structures Brood Bodies Branches Filiform',34,35,NULL,NULL,NULL,0,1,1,'2018-03-03 14:16:38'),(20,'Asexual Structures Brood Bodies Branches Long',36,37,NULL,NULL,NULL,0,1,1,'2018-03-03 14:16:38'),(21,'Asexual Structures Brood Bodies Branches Present',38,39,NULL,NULL,NULL,0,1,1,'2018-03-03 14:16:38'),(22,'Asexual Structures Brood Bodies Branches Short',40,41,NULL,NULL,NULL,0,1,1,'2018-03-03 14:16:38'),(23,'Asexual Structures Brood Bodies Dense',42,43,NULL,NULL,NULL,0,1,1,'2018-03-03 14:16:38'),(24,'Asexual Structures Brood Bodies Present',44,45,NULL,NULL,NULL,0,0,0,'2018-03-03 14:16:38'),(25,'Asexual Structures Brood Bodies Septate',46,47,NULL,NULL,NULL,0,0,1,'2018-03-03 14:16:38'),(26,'Asexual Structures Brood Bodies Short',48,49,NULL,NULL,NULL,0,1,1,'2018-03-03 14:16:38'),(27,'Asexual Structures Brood Bodies Spindle-Shaped',50,51,NULL,NULL,NULL,0,1,1,'2018-03-03 14:16:38'),(28,'Asexual Structures Gemmae',53,70,NULL,NULL,NULL,NULL,NULL,0,'2018-03-03 14:16:38'),(29,'Asexual Structures Gemmae Leafy',54,55,NULL,NULL,NULL,0,1,1,'2018-03-03 14:16:38'),(30,'Asexual Structures Gemmae On Back Of Costa',56,57,NULL,NULL,NULL,1,1,0,'2018-03-03 14:16:38'),(31,'Asexual Structures Gemmae On Stem Extensions',58,59,NULL,NULL,NULL,1,1,0,'2018-03-03 14:16:38'),(32,'Asexual Structures Gemmae Papillose Gemmae On Leaf Tips',60,61,NULL,NULL,NULL,0,1,1,'2018-03-03 14:16:38'),(33,'Asexual Structures Gemmae Present',62,63,NULL,NULL,NULL,1,1,1,'2018-03-03 14:16:38'),(34,'Asexual Structures Gemmae Rarely Present',64,65,NULL,NULL,NULL,0,0,0,'2018-03-03 14:16:38'),(35,'Asexual Structures Gemmae Round',66,67,NULL,NULL,NULL,0,1,1,'2018-03-03 14:16:38'),(36,'Asexual Structures Gemmae Terminal Gemmae Cups',68,69,NULL,NULL,NULL,1,1,0,'2018-03-03 14:16:38'),(37,'Asexual Structures Leaf Brood Bodies',71,74,NULL,NULL,NULL,NULL,NULL,0,'2018-03-03 14:16:38'),(38,'Asexual Structures Leaf Brood Bodies Terminal',72,73,NULL,NULL,NULL,0,1,0,'2018-03-03 14:16:38'),(39,'Calyptra',76,117,NULL,NULL,NULL,NULL,NULL,0,'2018-03-03 14:16:38'),(40,'Calyptra Presence',77,84,NULL,NULL,NULL,NULL,NULL,0,'2018-03-03 14:16:38'),(41,'Calyptra Presence Deciduous',78,79,NULL,NULL,NULL,1,1,0,'2018-03-03 14:16:38'),(42,'Calyptra Presence Persistent',80,81,NULL,NULL,NULL,1,1,0,'2018-03-03 14:16:38'),(43,'Calyptra Presence Rudimentary',82,83,NULL,NULL,NULL,1,1,0,'2018-03-03 14:16:38'),(44,'Calyptra Shape',85,106,NULL,NULL,NULL,NULL,NULL,0,'2018-03-03 14:16:38'),(45,'Calyptra Shape Calyptra Shape Short',86,87,NULL,NULL,NULL,1,0,0,'2018-03-03 14:16:38'),(46,'Calyptra Shape Campanulate',88,89,NULL,NULL,NULL,1,0,0,'2018-03-03 14:16:38'),(47,'Calyptra Shape Constricted Above Base',90,91,NULL,NULL,NULL,1,0,0,'2018-03-03 14:16:38'),(48,'Calyptra Shape Covers Capsule Completely',92,93,NULL,NULL,NULL,1,0,0,'2018-03-03 14:16:38'),(49,'Calyptra Shape Cucullate',94,95,NULL,NULL,NULL,0,0,0,'2018-03-03 14:16:38'),(50,'Calyptra Shape Dumbbell',96,97,NULL,NULL,NULL,1,0,0,'2018-03-03 14:16:38'),(51,'Calyptra Shape Inflated',98,99,NULL,NULL,NULL,1,0,0,'2018-03-03 14:16:38'),(52,'Calyptra Shape Lobed',100,101,NULL,NULL,NULL,1,0,0,'2018-03-03 14:16:38'),(53,'Calyptra Shape Long Cylindric',102,103,NULL,NULL,NULL,1,0,0,'2018-03-03 14:16:38'),(54,'Calyptra Shape Mitrate',104,105,NULL,NULL,NULL,1,0,0,'2018-03-03 14:16:38'),(55,'Calyptra Surface',107,116,NULL,NULL,NULL,NULL,NULL,0,'2018-03-03 14:16:38'),(56,'Calyptra Surface 4-Angled',108,109,NULL,NULL,NULL,1,1,0,'2018-03-03 14:16:38'),(57,'Calyptra Surface Base Lacerate',110,111,NULL,NULL,NULL,0,1,1,'2018-03-03 14:16:38'),(58,'Calyptra Surface Hairy',112,113,NULL,NULL,NULL,0,0,0,'2018-03-03 14:16:38'),(59,'Calyptra Surface Split',114,115,NULL,NULL,NULL,1,1,0,'2018-03-03 14:16:38'),(60,'Capsule',118,357,NULL,NULL,NULL,NULL,NULL,0,'2018-03-03 14:16:38'),(61,'Capsule Annulus',119,124,NULL,NULL,NULL,NULL,NULL,0,'2018-03-03 14:16:38'),(62,'Capsule Annulus Compound',120,121,NULL,NULL,NULL,0,0,1,'2018-03-03 14:16:38'),(63,'Capsule Annulus Simple',122,123,NULL,NULL,NULL,0,0,1,'2018-03-03 14:16:38'),(64,'Capsule Color',125,136,NULL,NULL,NULL,NULL,NULL,0,'2018-03-03 14:16:38'),(65,'Capsule Color Black',126,127,NULL,NULL,NULL,1,1,0,'2018-03-03 14:16:38'),(66,'Capsule Color Purple-Red',128,129,NULL,NULL,NULL,1,1,0,'2018-03-03 14:16:38'),(67,'Capsule Color Red',130,131,NULL,NULL,NULL,1,1,0,'2018-03-03 14:16:38'),(68,'Capsule Color Yellow',132,133,NULL,NULL,NULL,1,1,0,'2018-03-03 14:16:38'),(69,'Capsule Color Yellow-Orange',134,135,NULL,NULL,NULL,1,1,0,'2018-03-03 14:16:38'),(70,'Capsule Endostome',137,152,NULL,NULL,NULL,NULL,NULL,0,'2018-03-03 14:16:38'),(71,'Capsule Endostome Endostome Lacking',138,139,NULL,NULL,NULL,0,0,1,'2018-03-03 14:16:38'),(72,'Capsule Endostome Endostome Reduced',140,141,NULL,NULL,NULL,0,0,1,'2018-03-03 14:16:38'),(73,'Capsule Endostome Epiphragm Present',142,143,NULL,NULL,NULL,0,0,1,'2018-03-03 14:16:38'),(74,'Capsule Endostome Exothecial Cell Length Collenchymatous',144,145,NULL,NULL,NULL,0,0,1,'2018-03-03 14:16:38'),(75,'Capsule Endostome Fused Into Dome',146,147,NULL,NULL,NULL,0,1,1,'2018-03-03 14:16:38'),(76,'Capsule Endostome Longer Than Exostome',148,149,NULL,NULL,NULL,0,0,1,'2018-03-03 14:16:38'),(77,'Capsule Endostome Of 64 Papillose Filaments',150,151,NULL,NULL,NULL,0,0,1,'2018-03-03 14:16:38'),(78,'Capsule Hypophysis',153,170,NULL,NULL,NULL,NULL,NULL,0,'2018-03-03 14:16:38'),(79,'Capsule Hypophysis Colored',154,155,NULL,NULL,NULL,1,0,0,'2018-03-03 14:16:38'),(80,'Capsule Hypophysis Differentiated',156,157,NULL,NULL,NULL,1,1,0,'2018-03-03 14:16:38'),(81,'Capsule Hypophysis Narrower Than Urn',158,159,NULL,NULL,NULL,1,0,0,'2018-03-03 14:16:38'),(82,'Capsule Hypophysis Narrowly Pyriform',160,161,NULL,NULL,NULL,1,0,0,'2018-03-03 14:16:38'),(83,'Capsule Hypophysis Pyriform',162,163,NULL,NULL,NULL,1,0,0,'2018-03-03 14:16:38'),(84,'Capsule Hypophysis Same Color As Urn',164,165,NULL,NULL,NULL,1,0,0,'2018-03-03 14:16:38'),(85,'Capsule Hypophysis Turbinate',166,167,NULL,NULL,NULL,1,0,0,'2018-03-03 14:16:38'),(86,'Capsule Hypophysis Wrinkled When Dry',168,169,NULL,NULL,NULL,1,0,0,'2018-03-03 14:16:38'),(87,'Capsule Neck',171,180,NULL,NULL,NULL,NULL,NULL,0,'2018-03-03 14:16:38'),(88,'Capsule Neck About Equal To Capsule Length',172,173,NULL,NULL,NULL,1,1,0,'2018-03-03 14:16:38'),(89,'Capsule Neck More Than One-Half Capsule Length',174,175,NULL,NULL,NULL,1,1,0,'2018-03-03 14:16:38'),(90,'Capsule Neck More Than One-Quarter Capsule Length',176,177,NULL,NULL,NULL,1,1,0,'2018-03-03 14:16:38'),(91,'Capsule Neck More Than One-Tenth Capsule Length',178,179,NULL,NULL,NULL,1,1,0,'2018-03-03 14:16:38'),(92,'Capsule Opening',181,194,NULL,NULL,NULL,NULL,NULL,0,'2018-03-03 14:16:38'),(93,'Capsule Opening Cleistocarpous',182,183,NULL,NULL,NULL,0,1,0,'2018-03-03 14:16:38'),(94,'Capsule Opening Operculate',184,185,NULL,NULL,NULL,1,1,0,'2018-03-03 14:16:38'),(95,'Capsule Opening Rupturing Irregularly',186,187,NULL,NULL,NULL,1,1,0,'2018-03-03 14:16:38'),(96,'Capsule Opening Split Along 4 Sutures',188,189,NULL,NULL,NULL,1,1,0,'2018-03-03 14:16:38'),(97,'Capsule Opening Valvate',190,191,NULL,NULL,NULL,1,1,0,'2018-03-03 14:16:38'),(98,'Capsule Opening Valvate (4-Angled)',192,193,NULL,NULL,NULL,1,1,0,'2018-03-03 14:16:38'),(99,'Capsule Operculum',195,210,NULL,NULL,NULL,NULL,NULL,0,'2018-03-03 14:16:38'),(100,'Capsule Operculum Absent',196,197,NULL,NULL,NULL,0,0,0,'2018-03-03 14:16:38'),(101,'Capsule Operculum Attached To Columnella',198,199,NULL,NULL,NULL,0,1,0,'2018-03-03 14:16:38'),(102,'Capsule Operculum Conic',200,201,NULL,NULL,NULL,0,0,0,'2018-03-03 14:16:38'),(103,'Capsule Operculum Long-Beaked',202,203,NULL,NULL,NULL,1,1,0,'2018-03-03 14:16:38'),(104,'Capsule Operculum Present',204,205,NULL,NULL,NULL,0,1,0,'2018-03-03 14:16:38'),(105,'Capsule Operculum Rostrate',206,207,NULL,NULL,NULL,0,0,0,'2018-03-03 14:16:38'),(106,'Capsule Operculum Short-Beaked',208,209,NULL,NULL,NULL,1,1,0,'2018-03-03 14:16:38'),(107,'Capsule Orientation',211,226,NULL,NULL,NULL,NULL,NULL,0,'2018-03-03 14:16:38'),(108,'Capsule Orientation Exserted',212,213,NULL,NULL,NULL,1,0,0,'2018-03-03 14:16:38'),(109,'Capsule Orientation Immersed',214,215,NULL,NULL,NULL,1,1,0,'2018-03-03 14:16:38'),(110,'Capsule Orientation Inclined',216,217,NULL,NULL,NULL,1,1,0,'2018-03-03 14:16:38'),(111,'Capsule Orientation Lateral',218,219,NULL,NULL,NULL,1,0,0,'2018-03-03 14:16:38'),(112,'Capsule Orientation Nodding',220,221,NULL,NULL,NULL,0,0,0,'2018-03-03 14:16:38'),(113,'Capsule Orientation Terminal',222,223,NULL,NULL,NULL,1,0,0,'2018-03-03 14:16:38'),(114,'Capsule Orientation Various',224,225,NULL,NULL,NULL,1,1,0,'2018-03-03 14:16:38'),(115,'Capsule Peristome',227,246,NULL,NULL,NULL,NULL,NULL,0,'2018-03-03 14:16:38'),(116,'Capsule Peristome Basal Membrane Lacking',228,229,NULL,NULL,NULL,0,0,1,'2018-03-03 14:16:38'),(117,'Capsule Peristome Diplolepidous',230,231,NULL,NULL,NULL,0,0,1,'2018-03-03 14:16:38'),(118,'Capsule Peristome Double',232,233,NULL,NULL,NULL,0,0,1,'2018-03-03 14:16:38'),(119,'Capsule Peristome Haplolepideous',234,235,NULL,NULL,NULL,0,0,1,'2018-03-03 14:16:38'),(120,'Capsule Peristome Lacking',236,237,NULL,NULL,NULL,0,0,1,'2018-03-03 14:16:38'),(121,'Capsule Peristome Oblique',238,239,NULL,NULL,NULL,0,1,1,'2018-03-03 14:16:38'),(122,'Capsule Peristome Present',240,241,NULL,NULL,NULL,0,1,1,'2018-03-03 14:16:38'),(123,'Capsule Peristome Rudimentary',242,243,NULL,NULL,NULL,0,0,1,'2018-03-03 14:16:38'),(124,'Capsule Peristome Single',244,245,NULL,NULL,NULL,0,0,1,'2018-03-03 14:16:38'),(125,'Capsule Peristome Teeth',247,302,NULL,NULL,NULL,NULL,NULL,0,'2018-03-03 14:16:38'),(126,'Capsule Peristome Teeth 16 Obliquely Slanted',248,249,NULL,NULL,NULL,0,0,1,'2018-03-03 14:16:38'),(127,'Capsule Peristome Teeth 32 Erect',250,251,NULL,NULL,NULL,0,1,1,'2018-03-03 14:16:38'),(128,'Capsule Peristome Teeth 32 Twisted',252,253,NULL,NULL,NULL,0,1,1,'2018-03-03 14:16:38'),(129,'Capsule Peristome Teeth Chambered',254,255,NULL,NULL,NULL,0,0,1,'2018-03-03 14:16:38'),(130,'Capsule Peristome Teeth Divided To Half Their Length',256,257,NULL,NULL,NULL,0,0,1,'2018-03-03 14:16:38'),(131,'Capsule Peristome Teeth Divided To Mid-Point',258,259,NULL,NULL,NULL,0,0,1,'2018-03-03 14:16:38'),(132,'Capsule Peristome Teeth Entire',260,261,NULL,NULL,NULL,0,0,1,'2018-03-03 14:16:38'),(133,'Capsule Peristome Teeth Erect',262,263,NULL,NULL,NULL,0,0,1,'2018-03-03 14:16:38'),(134,'Capsule Peristome Teeth Flaring',264,265,NULL,NULL,NULL,1,1,1,'2018-03-03 14:16:38'),(135,'Capsule Peristome Teeth Flat',266,267,NULL,NULL,NULL,0,1,1,'2018-03-03 14:16:38'),(136,'Capsule Peristome Teeth Forked',268,269,NULL,NULL,NULL,0,1,1,'2018-03-03 14:16:38'),(137,'Capsule Peristome Teeth Four Prominent',270,271,NULL,NULL,NULL,1,1,1,'2018-03-03 14:16:38'),(138,'Capsule Peristome Teeth Fused At Tip',272,273,NULL,NULL,NULL,0,1,1,'2018-03-03 14:16:38'),(139,'Capsule Peristome Teeth Lanceolate',274,275,NULL,NULL,NULL,0,1,1,'2018-03-03 14:16:38'),(140,'Capsule Peristome Teeth Lanceolate (8, 16 Or 32)',276,277,NULL,NULL,NULL,0,1,1,'2018-03-03 14:16:38'),(141,'Capsule Peristome Teeth Long',278,279,NULL,NULL,NULL,0,1,1,'2018-03-03 14:16:38'),(142,'Capsule Peristome Teeth Mere Stubs',280,281,NULL,NULL,NULL,0,0,1,'2018-03-03 14:16:38'),(143,'Capsule Peristome Teeth On High Basal Membrane',282,283,NULL,NULL,NULL,1,1,0,'2018-03-03 14:16:38'),(144,'Capsule Peristome Teeth On Low Basal Membrane',284,285,NULL,NULL,NULL,0,1,0,'2018-03-03 14:16:38'),(145,'Capsule Peristome Teeth Papillose',286,287,NULL,NULL,NULL,0,0,1,'2018-03-03 14:16:38'),(146,'Capsule Peristome Teeth Pitted-Striolate Below',288,289,NULL,NULL,NULL,0,0,1,'2018-03-03 14:16:38'),(147,'Capsule Peristome Teeth Round',290,291,NULL,NULL,NULL,0,0,1,'2018-03-03 14:16:38'),(148,'Capsule Peristome Teeth Short',292,293,NULL,NULL,NULL,0,1,1,'2018-03-03 14:16:38'),(149,'Capsule Peristome Teeth Split',294,295,NULL,NULL,NULL,0,1,1,'2018-03-03 14:16:38'),(150,'Capsule Peristome Teeth Striolate',296,297,NULL,NULL,NULL,0,0,1,'2018-03-03 14:16:38'),(151,'Capsule Peristome Teeth Twisted',298,299,NULL,NULL,NULL,1,1,1,'2018-03-03 14:16:38'),(152,'Capsule Peristome Teeth Wide-Flaring',300,301,NULL,NULL,NULL,1,1,1,'2018-03-03 14:16:38'),(153,'Capsule Shape',303,336,NULL,NULL,NULL,NULL,NULL,0,'2018-03-03 14:16:38'),(154,'Capsule Shape Asymmetric',304,305,NULL,NULL,NULL,1,1,0,'2018-03-03 14:16:38'),(155,'Capsule Shape Curved',306,307,NULL,NULL,NULL,1,1,0,'2018-03-03 14:16:38'),(156,'Capsule Shape Cylindric',308,309,NULL,NULL,NULL,1,1,0,'2018-03-03 14:16:38'),(157,'Capsule Shape Four-Angled And Split',310,311,NULL,NULL,NULL,1,1,0,'2018-03-03 14:16:38'),(158,'Capsule Shape Globose',312,313,NULL,NULL,NULL,1,1,0,'2018-03-03 14:16:38'),(159,'Capsule Shape Oblong',314,315,NULL,NULL,NULL,1,1,0,'2018-03-03 14:16:38'),(160,'Capsule Shape Ovoid',316,317,NULL,NULL,NULL,1,1,0,'2018-03-03 14:16:38'),(161,'Capsule Shape Pyriform',318,319,NULL,NULL,NULL,1,1,0,'2018-03-03 14:16:38'),(162,'Capsule Shape Pyriforme',320,321,NULL,NULL,NULL,1,1,0,'2018-03-03 14:16:38'),(163,'Capsule Shape Sharply Four To Five Angled',322,323,NULL,NULL,NULL,0,1,0,'2018-03-03 14:16:38'),(164,'Capsule Shape Short',324,325,NULL,NULL,NULL,1,1,0,'2018-03-03 14:16:38'),(165,'Capsule Shape Strumose',326,327,NULL,NULL,NULL,1,1,0,'2018-03-03 14:16:38'),(166,'Capsule Shape Swollen To One Side',328,329,NULL,NULL,NULL,1,1,0,'2018-03-03 14:16:38'),(167,'Capsule Shape Symmetric',330,331,NULL,NULL,NULL,1,1,0,'2018-03-03 14:16:38'),(168,'Capsule Shape Terete',332,333,NULL,NULL,NULL,1,1,0,'2018-03-03 14:16:38'),(169,'Capsule Shape Urn',334,335,NULL,NULL,NULL,1,1,0,'2018-03-03 14:16:38'),(170,'Capsule Surface',337,356,NULL,NULL,NULL,NULL,NULL,0,'2018-03-03 14:16:38'),(171,'Capsule Surface Furrowed',338,339,NULL,NULL,NULL,1,1,0,'2018-03-03 14:16:38'),(172,'Capsule Surface Ribbed When Dry',340,341,NULL,NULL,NULL,1,1,0,'2018-03-03 14:16:38'),(173,'Capsule Surface Ribs Red',342,343,NULL,NULL,NULL,1,1,0,'2018-03-03 14:16:38'),(174,'Capsule Surface Rugulose',344,345,NULL,NULL,NULL,0,1,0,'2018-03-03 14:16:38'),(175,'Capsule Surface Smooth',346,347,NULL,NULL,NULL,0,1,0,'2018-03-03 14:16:38'),(176,'Capsule Surface Smooth When Dry',348,349,NULL,NULL,NULL,1,1,0,'2018-03-03 14:16:38'),(177,'Capsule Surface Stomata In Sunken Crypts',350,351,NULL,NULL,NULL,0,0,1,'2018-03-03 14:16:38'),(178,'Capsule Surface Stomata Superficial',352,353,NULL,NULL,NULL,0,0,1,'2018-03-03 14:16:38'),(179,'Capsule Surface With Stomatose Neck',354,355,NULL,NULL,NULL,0,1,1,'2018-03-03 14:16:38'),(180,'Costa',358,485,NULL,NULL,NULL,NULL,NULL,0,'2018-03-03 14:16:38'),(181,'Costa Branching',359,378,NULL,NULL,NULL,NULL,NULL,0,'2018-03-03 14:16:38'),(182,'Costa Branching Branched',360,361,NULL,NULL,NULL,0,1,1,'2018-03-03 14:16:38'),(183,'Costa Branching Equal Length',362,363,NULL,NULL,NULL,0,1,1,'2018-03-03 14:16:38'),(184,'Costa Branching Joined At Base',364,365,NULL,NULL,NULL,0,0,1,'2018-03-03 14:16:38'),(185,'Costa Branching Not Joined At Base',366,367,NULL,NULL,NULL,0,0,1,'2018-03-03 14:16:38'),(186,'Costa Branching Of Different Lengths',368,369,NULL,NULL,NULL,0,1,1,'2018-03-03 14:16:38'),(187,'Costa Branching Of Unequal Length',370,371,NULL,NULL,NULL,0,1,1,'2018-03-03 14:16:38'),(188,'Costa Branching One-Half Leaf Length',372,373,NULL,NULL,NULL,0,1,1,'2018-03-03 14:16:38'),(189,'Costa Branching With Lateral Spurs',374,375,NULL,NULL,NULL,0,0,1,'2018-03-03 14:16:38'),(190,'Costa Branching With Several Minor Supplementary Costae',376,377,NULL,NULL,NULL,0,0,1,'2018-03-03 14:16:38'),(191,'Costa Color',379,386,NULL,NULL,NULL,NULL,NULL,0,'2018-03-03 14:16:38'),(192,'Costa Color Dorsal Cell Green & Striped',380,381,NULL,NULL,NULL,0,0,1,'2018-03-03 14:16:38'),(193,'Costa Color Opaque',382,383,NULL,NULL,NULL,0,1,1,'2018-03-03 14:16:38'),(194,'Costa Color Orange',384,385,NULL,NULL,NULL,0,1,1,'2018-03-03 14:16:38'),(195,'Costa Layers',387,396,NULL,NULL,NULL,NULL,NULL,0,'2018-03-03 14:16:38'),(196,'Costa Layers Hyaline In Upper And Lower Layers',388,389,NULL,NULL,NULL,0,0,1,'2018-03-03 14:16:38'),(197,'Costa Layers Middle And Dorsal Green And Striped',390,391,NULL,NULL,NULL,0,0,1,'2018-03-03 14:16:38'),(198,'Costa Layers Middle Layer Green',392,393,NULL,NULL,NULL,0,0,1,'2018-03-03 14:16:38'),(199,'Costa Layers Three To Four Layers (Mid Layer Green, Outer Layers Hyaline)',394,395,NULL,NULL,NULL,0,0,1,'2018-03-03 14:16:38'),(200,'Costa Length',397,422,NULL,NULL,NULL,NULL,NULL,0,'2018-03-03 14:16:38'),(201,'Costa Length Costa Ending Above Mid-Leaf',398,399,NULL,NULL,NULL,0,1,0,'2018-03-03 14:16:38'),(202,'Costa Length Ending In Spine',400,401,NULL,NULL,NULL,0,1,1,'2018-03-03 14:16:38'),(203,'Costa Length Ending Near Apex',402,403,NULL,NULL,NULL,0,1,1,'2018-03-03 14:16:38'),(204,'Costa Length Excurrent',404,405,NULL,NULL,NULL,0,1,0,'2018-03-03 14:16:38'),(205,'Costa Length Less Than One-Third Leaf Length',406,407,NULL,NULL,NULL,0,1,0,'2018-03-03 14:16:38'),(206,'Costa Length Long',408,409,NULL,NULL,NULL,0,0,0,'2018-03-03 14:16:38'),(207,'Costa Length More Than One-Third Leaf Length',410,411,NULL,NULL,NULL,0,1,0,'2018-03-03 14:16:38'),(208,'Costa Length More Than Two-Thirds Leaf Length',412,413,NULL,NULL,NULL,0,1,0,'2018-03-03 14:16:38'),(209,'Costa Length One-Third To Two-Thirds Leaf Length',414,415,NULL,NULL,NULL,0,1,0,'2018-03-03 14:16:38'),(210,'Costa Length Percurrent',416,417,NULL,NULL,NULL,0,1,0,'2018-03-03 14:16:38'),(211,'Costa Length Short',418,419,NULL,NULL,NULL,0,0,0,'2018-03-03 14:16:38'),(212,'Costa Length Three Quarters Leaf Length',420,421,NULL,NULL,NULL,0,1,1,'2018-03-03 14:16:38'),(213,'Costa Number/Size',423,438,NULL,NULL,NULL,NULL,NULL,0,'2018-03-03 14:16:38'),(214,'Costa Number/Size Double',424,425,NULL,NULL,NULL,0,1,1,'2018-03-03 14:16:38'),(215,'Costa Number/Size Extremely Reduced',426,427,NULL,NULL,NULL,0,1,1,'2018-03-03 14:16:38'),(216,'Costa Number/Size Flexuose Above',428,429,NULL,NULL,NULL,0,0,1,'2018-03-03 14:16:38'),(217,'Costa Number/Size None',430,431,NULL,NULL,NULL,0,0,0,'2018-03-03 14:16:38'),(218,'Costa Number/Size Short',432,433,NULL,NULL,NULL,0,0,0,'2018-03-03 14:16:38'),(219,'Costa Number/Size Single',434,435,NULL,NULL,NULL,0,1,1,'2018-03-03 14:16:38'),(220,'Costa Number/Size Variable',436,437,NULL,NULL,NULL,0,1,1,'2018-03-03 14:16:38'),(221,'Costa Ornamentation',439,450,NULL,NULL,NULL,NULL,NULL,0,'2018-03-03 14:16:38'),(222,'Costa Ornamentation Axillary Hairs',440,441,NULL,NULL,NULL,0,1,1,'2018-03-03 14:16:38'),(223,'Costa Ornamentation Present',442,443,NULL,NULL,NULL,0,0,0,'2018-03-03 14:16:38'),(224,'Costa Ornamentation Spines',444,445,NULL,NULL,NULL,0,1,1,'2018-03-03 14:16:38'),(225,'Costa Ornamentation Teeth',446,447,NULL,NULL,NULL,0,1,1,'2018-03-03 14:16:38'),(226,'Costa Ornamentation Toothed On Back',448,449,NULL,NULL,NULL,0,1,1,'2018-03-03 14:16:38'),(227,'Costa Stereid Bands',451,462,NULL,NULL,NULL,NULL,NULL,0,'2018-03-03 14:16:38'),(228,'Costa Stereid Bands Absent',452,453,NULL,NULL,NULL,0,0,0,'2018-03-03 14:16:38'),(229,'Costa Stereid Bands Dorsal',454,455,NULL,NULL,NULL,0,0,1,'2018-03-03 14:16:38'),(230,'Costa Stereid Bands Double',456,457,NULL,NULL,NULL,0,0,1,'2018-03-03 14:16:38'),(231,'Costa Stereid Bands Single',458,459,NULL,NULL,NULL,0,0,1,'2018-03-03 14:16:38'),(232,'Costa Stereid Bands Ventral',460,461,NULL,NULL,NULL,0,0,1,'2018-03-03 14:16:38'),(233,'Costa Width',463,484,NULL,NULL,NULL,NULL,NULL,0,'2018-03-03 14:16:38'),(234,'Costa Width Costa Width Narrow',464,465,NULL,NULL,NULL,0,1,0,'2018-03-03 14:16:38'),(235,'Costa Width Costa Width Very Narrow',466,467,NULL,NULL,NULL,0,1,0,'2018-03-03 14:16:38'),(236,'Costa Width Costa Width Very Wide',468,469,NULL,NULL,NULL,0,1,0,'2018-03-03 14:16:38'),(237,'Costa Width Costa Width Wide',470,471,NULL,NULL,NULL,0,1,0,'2018-03-03 14:16:38'),(238,'Costa Width Equals Leaf Width',472,473,NULL,NULL,NULL,0,1,0,'2018-03-03 14:16:38'),(239,'Costa Width Greater Than One-Half Leaf Width',474,475,NULL,NULL,NULL,0,1,0,'2018-03-03 14:16:38'),(240,'Costa Width Greater Than One-Third Leaf Width',476,477,NULL,NULL,NULL,0,1,0,'2018-03-03 14:16:38'),(241,'Costa Width Less Than One-Fifth Leaf Width',478,479,NULL,NULL,NULL,0,1,0,'2018-03-03 14:16:38'),(242,'Costa Width One-Third To One-Half Leaf Width',480,481,NULL,NULL,NULL,0,1,0,'2018-03-03 14:16:38'),(243,'Costa Width Weak At Base',482,483,NULL,NULL,NULL,0,1,0,'2018-03-03 14:16:38'),(244,'Growth Form',486,559,NULL,NULL,NULL,NULL,NULL,0,'2018-03-03 14:16:38'),(245,'Growth Form Whole Plant Orientation',487,558,NULL,NULL,NULL,NULL,NULL,0,'2018-03-03 14:16:38'),(246,'Growth Form Whole Plant Orientation Angular',488,489,NULL,NULL,NULL,1,1,0,'2018-03-03 14:16:38'),(247,'Growth Form Whole Plant Orientation Arched',490,491,NULL,NULL,NULL,1,0,0,'2018-03-03 14:16:38'),(248,'Growth Form Whole Plant Orientation Ascending',492,493,NULL,NULL,NULL,1,0,0,'2018-03-03 14:16:38'),(249,'Growth Form Whole Plant Orientation At Right Angles To Bark',494,495,NULL,NULL,NULL,1,0,0,'2018-03-03 14:16:38'),(250,'Growth Form Whole Plant Orientation Braided',496,497,NULL,NULL,NULL,1,0,0,'2018-03-03 14:16:38'),(251,'Growth Form Whole Plant Orientation Bud-Like',498,499,NULL,NULL,NULL,1,1,0,'2018-03-03 14:16:38'),(252,'Growth Form Whole Plant Orientation Bulbiform',500,501,NULL,NULL,NULL,1,1,0,'2018-03-03 14:16:38'),(253,'Growth Form Whole Plant Orientation Complanate',502,503,NULL,NULL,NULL,1,1,0,'2018-03-03 14:16:38'),(254,'Growth Form Whole Plant Orientation Creeping',504,505,NULL,NULL,NULL,1,0,0,'2018-03-03 14:16:38'),(255,'Growth Form Whole Plant Orientation Curled When Dry',506,507,NULL,NULL,NULL,1,1,0,'2018-03-03 14:16:38'),(256,'Growth Form Whole Plant Orientation Curved When Dry',508,509,NULL,NULL,NULL,1,1,0,'2018-03-03 14:16:38'),(257,'Growth Form Whole Plant Orientation Cushion',510,511,NULL,NULL,NULL,1,0,0,'2018-03-03 14:16:38'),(258,'Growth Form Whole Plant Orientation Dendroid',512,513,NULL,NULL,NULL,1,0,0,'2018-03-03 14:16:38'),(259,'Growth Form Whole Plant Orientation Erect',514,515,NULL,NULL,NULL,1,0,0,'2018-03-03 14:16:38'),(260,'Growth Form Whole Plant Orientation Festooning',516,517,NULL,NULL,NULL,1,0,0,'2018-03-03 14:16:38'),(261,'Growth Form Whole Plant Orientation Flat',518,519,NULL,NULL,NULL,1,0,0,'2018-03-03 14:16:38'),(262,'Growth Form Whole Plant Orientation Flat On Top',520,521,NULL,NULL,NULL,1,0,0,'2018-03-03 14:16:38'),(263,'Growth Form Whole Plant Orientation Forked',522,523,NULL,NULL,NULL,1,0,0,'2018-03-03 14:16:38'),(264,'Growth Form Whole Plant Orientation Frondose',524,525,NULL,NULL,NULL,1,0,0,'2018-03-03 14:16:38'),(265,'Growth Form Whole Plant Orientation Horizontal',526,527,NULL,NULL,NULL,1,0,0,'2018-03-03 14:16:38'),(266,'Growth Form Whole Plant Orientation Julaceous',528,529,NULL,NULL,NULL,1,0,0,'2018-03-03 14:16:38'),(267,'Growth Form Whole Plant Orientation Julaceous When Dry',530,531,NULL,NULL,NULL,0,0,0,'2018-03-03 14:16:38'),(268,'Growth Form Whole Plant Orientation Julaceous When Wet',532,533,NULL,NULL,NULL,1,0,0,'2018-03-03 14:16:38'),(269,'Growth Form Whole Plant Orientation Large Mat',534,535,NULL,NULL,NULL,1,0,0,'2018-03-03 14:16:38'),(270,'Growth Form Whole Plant Orientation Mat',536,537,NULL,NULL,NULL,1,0,0,'2018-03-03 14:16:38'),(271,'Growth Form Whole Plant Orientation Pendulous',538,539,NULL,NULL,NULL,1,0,0,'2018-03-03 14:16:38'),(272,'Growth Form Whole Plant Orientation Plumose',540,541,NULL,NULL,NULL,1,0,0,'2018-03-03 14:16:38'),(273,'Growth Form Whole Plant Orientation Prostrate',542,543,NULL,NULL,NULL,1,0,0,'2018-03-03 14:16:38'),(274,'Growth Form Whole Plant Orientation Round',544,545,NULL,NULL,NULL,1,1,0,'2018-03-03 14:16:38'),(275,'Growth Form Whole Plant Orientation Sticking Straight Out From Vertical Surface',546,547,NULL,NULL,NULL,1,0,0,'2018-03-03 14:16:38'),(276,'Growth Form Whole Plant Orientation Stoloniferous',548,549,NULL,NULL,NULL,1,1,0,'2018-03-03 14:16:38'),(277,'Growth Form Whole Plant Orientation Triangular',550,551,NULL,NULL,NULL,1,1,0,'2018-03-03 14:16:38'),(278,'Growth Form Whole Plant Orientation Tufted',552,553,NULL,NULL,NULL,1,0,0,'2018-03-03 14:16:38'),(279,'Growth Form Whole Plant Orientation Winter Annual',554,555,NULL,NULL,NULL,1,0,0,'2018-03-03 14:16:38'),(280,'Growth Form Whole Plant Orientation Wiry',556,557,NULL,NULL,NULL,1,0,0,'2018-03-03 14:16:38'),(281,'Growth Form/Appearance',560,665,NULL,NULL,NULL,NULL,NULL,0,'2018-03-03 14:16:38'),(282,'Growth Form/Appearance Branch Orientation',561,576,NULL,NULL,NULL,NULL,NULL,0,'2018-03-03 14:16:38'),(283,'Growth Form/Appearance Branch Orientation In One Plane',562,563,NULL,NULL,NULL,1,0,0,'2018-03-03 14:16:38'),(284,'Growth Form/Appearance Branch Orientation Pendulous',564,565,NULL,NULL,NULL,1,0,0,'2018-03-03 14:16:38'),(285,'Growth Form/Appearance Branch Orientation Terete',566,567,NULL,NULL,NULL,0,1,0,'2018-03-03 14:16:38'),(286,'Growth Form/Appearance Branch Orientation Tips Indistinctly Curled When Dry',568,569,NULL,NULL,NULL,1,1,0,'2018-03-03 14:16:38'),(287,'Growth Form/Appearance Branch Orientation Tips Loosely Upturned',570,571,NULL,NULL,NULL,1,1,0,'2018-03-03 14:16:38'),(288,'Growth Form/Appearance Branch Orientation Tips Strongly Curled When Dry',572,573,NULL,NULL,NULL,1,1,0,'2018-03-03 14:16:38'),(289,'Growth Form/Appearance Branch Orientation Tips Strongly Upturned',574,575,NULL,NULL,NULL,1,1,0,'2018-03-03 14:16:38'),(290,'Growth Form/Appearance Branching',577,598,NULL,NULL,NULL,NULL,NULL,0,'2018-03-03 14:16:38'),(291,'Growth Form/Appearance Branching 2 To 3 Pinnate',578,579,NULL,NULL,NULL,1,1,0,'2018-03-03 14:16:38'),(292,'Growth Form/Appearance Branching Bipinnate (Frondose)',580,581,NULL,NULL,NULL,1,1,0,'2018-03-03 14:16:38'),(293,'Growth Form/Appearance Branching Evenly Pinnate',582,583,NULL,NULL,NULL,1,1,0,'2018-03-03 14:16:38'),(294,'Growth Form/Appearance Branching Irregular',584,585,NULL,NULL,NULL,1,1,0,'2018-03-03 14:16:38'),(295,'Growth Form/Appearance Branching Once Pinnate',586,587,NULL,NULL,NULL,1,1,0,'2018-03-03 14:16:38'),(296,'Growth Form/Appearance Branching Pinnate',588,589,NULL,NULL,NULL,1,1,0,'2018-03-03 14:16:38'),(297,'Growth Form/Appearance Branching Plant Branching Stepwise Flat Fronds',590,591,NULL,NULL,NULL,1,0,0,'2018-03-03 14:16:38'),(298,'Growth Form/Appearance Branching Rare',592,593,NULL,NULL,NULL,1,1,0,'2018-03-03 14:16:38'),(299,'Growth Form/Appearance Branching Repeatedly Forked',594,595,NULL,NULL,NULL,1,1,0,'2018-03-03 14:16:38'),(300,'Growth Form/Appearance Branching Stepwise',596,597,NULL,NULL,NULL,1,0,0,'2018-03-03 14:16:38'),(301,'Growth Form/Appearance Secondary Stem',599,608,NULL,NULL,NULL,NULL,NULL,0,'2018-03-03 14:16:38'),(302,'Growth Form/Appearance Secondary Stem Ascending',600,601,NULL,NULL,NULL,1,1,0,'2018-03-03 14:16:38'),(303,'Growth Form/Appearance Secondary Stem Erect',602,603,NULL,NULL,NULL,1,1,0,'2018-03-03 14:16:38'),(304,'Growth Form/Appearance Secondary Stem Prostrate',604,605,NULL,NULL,NULL,1,1,0,'2018-03-03 14:16:38'),(305,'Growth Form/Appearance Secondary Stem Sub-Pinnately Branched',606,607,NULL,NULL,NULL,1,1,0,'2018-03-03 14:16:38'),(306,'Growth Form/Appearance Stem',609,640,NULL,NULL,NULL,NULL,NULL,0,'2018-03-03 14:16:38'),(307,'Growth Form/Appearance Stem Angular',610,611,NULL,NULL,NULL,0,1,0,'2018-03-03 14:16:38'),(308,'Growth Form/Appearance Stem Creeping',612,613,NULL,NULL,NULL,1,0,0,'2018-03-03 14:16:38'),(309,'Growth Form/Appearance Stem Forked',614,615,NULL,NULL,NULL,1,1,0,'2018-03-03 14:16:38'),(310,'Growth Form/Appearance Stem Rhizome-Like',616,617,NULL,NULL,NULL,1,1,0,'2018-03-03 14:16:38'),(311,'Growth Form/Appearance Stem Single',618,619,NULL,NULL,NULL,1,0,0,'2018-03-03 14:16:38'),(312,'Growth Form/Appearance Stem Smooth',620,621,NULL,NULL,NULL,0,1,0,'2018-03-03 14:16:38'),(313,'Growth Form/Appearance Stem Sterile Stem Complanate',622,623,NULL,NULL,NULL,0,1,0,'2018-03-03 14:16:38'),(314,'Growth Form/Appearance Stem Sterile Stem Erect',624,625,NULL,NULL,NULL,1,0,0,'2018-03-03 14:16:38'),(315,'Growth Form/Appearance Stem Sterile Stem Prostrate',626,627,NULL,NULL,NULL,1,0,0,'2018-03-03 14:16:38'),(316,'Growth Form/Appearance Stem Straight When Dry',628,629,NULL,NULL,NULL,1,0,0,'2018-03-03 14:16:38'),(317,'Growth Form/Appearance Stem Terete',630,631,NULL,NULL,NULL,0,1,0,'2018-03-03 14:16:38'),(318,'Growth Form/Appearance Stem Triangular',632,633,NULL,NULL,NULL,0,1,0,'2018-03-03 14:16:38'),(319,'Growth Form/Appearance Stem With Central Strand',634,635,NULL,NULL,NULL,0,0,1,'2018-03-03 14:16:38'),(320,'Growth Form/Appearance Stem With Central Strand Of Small Cell Length',636,637,NULL,NULL,NULL,0,0,1,'2018-03-03 14:16:38'),(321,'Growth Form/Appearance Stem With Hyalodermis',638,639,NULL,NULL,NULL,0,0,1,'2018-03-03 14:16:38'),(322,'Growth Form/Appearance Stem Color',641,648,NULL,NULL,NULL,NULL,NULL,0,'2018-03-03 14:16:38'),(323,'Growth Form/Appearance Stem Color Green',642,643,NULL,NULL,NULL,1,1,0,'2018-03-03 14:16:38'),(324,'Growth Form/Appearance Stem Color Orange',644,645,NULL,NULL,NULL,1,1,0,'2018-03-03 14:16:38'),(325,'Growth Form/Appearance Stem Color Red',646,647,NULL,NULL,NULL,1,1,0,'2018-03-03 14:16:38'),(326,'Growth Form/Appearance Whole Plant Size',649,664,NULL,NULL,NULL,NULL,NULL,0,'2018-03-03 14:16:38'),(327,'Growth Form/Appearance Whole Plant Size More Than 5 Mm',650,651,NULL,NULL,NULL,1,1,0,'2018-03-03 14:16:38'),(328,'Growth Form/Appearance Whole Plant Size Mostly Less Than 1 Cm',652,653,NULL,NULL,NULL,1,1,0,'2018-03-03 14:16:38'),(329,'Growth Form/Appearance Whole Plant Size Mostly More Than 1 Cm',654,655,NULL,NULL,NULL,1,1,0,'2018-03-03 14:16:38'),(330,'Growth Form/Appearance Whole Plant Size Plant Size Minute',656,657,NULL,NULL,NULL,0,1,0,'2018-03-03 14:16:38'),(331,'Growth Form/Appearance Whole Plant Size Plant Size Very Small (Up To 2 Mm)',658,659,NULL,NULL,NULL,1,1,0,'2018-03-03 14:16:38'),(332,'Growth Form/Appearance Whole Plant Size Pygmy Ephemerals',660,661,NULL,NULL,NULL,0,1,0,'2018-03-03 14:16:38'),(333,'Growth Form/Appearance Whole Plant Size Small (Up To 5 Mm)',662,663,NULL,NULL,NULL,1,1,0,'2018-03-03 14:16:38'),(334,'Habitat',666,695,NULL,NULL,NULL,NULL,NULL,0,'2018-03-03 14:16:38'),(335,'Habitat Area',667,694,NULL,NULL,NULL,NULL,NULL,0,'2018-03-03 14:16:38'),(336,'Habitat Area Actic-Alpine',668,669,NULL,NULL,NULL,1,0,0,'2018-03-03 14:16:38'),(337,'Habitat Area Cliff',670,671,NULL,NULL,NULL,1,0,0,'2018-03-03 14:16:38'),(338,'Habitat Area Desert',672,673,NULL,NULL,NULL,0,0,0,'2018-03-03 14:16:38'),(339,'Habitat Area Disturbed Recently',674,675,NULL,NULL,NULL,1,0,0,'2018-03-03 14:16:38'),(340,'Habitat Area Disturbed Weedy',676,677,NULL,NULL,NULL,1,0,0,'2018-03-03 14:16:38'),(341,'Habitat Area In Crevice',678,679,NULL,NULL,NULL,1,0,0,'2018-03-03 14:16:38'),(342,'Habitat Area Managed - Agricultural',680,681,NULL,NULL,NULL,1,0,0,'2018-03-03 14:16:38'),(343,'Habitat Area Managed - Lawn',682,683,NULL,NULL,NULL,1,0,0,'2018-03-03 14:16:38'),(344,'Habitat Area Mountains',684,685,NULL,NULL,NULL,1,0,0,'2018-03-03 14:16:38'),(345,'Habitat Area Other Intensive',686,687,NULL,NULL,NULL,1,0,0,'2018-03-03 14:16:38'),(346,'Habitat Area Underside Of Rock Overhangs',688,689,NULL,NULL,NULL,1,0,0,'2018-03-03 14:16:38'),(347,'Habitat Area Vertical Substrate',690,691,NULL,NULL,NULL,1,0,0,'2018-03-03 14:16:38'),(348,'Habitat Area Within Coast Influence',692,693,NULL,NULL,NULL,1,0,0,'2018-03-03 14:16:38'),(349,'Leaf Appearance',696,741,NULL,NULL,NULL,NULL,NULL,0,'2018-03-03 14:16:38'),(350,'Leaf Appearance Color',697,740,NULL,NULL,NULL,NULL,NULL,0,'2018-03-03 14:16:38'),(351,'Leaf Appearance Color Alar Cell Margin Hyaline',698,699,NULL,NULL,NULL,0,1,1,'2018-03-03 14:16:38'),(352,'Leaf Appearance Color Alar Cell Margin Yellow-Brown',700,701,NULL,NULL,NULL,0,1,1,'2018-03-03 14:16:38'),(353,'Leaf Appearance Color Alar Cell Reddish',702,703,NULL,NULL,NULL,0,1,1,'2018-03-03 14:16:38'),(354,'Leaf Appearance Color Alar Cells Pale',704,705,NULL,NULL,NULL,0,1,1,'2018-03-03 14:16:38'),(355,'Leaf Appearance Color Basal Cell Hyaline',706,707,NULL,NULL,NULL,0,1,1,'2018-03-03 14:16:38'),(356,'Leaf Appearance Color Basal Cell Pellucid',708,709,NULL,NULL,NULL,0,1,1,'2018-03-03 14:16:38'),(357,'Leaf Appearance Color Basal Cell Yellow',710,711,NULL,NULL,NULL,0,1,1,'2018-03-03 14:16:38'),(358,'Leaf Appearance Color Black',712,713,NULL,NULL,NULL,1,1,0,'2018-03-03 14:16:38'),(359,'Leaf Appearance Color Green Striations',714,715,NULL,NULL,NULL,0,1,0,'2018-03-03 14:16:38'),(360,'Leaf Appearance Color Groups Of Hyaline Cells',716,717,NULL,NULL,NULL,1,1,0,'2018-03-03 14:16:38'),(361,'Leaf Appearance Color Inner Basal Cell Pale',718,719,NULL,NULL,NULL,0,1,1,'2018-03-03 14:16:38'),(362,'Leaf Appearance Color Inner Basal Cell Pale',720,721,NULL,NULL,NULL,0,1,1,'2018-03-03 14:16:38'),(363,'Leaf Appearance Color Inner Basal Cell Pellucid',722,723,NULL,NULL,NULL,0,1,1,'2018-03-03 14:16:38'),(364,'Leaf Appearance Color Leaf Apex Cell Yellow',724,725,NULL,NULL,NULL,0,1,1,'2018-03-03 14:16:38'),(365,'Leaf Appearance Color Leaf Basal Cell Color Brown',726,727,NULL,NULL,NULL,0,1,1,'2018-03-03 14:16:38'),(366,'Leaf Appearance Color Leaf Basal Cell Color Green',728,729,NULL,NULL,NULL,0,1,1,'2018-03-03 14:16:38'),(367,'Leaf Appearance Color Leaf Border Orange',730,731,NULL,NULL,NULL,0,1,1,'2018-03-03 14:16:38'),(368,'Leaf Appearance Color Older Leaf Brick-Red',732,733,NULL,NULL,NULL,1,1,0,'2018-03-03 14:16:38'),(369,'Leaf Appearance Color Older Leaf Brownish-Green',734,735,NULL,NULL,NULL,1,1,0,'2018-03-03 14:16:38'),(370,'Leaf Appearance Color Surface Shiny',736,737,NULL,NULL,NULL,1,1,0,'2018-03-03 14:16:38'),(371,'Leaf Appearance Color Translucent',738,739,NULL,NULL,NULL,1,1,0,'2018-03-03 14:16:38'),(372,'Leaf Arrangement',742,807,NULL,NULL,NULL,NULL,NULL,0,'2018-03-03 14:16:38'),(373,'Leaf Arrangement Leaf Dimorphism',743,764,NULL,NULL,NULL,NULL,NULL,0,'2018-03-03 14:16:38'),(374,'Leaf Arrangement Leaf Dimorphism Dimorphic',744,745,NULL,NULL,NULL,1,1,0,'2018-03-03 14:16:38'),(375,'Leaf Arrangement Leaf Dimorphism Dimorphic (On Same Axis)',746,747,NULL,NULL,NULL,0,1,0,'2018-03-03 14:16:38'),(376,'Leaf Arrangement Leaf Dimorphism Dimorphic (Stem Vs Branch)',748,749,NULL,NULL,NULL,0,1,0,'2018-03-03 14:16:38'),(377,'Leaf Arrangement Leaf Dimorphism Dimorphic (Ventral Amphigastria)',750,751,NULL,NULL,NULL,1,1,0,'2018-03-03 14:16:38'),(378,'Leaf Arrangement Leaf Dimorphism Dorsal Leaves Smaller',752,753,NULL,NULL,NULL,1,1,0,'2018-03-03 14:16:38'),(379,'Leaf Arrangement Leaf Dimorphism Leavese Homomallous',754,755,NULL,NULL,NULL,1,1,0,'2018-03-03 14:16:38'),(380,'Leaf Arrangement Leaf Dimorphism Smaller Leaves In A Double Row',756,757,NULL,NULL,NULL,0,1,0,'2018-03-03 14:16:38'),(381,'Leaf Arrangement Leaf Dimorphism Smaller Leaves In A Single Row',758,759,NULL,NULL,NULL,0,1,0,'2018-03-03 14:16:38'),(382,'Leaf Arrangement Leaf Dimorphism Smaller Leaves On Lower Side Of Stem',760,761,NULL,NULL,NULL,0,1,1,'2018-03-03 14:16:38'),(383,'Leaf Arrangement Leaf Dimorphism Smaller Leaves On Upper Side Of Stem',762,763,NULL,NULL,NULL,0,1,1,'2018-03-03 14:16:38'),(384,'Leaf Arrangement Orientation',765,796,NULL,NULL,NULL,NULL,NULL,0,'2018-03-03 14:16:38'),(385,'Leaf Arrangement Orientation Angular',766,767,NULL,NULL,NULL,1,0,0,'2018-03-03 14:16:38'),(386,'Leaf Arrangement Orientation Appressed',768,769,NULL,NULL,NULL,1,0,0,'2018-03-03 14:16:38'),(387,'Leaf Arrangement Orientation Appressed When Dry',770,771,NULL,NULL,NULL,1,0,0,'2018-03-03 14:16:38'),(388,'Leaf Arrangement Orientation Catenulate',772,773,NULL,NULL,NULL,1,0,0,'2018-03-03 14:16:38'),(389,'Leaf Arrangement Orientation Clustered Or Branched Around A Central Stem',774,775,NULL,NULL,NULL,1,0,0,'2018-03-03 14:16:38'),(390,'Leaf Arrangement Orientation Complanate',776,777,NULL,NULL,NULL,1,0,0,'2018-03-03 14:16:38'),(391,'Leaf Arrangement Orientation Crowded',778,779,NULL,NULL,NULL,1,0,0,'2018-03-03 14:16:38'),(392,'Leaf Arrangement Orientation Crowded At Stem Tips',780,781,NULL,NULL,NULL,1,0,0,'2018-03-03 14:16:38'),(393,'Leaf Arrangement Orientation Distant',782,783,NULL,NULL,NULL,1,0,0,'2018-03-03 14:16:38'),(394,'Leaf Arrangement Orientation Flattened',784,785,NULL,NULL,NULL,1,0,0,'2018-03-03 14:16:38'),(395,'Leaf Arrangement Orientation Progressively Larger',786,787,NULL,NULL,NULL,0,1,0,'2018-03-03 14:16:38'),(396,'Leaf Arrangement Orientation Radial',788,789,NULL,NULL,NULL,1,0,0,'2018-03-03 14:16:38'),(397,'Leaf Arrangement Orientation Squarrose',790,791,NULL,NULL,NULL,1,0,0,'2018-03-03 14:16:38'),(398,'Leaf Arrangement Orientation Squarrose-Recurved',792,793,NULL,NULL,NULL,1,0,0,'2018-03-03 14:16:38'),(399,'Leaf Arrangement Orientation Whorled At Branches',794,795,NULL,NULL,NULL,1,0,0,'2018-03-03 14:16:38'),(400,'Leaf Arrangement Ranks',797,806,NULL,NULL,NULL,NULL,NULL,0,'2018-03-03 14:16:38'),(401,'Leaf Arrangement Ranks 2-Ranked',798,799,NULL,NULL,NULL,1,1,0,'2018-03-03 14:16:38'),(402,'Leaf Arrangement Ranks 3-Ranked',800,801,NULL,NULL,NULL,1,1,0,'2018-03-03 14:16:38'),(403,'Leaf Arrangement Ranks 4-5 Ranked',802,803,NULL,NULL,NULL,1,1,0,'2018-03-03 14:16:38'),(404,'Leaf Arrangement Ranks 5-Ranked',804,805,NULL,NULL,NULL,1,1,0,'2018-03-03 14:16:38'),(405,'Leaf Base',808,909,NULL,NULL,NULL,NULL,NULL,0,'2018-03-03 14:16:38'),(406,'Leaf Base Alar Cells',809,868,NULL,NULL,NULL,NULL,NULL,0,'2018-03-03 14:16:38'),(407,'Leaf Base Alar Cells 1 Or 2 Rows At Leaf Insertion',810,811,NULL,NULL,NULL,0,0,1,'2018-03-03 14:16:38'),(408,'Leaf Base Alar Cells Asymmetrically Grouped (More On One Side)',812,813,NULL,NULL,NULL,0,0,1,'2018-03-03 14:16:38'),(409,'Leaf Base Alar Cells At Basal Angles',814,815,NULL,NULL,NULL,0,0,1,'2018-03-03 14:16:38'),(410,'Leaf Base Alar Cells Brownish',816,817,NULL,NULL,NULL,0,0,1,'2018-03-03 14:16:38'),(411,'Leaf Base Alar Cells Extending Up Leaf Margin',818,819,NULL,NULL,NULL,0,0,1,'2018-03-03 14:16:38'),(412,'Leaf Base Alar Cells Extending Up Leaf Margin Up To 0N3 Sixth Leaf Length',820,821,NULL,NULL,NULL,0,0,1,'2018-03-03 14:16:38'),(413,'Leaf Base Alar Cells Five To Twenty',822,823,NULL,NULL,NULL,0,0,1,'2018-03-03 14:16:38'),(414,'Leaf Base Alar Cells Green',824,825,NULL,NULL,NULL,0,0,0,'2018-03-03 14:16:38'),(415,'Leaf Base Alar Cells Hyaline',826,827,NULL,NULL,NULL,0,0,1,'2018-03-03 14:16:38'),(416,'Leaf Base Alar Cells In 1-2 Rows',828,829,NULL,NULL,NULL,0,0,1,'2018-03-03 14:16:38'),(417,'Leaf Base Alar Cells In Distinct Auricles',830,831,NULL,NULL,NULL,0,0,1,'2018-03-03 14:16:38'),(418,'Leaf Base Alar Cells In Large Groups',832,833,NULL,NULL,NULL,0,0,1,'2018-03-03 14:16:38'),(419,'Leaf Base Alar Cells In Mire Than 3 Rows',834,835,NULL,NULL,NULL,0,0,1,'2018-03-03 14:16:38'),(420,'Leaf Base Alar Cells In Small Groups',836,837,NULL,NULL,NULL,0,0,1,'2018-03-03 14:16:38'),(421,'Leaf Base Alar Cells In Triangular Areas',838,839,NULL,NULL,NULL,0,0,1,'2018-03-03 14:16:38'),(422,'Leaf Base Alar Cells Inflated',840,841,NULL,NULL,NULL,0,0,1,'2018-03-03 14:16:38'),(423,'Leaf Base Alar Cells Inflated Towards Margin',842,843,NULL,NULL,NULL,0,0,1,'2018-03-03 14:16:38'),(424,'Leaf Base Alar Cells Length Abruptly Inflated',844,845,NULL,NULL,NULL,0,0,1,'2018-03-03 14:16:38'),(425,'Leaf Base Alar Cells Length Inflated',846,847,NULL,NULL,NULL,0,0,1,'2018-03-03 14:16:38'),(426,'Leaf Base Alar Cells Length Oblate',848,849,NULL,NULL,NULL,0,0,1,'2018-03-03 14:16:38'),(427,'Leaf Base Alar Cells Length Various',850,851,NULL,NULL,NULL,0,0,1,'2018-03-03 14:16:38'),(428,'Leaf Base Alar Cells Linear',852,853,NULL,NULL,NULL,0,0,1,'2018-03-03 14:16:38'),(429,'Leaf Base Alar Cells Oblong',854,855,NULL,NULL,NULL,0,0,1,'2018-03-03 14:16:38'),(430,'Leaf Base Alar Cells Present',856,857,NULL,NULL,NULL,0,0,1,'2018-03-03 14:16:38'),(431,'Leaf Base Alar Cells Quadrate',858,859,NULL,NULL,NULL,0,0,1,'2018-03-03 14:16:38'),(432,'Leaf Base Alar Cells Subquadrate',860,861,NULL,NULL,NULL,0,0,1,'2018-03-03 14:16:38'),(433,'Leaf Base Alar Cells Transversely Elongate',862,863,NULL,NULL,NULL,0,0,1,'2018-03-03 14:16:38'),(434,'Leaf Base Alar Cells Wide',864,865,NULL,NULL,NULL,0,0,1,'2018-03-03 14:16:38'),(435,'Leaf Base Alar Cells Yellow-Brown',866,867,NULL,NULL,NULL,0,0,1,'2018-03-03 14:16:38'),(436,'Leaf Base Basal Cells',869,892,NULL,NULL,NULL,NULL,NULL,0,'2018-03-03 14:16:38'),(437,'Leaf Base Basal Cells Cells Oriented In Single Row',870,871,NULL,NULL,NULL,0,0,1,'2018-03-03 14:16:38'),(438,'Leaf Base Basal Cells Cells Oriented In To To Three Rows',872,873,NULL,NULL,NULL,0,0,1,'2018-03-03 14:16:38'),(439,'Leaf Base Basal Cells Enlarged At Leaf Insertion',874,875,NULL,NULL,NULL,0,0,1,'2018-03-03 14:16:38'),(440,'Leaf Base Basal Cells Hyaline',876,877,NULL,NULL,NULL,0,0,1,'2018-03-03 14:16:38'),(441,'Leaf Base Basal Cells Inner Basal Cell Group Extending Up Costa',878,879,NULL,NULL,NULL,0,0,1,'2018-03-03 14:16:38'),(442,'Leaf Base Basal Cells Inner Basal Cell Size Enlarged',880,881,NULL,NULL,NULL,0,0,1,'2018-03-03 14:16:38'),(443,'Leaf Base Basal Cells Large',882,883,NULL,NULL,NULL,0,0,1,'2018-03-03 14:16:38'),(444,'Leaf Base Basal Cells Marginal Cell Hyaline',884,885,NULL,NULL,NULL,0,0,1,'2018-03-03 14:16:38'),(445,'Leaf Base Basal Cells Radiating From Costa',886,887,NULL,NULL,NULL,0,0,1,'2018-03-03 14:16:38'),(446,'Leaf Base Basal Cells Shape Uniform',888,889,NULL,NULL,NULL,0,0,1,'2018-03-03 14:16:38'),(447,'Leaf Base Basal Cells With Basal Wedges',890,891,NULL,NULL,NULL,0,0,1,'2018-03-03 14:16:38'),(448,'Leaf Base Decurrency',893,908,NULL,NULL,NULL,NULL,NULL,0,'2018-03-03 14:16:38'),(449,'Leaf Base Decurrency Base Expanded',894,895,NULL,NULL,NULL,0,1,1,'2018-03-03 14:16:38'),(450,'Leaf Base Decurrency Base Sheathing',896,897,NULL,NULL,NULL,0,1,1,'2018-03-03 14:16:38'),(451,'Leaf Base Decurrency Clasping',898,899,NULL,NULL,NULL,0,1,1,'2018-03-03 14:16:38'),(452,'Leaf Base Decurrency Decurrencies Auriculate',900,901,NULL,NULL,NULL,0,1,1,'2018-03-03 14:16:38'),(453,'Leaf Base Decurrency Decurrencies Broad',902,903,NULL,NULL,NULL,0,1,1,'2018-03-03 14:16:38'),(454,'Leaf Base Decurrency Decurrent',904,905,NULL,NULL,NULL,0,1,1,'2018-03-03 14:16:38'),(455,'Leaf Base Decurrency Long Decurrencies',906,907,NULL,NULL,NULL,0,1,1,'2018-03-03 14:16:38'),(456,'Leaf Cell Orientation',910,921,NULL,NULL,NULL,NULL,NULL,0,'2018-03-03 14:16:38'),(457,'Leaf Cell Orientation Cell Row Orientation',911,916,NULL,NULL,NULL,NULL,NULL,0,'2018-03-03 14:16:38'),(458,'Leaf Cell Orientation Cell Row Orientation Oblique Rows',912,913,NULL,NULL,NULL,0,0,1,'2018-03-03 14:16:38'),(459,'Leaf Cell Orientation Cell Row Orientation Upper Cells In Oblique Rows',914,915,NULL,NULL,NULL,0,0,1,'2018-03-03 14:16:38'),(460,'Leaf Cell Orientation Direction',917,920,NULL,NULL,NULL,NULL,NULL,0,'2018-03-03 14:16:38'),(461,'Leaf Cell Orientation Direction Diagonal Rows',918,919,NULL,NULL,NULL,0,0,1,'2018-03-03 14:16:38'),(462,'Leaf Cell Shape',922,983,NULL,NULL,NULL,NULL,NULL,0,'2018-03-03 14:16:38'),(463,'Leaf Cell Shape Apical Cell',923,926,NULL,NULL,NULL,NULL,NULL,0,'2018-03-03 14:16:38'),(464,'Leaf Cell Shape Apical Cell Rhombic',924,925,NULL,NULL,NULL,0,0,1,'2018-03-03 14:16:38'),(465,'Leaf Cell Shape Basal Cell',927,940,NULL,NULL,NULL,NULL,NULL,0,'2018-03-03 14:16:38'),(466,'Leaf Cell Shape Basal Cell Broadest As Marginal Wedge',928,929,NULL,NULL,NULL,0,0,1,'2018-03-03 14:16:38'),(467,'Leaf Cell Shape Basal Cell Elongate',930,931,NULL,NULL,NULL,0,0,1,'2018-03-03 14:16:38'),(468,'Leaf Cell Shape Basal Cell Hyaline Across Lower One Third Of Leaf',932,933,NULL,NULL,NULL,0,0,1,'2018-03-03 14:16:38'),(469,'Leaf Cell Shape Basal Cell Hyaline Cell Inflated',934,935,NULL,NULL,NULL,0,0,1,'2018-03-03 14:16:38'),(470,'Leaf Cell Shape Basal Cell Hyaline In Cancellinae Distinct Groups In Lowerone Third Of Leaf',936,937,NULL,NULL,NULL,0,0,1,'2018-03-03 14:16:38'),(471,'Leaf Cell Shape Basal Cell Not Differentiated',938,939,NULL,NULL,NULL,0,0,1,'2018-03-03 14:16:38'),(472,'Leaf Cell Shape Median Cell',941,964,NULL,NULL,NULL,NULL,NULL,0,'2018-03-03 14:16:38'),(473,'Leaf Cell Shape Median Cell Elliptic',942,943,NULL,NULL,NULL,0,0,1,'2018-03-03 14:16:38'),(474,'Leaf Cell Shape Median Cell Hexagonal',944,945,NULL,NULL,NULL,0,0,1,'2018-03-03 14:16:38'),(475,'Leaf Cell Shape Median Cell Isodiametric',946,947,NULL,NULL,NULL,0,0,1,'2018-03-03 14:16:38'),(476,'Leaf Cell Shape Median Cell Isodiametric Throughout',948,949,NULL,NULL,NULL,0,0,1,'2018-03-03 14:16:38'),(477,'Leaf Cell Shape Median Cell Linear',950,951,NULL,NULL,NULL,0,0,1,'2018-03-03 14:16:38'),(478,'Leaf Cell Shape Median Cell More Than Five Times As Wide',952,953,NULL,NULL,NULL,0,0,1,'2018-03-03 14:16:38'),(479,'Leaf Cell Shape Median Cell Oblong',954,955,NULL,NULL,NULL,0,0,1,'2018-03-03 14:16:38'),(480,'Leaf Cell Shape Median Cell Rhomboidal',956,957,NULL,NULL,NULL,0,0,1,'2018-03-03 14:16:38'),(481,'Leaf Cell Shape Median Cell Rounded',958,959,NULL,NULL,NULL,0,0,1,'2018-03-03 14:16:38'),(482,'Leaf Cell Shape Median Cell Rounded-Oblate',960,961,NULL,NULL,NULL,0,0,1,'2018-03-03 14:16:38'),(483,'Leaf Cell Shape Median Cell Short-Rectangular',962,963,NULL,NULL,NULL,0,0,1,'2018-03-03 14:16:38'),(484,'Leaf Cell Shape Upper Cell',965,976,NULL,NULL,NULL,NULL,NULL,0,'2018-03-03 14:16:38'),(485,'Leaf Cell Shape Upper Cell Broad',966,967,NULL,NULL,NULL,0,0,1,'2018-03-03 14:16:38'),(486,'Leaf Cell Shape Upper Cell Linear',968,969,NULL,NULL,NULL,0,0,1,'2018-03-03 14:16:38'),(487,'Leaf Cell Shape Upper Cell Rectangular',970,971,NULL,NULL,NULL,0,0,1,'2018-03-03 14:16:38'),(488,'Leaf Cell Shape Upper Cell Sinuose',972,973,NULL,NULL,NULL,0,0,0,'2018-03-03 14:16:38'),(489,'Leaf Cell Shape Upper Cell Square',974,975,NULL,NULL,NULL,0,0,1,'2018-03-03 14:16:38'),(490,'Leaf Cell Shape Upper Cell Shape',977,982,NULL,NULL,NULL,NULL,NULL,0,'2018-03-03 14:16:38'),(491,'Leaf Cell Shape Upper Cell Shape Narrowly Rhomboidal',978,979,NULL,NULL,NULL,0,0,1,'2018-03-03 14:16:38'),(492,'Leaf Cell Shape Upper Cell Shape Oblong-Rhomboidal',980,981,NULL,NULL,NULL,0,0,1,'2018-03-03 14:16:38'),(493,'Leaf Cell Size',984,1039,NULL,NULL,NULL,NULL,NULL,0,'2018-03-03 14:16:38'),(494,'Leaf Cell Size Apical Cell Length',985,992,NULL,NULL,NULL,NULL,NULL,0,'2018-03-03 14:16:38'),(495,'Leaf Cell Size Apical Cell Length Apical Cell Length About Median Cell Length',986,987,NULL,NULL,NULL,0,0,1,'2018-03-03 14:16:38'),(496,'Leaf Cell Size Apical Cell Length Greater Than Medial Median Cell Length',988,989,NULL,NULL,NULL,0,0,1,'2018-03-03 14:16:38'),(497,'Leaf Cell Size Apical Cell Length Long',990,991,NULL,NULL,NULL,0,0,1,'2018-03-03 14:16:38'),(498,'Leaf Cell Size Median Cell Length',993,1032,NULL,NULL,NULL,NULL,NULL,0,'2018-03-03 14:16:38'),(499,'Leaf Cell Size Median Cell Length 10 To 13 Microns',994,995,NULL,NULL,NULL,0,0,1,'2018-03-03 14:16:38'),(500,'Leaf Cell Size Median Cell Length 15 To 20 Microns',996,997,NULL,NULL,NULL,0,0,1,'2018-03-03 14:16:38'),(501,'Leaf Cell Size Median Cell Length About Eight To One',998,999,NULL,NULL,NULL,0,0,1,'2018-03-03 14:16:38'),(502,'Leaf Cell Size Median Cell Length About Four To One',1000,1001,NULL,NULL,NULL,0,0,1,'2018-03-03 14:16:38'),(503,'Leaf Cell Size Median Cell Length About Three To One',1002,1003,NULL,NULL,NULL,0,0,1,'2018-03-03 14:16:38'),(504,'Leaf Cell Size Median Cell Length Cell Length Intermediate',1004,1005,NULL,NULL,NULL,0,0,1,'2018-03-03 14:16:38'),(505,'Leaf Cell Size Median Cell Length Greater Than 15 Microns',1006,1007,NULL,NULL,NULL,0,1,1,'2018-03-03 14:16:38'),(506,'Leaf Cell Size Median Cell Length Greater Than Eight To One',1008,1009,NULL,NULL,NULL,0,0,1,'2018-03-03 14:16:38'),(507,'Leaf Cell Size Median Cell Length Greater Than Five To One',1010,1011,NULL,NULL,NULL,0,0,1,'2018-03-03 14:16:38'),(508,'Leaf Cell Size Median Cell Length Greater Than Four But Less Than Seven To One',1012,1013,NULL,NULL,NULL,0,0,1,'2018-03-03 14:16:38'),(509,'Leaf Cell Size Median Cell Length Greater Than Four To One',1014,1015,NULL,NULL,NULL,0,0,1,'2018-03-03 14:16:38'),(510,'Leaf Cell Size Median Cell Length Greater Than Three But Less Than Eight To One',1016,1017,NULL,NULL,NULL,0,0,1,'2018-03-03 14:16:38'),(511,'Leaf Cell Size Median Cell Length Greater Than Three But Less Than Four To One',1018,1019,NULL,NULL,NULL,0,0,1,'2018-03-03 14:16:38'),(512,'Leaf Cell Size Median Cell Length Greater Than Two But Less Than Five To One',1020,1021,NULL,NULL,NULL,0,0,1,'2018-03-03 14:16:38'),(513,'Leaf Cell Size Median Cell Length Greater Than Two To One',1022,1023,NULL,NULL,NULL,0,0,1,'2018-03-03 14:16:38'),(514,'Leaf Cell Size Median Cell Length Greter Than Three To One',1024,1025,NULL,NULL,NULL,0,0,1,'2018-03-03 14:16:38'),(515,'Leaf Cell Size Median Cell Length Less Than Two To One',1026,1027,NULL,NULL,NULL,0,0,1,'2018-03-03 14:16:38'),(516,'Leaf Cell Size Median Cell Length Long',1028,1029,NULL,NULL,NULL,0,0,1,'2018-03-03 14:16:38'),(517,'Leaf Cell Size Median Cell Length Short',1030,1031,NULL,NULL,NULL,0,0,1,'2018-03-03 14:16:38'),(518,'Leaf Cell Size Upper Cell Length',1033,1038,NULL,NULL,NULL,NULL,NULL,0,'2018-03-03 14:16:38'),(519,'Leaf Cell Size Upper Cell Length Cell Length Short',1034,1035,NULL,NULL,NULL,0,0,1,'2018-03-03 14:16:38'),(520,'Leaf Cell Size Upper Cell Length Greater Than Five To One',1036,1037,NULL,NULL,NULL,0,0,1,'2018-03-03 14:16:38'),(521,'Leaf Cell Size/Shape',1040,1047,NULL,NULL,NULL,NULL,NULL,0,'2018-03-03 14:16:38'),(522,'Leaf Cell Size/Shape Intramarginal Cell Shape',1041,1046,NULL,NULL,NULL,NULL,NULL,0,'2018-03-03 14:16:38'),(523,'Leaf Cell Size/Shape Intramarginal Cell Shape Cell Long',1042,1043,NULL,NULL,NULL,0,0,1,'2018-03-03 14:16:38'),(524,'Leaf Cell Size/Shape Intramarginal Cell Shape Cell Narrow',1044,1045,NULL,NULL,NULL,0,0,1,'2018-03-03 14:16:38'),(525,'Leaf Cell Surface',1048,1241,NULL,NULL,NULL,NULL,NULL,0,'2018-03-03 14:16:38'),(526,'Leaf Cell Surface Cilia',1049,1056,NULL,NULL,NULL,NULL,NULL,0,'2018-03-03 14:16:38'),(527,'Leaf Cell Surface Cilia At Leaf Apex',1050,1051,NULL,NULL,NULL,0,1,1,'2018-03-03 14:16:38'),(528,'Leaf Cell Surface Cilia At Leaf Base',1052,1053,NULL,NULL,NULL,0,1,1,'2018-03-03 14:16:38'),(529,'Leaf Cell Surface Cilia At Leaf Shoulder',1054,1055,NULL,NULL,NULL,0,1,1,'2018-03-03 14:16:38'),(530,'Leaf Cell Surface Configuration',1057,1074,NULL,NULL,NULL,NULL,NULL,0,'2018-03-03 14:16:38'),(531,'Leaf Cell Surface Configuration Bulging',1058,1059,NULL,NULL,NULL,0,1,1,'2018-03-03 14:16:38'),(532,'Leaf Cell Surface Configuration Channelled',1060,1061,NULL,NULL,NULL,0,1,1,'2018-03-03 14:16:38'),(533,'Leaf Cell Surface Configuration Channelled At Costa',1062,1063,NULL,NULL,NULL,0,1,1,'2018-03-03 14:16:38'),(534,'Leaf Cell Surface Configuration Ornamented',1064,1065,NULL,NULL,NULL,0,1,1,'2018-03-03 14:16:38'),(535,'Leaf Cell Surface Configuration Projections Indistinct',1066,1067,NULL,NULL,NULL,0,0,0,'2018-03-03 14:16:38'),(536,'Leaf Cell Surface Configuration Smooth',1068,1069,NULL,NULL,NULL,1,1,1,'2018-03-03 14:16:38'),(537,'Leaf Cell Surface Configuration Upper Side Flat',1070,1071,NULL,NULL,NULL,1,1,0,'2018-03-03 14:16:38'),(538,'Leaf Cell Surface Configuration With Projections',1072,1073,NULL,NULL,NULL,0,1,1,'2018-03-03 14:16:38'),(539,'Leaf Cell Surface Filaments',1075,1094,NULL,NULL,NULL,NULL,NULL,0,'2018-03-03 14:16:38'),(540,'Leaf Cell Surface Filaments Filaments Covered By Inrolled Leaf Margin',1076,1077,NULL,NULL,NULL,0,0,1,'2018-03-03 14:16:38'),(541,'Leaf Cell Surface Filaments Filaments On  Costa',1078,1079,NULL,NULL,NULL,0,1,1,'2018-03-03 14:16:38'),(542,'Leaf Cell Surface Filaments Filaments On Lamina',1080,1081,NULL,NULL,NULL,0,1,1,'2018-03-03 14:16:38'),(543,'Leaf Cell Surface Filaments Filaments On Narrow Costa',1082,1083,NULL,NULL,NULL,0,1,1,'2018-03-03 14:16:38'),(544,'Leaf Cell Surface Filaments Leaf Filaments Branched',1084,1085,NULL,NULL,NULL,0,0,1,'2018-03-03 14:16:38'),(545,'Leaf Cell Surface Filaments Leaf Filaments Green',1086,1087,NULL,NULL,NULL,0,0,1,'2018-03-03 14:16:38'),(546,'Leaf Cell Surface Filaments Leaf With Filaments',1088,1089,NULL,NULL,NULL,0,0,1,'2018-03-03 14:16:38'),(547,'Leaf Cell Surface Filaments Leaf With Filaments On The Upper End Of Costa',1090,1091,NULL,NULL,NULL,0,1,1,'2018-03-03 14:16:38'),(548,'Leaf Cell Surface Filaments Leaf With Fine, White Threadlike Filaments In A Cobwebby Weft',1092,1093,NULL,NULL,NULL,0,1,1,'2018-03-03 14:16:38'),(549,'Leaf Cell Surface Lamellae/Ridges',1095,1142,NULL,NULL,NULL,NULL,NULL,0,'2018-03-03 14:16:38'),(550,'Leaf Cell Surface Lamellae/Ridges Cuticular Ridges Strong (More Than Times  Cell Length)',1096,1097,NULL,NULL,NULL,0,0,1,'2018-03-03 14:16:38'),(551,'Leaf Cell Surface Lamellae/Ridges Cuticular Ridges Weak (One To Two Times Cell Length)',1098,1099,NULL,NULL,NULL,0,0,1,'2018-03-03 14:16:38'),(552,'Leaf Cell Surface Lamellae/Ridges Green Sheet-Like Lamellae',1100,1101,NULL,NULL,NULL,0,0,1,'2018-03-03 14:16:38'),(553,'Leaf Cell Surface Lamellae/Ridges Lamellae Crowded',1102,1103,NULL,NULL,NULL,0,0,1,'2018-03-03 14:16:38'),(554,'Leaf Cell Surface Lamellae/Ridges Lamellae Five To Fifteen On Costa',1104,1105,NULL,NULL,NULL,0,0,1,'2018-03-03 14:16:38'),(555,'Leaf Cell Surface Lamellae/Ridges Lamellae Four To Nine On Costa',1106,1107,NULL,NULL,NULL,0,0,1,'2018-03-03 14:16:38'),(556,'Leaf Cell Surface Lamellae/Ridges Lamellae More Than 20 On Costa',1108,1109,NULL,NULL,NULL,0,0,1,'2018-03-03 14:16:38'),(557,'Leaf Cell Surface Lamellae/Ridges Lamellae On Both Leaf Surfaces',1110,1111,NULL,NULL,NULL,0,1,1,'2018-03-03 14:16:38'),(558,'Leaf Cell Surface Lamellae/Ridges Lamellae On Upper Ends Of Costa',1112,1113,NULL,NULL,NULL,0,0,1,'2018-03-03 14:16:38'),(559,'Leaf Cell Surface Lamellae/Ridges Lamellae On Upper Leaf Surface',1114,1115,NULL,NULL,NULL,0,1,1,'2018-03-03 14:16:38'),(560,'Leaf Cell Surface Lamellae/Ridges Lamellae Two To Eight On Costa',1116,1117,NULL,NULL,NULL,0,0,1,'2018-03-03 14:16:38'),(561,'Leaf Cell Surface Lamellae/Ridges Lamellae Two To Four On Costa',1118,1119,NULL,NULL,NULL,0,0,1,'2018-03-03 14:16:38'),(562,'Leaf Cell Surface Lamellae/Ridges Lamellar Apical Cell Elliptic-Pyriform',1120,1121,NULL,NULL,NULL,0,0,1,'2018-03-03 14:16:38'),(563,'Leaf Cell Surface Lamellae/Ridges Lamellar Apical Cell Papillose',1122,1123,NULL,NULL,NULL,0,0,1,'2018-03-03 14:16:38'),(564,'Leaf Cell Surface Lamellae/Ridges Lamellar Apical Cell Ridged',1124,1125,NULL,NULL,NULL,0,0,1,'2018-03-03 14:16:38'),(565,'Leaf Cell Surface Lamellae/Ridges Lamellar Apical Cell Rounded',1126,1127,NULL,NULL,NULL,0,0,1,'2018-03-03 14:16:38'),(566,'Leaf Cell Surface Lamellae/Ridges Lamellar Apical Cell Smooth',1128,1129,NULL,NULL,NULL,0,0,1,'2018-03-03 14:16:38'),(567,'Leaf Cell Surface Lamellae/Ridges Leaf Cell With Cuticular Ridges',1130,1131,NULL,NULL,NULL,0,0,1,'2018-03-03 14:16:38'),(568,'Leaf Cell Surface Lamellae/Ridges Leaf With Lamella',1132,1133,NULL,NULL,NULL,0,1,1,'2018-03-03 14:16:38'),(569,'Leaf Cell Surface Lamellae/Ridges Ridge-Like Lamellae On Dorsal Side Of Costa',1134,1135,NULL,NULL,NULL,0,0,1,'2018-03-03 14:16:38'),(570,'Leaf Cell Surface Lamellae/Ridges Ridge-Like Lamellae On Upper Surface Of Costa',1136,1137,NULL,NULL,NULL,0,0,1,'2018-03-03 14:16:38'),(571,'Leaf Cell Surface Lamellae/Ridges With Cuticular Ridges',1138,1139,NULL,NULL,NULL,0,1,1,'2018-03-03 14:16:38'),(572,'Leaf Cell Surface Lamellae/Ridges With Longitudinal Lamellae',1140,1141,NULL,NULL,NULL,0,0,1,'2018-03-03 14:16:38'),(573,'Leaf Cell Surface Papillae',1143,1170,NULL,NULL,NULL,NULL,NULL,0,'2018-03-03 14:16:38'),(574,'Leaf Cell Surface Papillae Apical Cell With Large Papillae',1144,1145,NULL,NULL,NULL,0,0,1,'2018-03-03 14:16:38'),(575,'Leaf Cell Surface Papillae Apical Cell With Projecting Papillae',1146,1147,NULL,NULL,NULL,0,0,1,'2018-03-03 14:16:38'),(576,'Leaf Cell Surface Papillae Coarsely Papillose',1148,1149,NULL,NULL,NULL,0,0,1,'2018-03-03 14:16:38'),(577,'Leaf Cell Surface Papillae Indistinctly Papillose',1150,1151,NULL,NULL,NULL,0,0,0,'2018-03-03 14:16:38'),(578,'Leaf Cell Surface Papillae Lamina Cell Papillose',1152,1153,NULL,NULL,NULL,0,0,1,'2018-03-03 14:16:38'),(579,'Leaf Cell Surface Papillae Marginal Cell Less Papillose Than Laminal Cell',1154,1155,NULL,NULL,NULL,0,0,1,'2018-03-03 14:16:38'),(580,'Leaf Cell Surface Papillae Papilla Over Cell Lumen',1156,1157,NULL,NULL,NULL,0,0,1,'2018-03-03 14:16:38'),(581,'Leaf Cell Surface Papillae Papillae Crowded',1158,1159,NULL,NULL,NULL,0,0,1,'2018-03-03 14:16:38'),(582,'Leaf Cell Surface Papillae Papillae In Single Row',1160,1161,NULL,NULL,NULL,0,0,1,'2018-03-03 14:16:38'),(583,'Leaf Cell Surface Papillae Papillae Scattered',1162,1163,NULL,NULL,NULL,0,0,1,'2018-03-03 14:16:38'),(584,'Leaf Cell Surface Papillae Pleuripapillose',1164,1165,NULL,NULL,NULL,0,0,1,'2018-03-03 14:16:38'),(585,'Leaf Cell Surface Papillae Present',1166,1167,NULL,NULL,NULL,0,0,1,'2018-03-03 14:16:38'),(586,'Leaf Cell Surface Papillae Unipapillose On Both Surfaces',1168,1169,NULL,NULL,NULL,0,0,1,'2018-03-03 14:16:38'),(587,'Leaf Cell Surface Papillae Number',1171,1182,NULL,NULL,NULL,NULL,NULL,0,'2018-03-03 14:16:38'),(588,'Leaf Cell Surface Papillae Number Both Leaf Surface Papillae Single',1172,1173,NULL,NULL,NULL,0,0,1,'2018-03-03 14:16:38'),(589,'Leaf Cell Surface Papillae Number Branch Leaf Cell Papillae Single',1174,1175,NULL,NULL,NULL,0,0,1,'2018-03-03 14:16:38'),(590,'Leaf Cell Surface Papillae Number Papillae Four To Seven',1176,1177,NULL,NULL,NULL,0,0,1,'2018-03-03 14:16:38'),(591,'Leaf Cell Surface Papillae Number Papillae One To Four',1178,1179,NULL,NULL,NULL,0,0,1,'2018-03-03 14:16:38'),(592,'Leaf Cell Surface Papillae Number Papillae Single',1180,1181,NULL,NULL,NULL,0,0,1,'2018-03-03 14:16:38'),(593,'Leaf Cell Surface Papillae Shape',1183,1222,NULL,NULL,NULL,NULL,NULL,0,'2018-03-03 14:16:38'),(594,'Leaf Cell Surface Papillae Shape Bifid',1184,1185,NULL,NULL,NULL,0,0,1,'2018-03-03 14:16:38'),(595,'Leaf Cell Surface Papillae Shape Conical',1186,1187,NULL,NULL,NULL,0,0,1,'2018-03-03 14:16:38'),(596,'Leaf Cell Surface Papillae Shape Curved',1188,1189,NULL,NULL,NULL,0,0,1,'2018-03-03 14:16:38'),(597,'Leaf Cell Surface Papillae Shape Cuticular',1190,1191,NULL,NULL,NULL,0,0,0,'2018-03-03 14:16:38'),(598,'Leaf Cell Surface Papillae Shape Dimple',1192,1193,NULL,NULL,NULL,0,0,1,'2018-03-03 14:16:38'),(599,'Leaf Cell Surface Papillae Shape Elongate',1194,1195,NULL,NULL,NULL,0,0,1,'2018-03-03 14:16:38'),(600,'Leaf Cell Surface Papillae Shape Forked',1196,1197,NULL,NULL,NULL,0,0,1,'2018-03-03 14:16:38'),(601,'Leaf Cell Surface Papillae Shape Leaf Laminal Cell Pleuripapillose',1198,1199,NULL,NULL,NULL,0,0,1,'2018-03-03 14:16:38'),(602,'Leaf Cell Surface Papillae Shape Leaf Upper Cell Pleuripapillose',1200,1201,NULL,NULL,NULL,0,0,1,'2018-03-03 14:16:38'),(603,'Leaf Cell Surface Papillae Shape Low',1202,1203,NULL,NULL,NULL,0,0,1,'2018-03-03 14:16:38'),(604,'Leaf Cell Surface Papillae Shape Mammillose [Bulging And Papillose]',1204,1205,NULL,NULL,NULL,0,0,1,'2018-03-03 14:16:38'),(605,'Leaf Cell Surface Papillae Shape Minutely Pleuripapillose',1206,1207,NULL,NULL,NULL,0,0,1,'2018-03-03 14:16:38'),(606,'Leaf Cell Surface Papillae Shape Pleuripapillose (C Shaped)',1208,1209,NULL,NULL,NULL,0,0,1,'2018-03-03 14:16:38'),(607,'Leaf Cell Surface Papillae Shape Pleuripapillose On Back (Abaxial) Side Only',1210,1211,NULL,NULL,NULL,0,0,1,'2018-03-03 14:16:38'),(608,'Leaf Cell Surface Papillae Shape Pleuripapillose On Both Sides',1212,1213,NULL,NULL,NULL,0,0,1,'2018-03-03 14:16:38'),(609,'Leaf Cell Surface Papillae Shape Short',1214,1215,NULL,NULL,NULL,0,0,1,'2018-03-03 14:16:38'),(610,'Leaf Cell Surface Papillae Shape Simple',1216,1217,NULL,NULL,NULL,0,0,1,'2018-03-03 14:16:38'),(611,'Leaf Cell Surface Papillae Shape Stellate',1218,1219,NULL,NULL,NULL,0,0,1,'2018-03-03 14:16:38'),(612,'Leaf Cell Surface Papillae Shape With Very Thick Walls',1220,1221,NULL,NULL,NULL,0,0,1,'2018-03-03 14:16:38'),(613,'Leaf Cell Surface Prorate/Prorulose',1223,1234,NULL,NULL,NULL,NULL,NULL,0,'2018-03-03 14:16:38'),(614,'Leaf Cell Surface Prorate/Prorulose Minutely Prorulose',1224,1225,NULL,NULL,NULL,0,0,1,'2018-03-03 14:16:38'),(615,'Leaf Cell Surface Prorate/Prorulose Prorate',1226,1227,NULL,NULL,NULL,0,0,0,'2018-03-03 14:16:38'),(616,'Leaf Cell Surface Prorate/Prorulose Prorulose',1228,1229,NULL,NULL,NULL,0,0,1,'2018-03-03 14:16:38'),(617,'Leaf Cell Surface Prorate/Prorulose Prorulose On Back (Abaxial) Side Only',1230,1231,NULL,NULL,NULL,0,0,0,'2018-03-03 14:16:38'),(618,'Leaf Cell Surface Prorate/Prorulose Upper Leaf Cell Prorulose',1232,1233,NULL,NULL,NULL,0,0,1,'2018-03-03 14:16:38'),(619,'Leaf Cell Surface Rugose',1235,1240,NULL,NULL,NULL,NULL,NULL,0,'2018-03-03 14:16:38'),(620,'Leaf Cell Surface Rugose Rugose Or Undulate',1236,1237,NULL,NULL,NULL,0,0,1,'2018-03-03 14:16:38'),(621,'Leaf Cell Surface Rugose Stem Leaf Cells Rugose At Acumen Base',1238,1239,NULL,NULL,NULL,0,0,1,'2018-03-03 14:16:38'),(622,'Leaf Cell Walls',1242,1289,NULL,NULL,NULL,NULL,NULL,0,'2018-03-03 14:16:38'),(623,'Leaf Cell Walls Alar Cells',1243,1250,NULL,NULL,NULL,NULL,NULL,0,'2018-03-03 14:16:38'),(624,'Leaf Cell Walls Alar Cells Nodulose',1244,1245,NULL,NULL,NULL,0,0,1,'2018-03-03 14:16:38'),(625,'Leaf Cell Walls Alar Cells Porose',1246,1247,NULL,NULL,NULL,0,0,1,'2018-03-03 14:16:38'),(626,'Leaf Cell Walls Alar Cells Thick',1248,1249,NULL,NULL,NULL,0,0,1,'2018-03-03 14:16:38'),(627,'Leaf Cell Walls Basal Cells',1251,1260,NULL,NULL,NULL,NULL,NULL,0,'2018-03-03 14:16:38'),(628,'Leaf Cell Walls Basal Cells Marginal Cells With Thickened Cross-Walls',1252,1253,NULL,NULL,NULL,0,0,1,'2018-03-03 14:16:38'),(629,'Leaf Cell Walls Basal Cells Thin',1254,1255,NULL,NULL,NULL,0,0,1,'2018-03-03 14:16:38'),(630,'Leaf Cell Walls Basal Cells With Brown Cross Walls',1256,1257,NULL,NULL,NULL,0,0,1,'2018-03-03 14:16:38'),(631,'Leaf Cell Walls Basal Cells With Thickened Cross Walls',1258,1259,NULL,NULL,NULL,0,0,1,'2018-03-03 14:16:38'),(632,'Leaf Cell Walls Median Cell Mid Surface',1261,1266,NULL,NULL,NULL,NULL,NULL,0,'2018-03-03 14:16:38'),(633,'Leaf Cell Walls Median Cell Mid Surface Rounded',1262,1263,NULL,NULL,NULL,0,0,1,'2018-03-03 14:16:38'),(634,'Leaf Cell Walls Median Cell Mid Surface Stellate',1264,1265,NULL,NULL,NULL,0,0,1,'2018-03-03 14:16:38'),(635,'Leaf Cell Walls Median Cells',1267,1284,NULL,NULL,NULL,NULL,NULL,0,'2018-03-03 14:16:38'),(636,'Leaf Cell Walls Median Cells Collenchymatous',1268,1269,NULL,NULL,NULL,0,0,1,'2018-03-03 14:16:38'),(637,'Leaf Cell Walls Median Cells Irregularly Thickened',1270,1271,NULL,NULL,NULL,0,0,1,'2018-03-03 14:16:38'),(638,'Leaf Cell Walls Median Cells Leaf Hyaline Cell Walls Thin',1272,1273,NULL,NULL,NULL,0,0,1,'2018-03-03 14:16:38'),(639,'Leaf Cell Walls Median Cells Nodulose',1274,1275,NULL,NULL,NULL,0,0,1,'2018-03-03 14:16:38'),(640,'Leaf Cell Walls Median Cells Sinuose',1276,1277,NULL,NULL,NULL,0,0,1,'2018-03-03 14:16:38'),(641,'Leaf Cell Walls Median Cells Strongly Pitted',1278,1279,NULL,NULL,NULL,0,0,1,'2018-03-03 14:16:38'),(642,'Leaf Cell Walls Median Cells Thick',1280,1281,NULL,NULL,NULL,0,0,1,'2018-03-03 14:16:38'),(643,'Leaf Cell Walls Median Cells Uniform',1282,1283,NULL,NULL,NULL,0,0,1,'2018-03-03 14:16:38'),(644,'Leaf Cell Walls Upper Leaf Cells',1285,1288,NULL,NULL,NULL,NULL,NULL,0,'2018-03-03 14:16:38'),(645,'Leaf Cell Walls Upper Leaf Cells Thick',1286,1287,NULL,NULL,NULL,0,0,0,'2018-03-03 14:16:38'),(646,'Leaf Curves/Twists',1290,1335,NULL,NULL,NULL,NULL,NULL,0,'2018-03-03 14:16:38'),(647,'Leaf Curves/Twists Leaf Base',1291,1294,NULL,NULL,NULL,NULL,NULL,0,'2018-03-03 14:16:38'),(648,'Leaf Curves/Twists Leaf Base Distinctly Incurved',1292,1293,NULL,NULL,NULL,0,1,1,'2018-03-03 14:16:38'),(649,'Leaf Curves/Twists Whole Leaf',1295,1334,NULL,NULL,NULL,NULL,NULL,0,'2018-03-03 14:16:38'),(650,'Leaf Curves/Twists Whole Leaf Recurved',1296,1297,NULL,NULL,NULL,1,1,0,'2018-03-03 14:16:38'),(651,'Leaf Curves/Twists Whole Leaf Rounded',1298,1299,NULL,NULL,NULL,1,1,0,'2018-03-03 14:16:38'),(652,'Leaf Curves/Twists Whole Leaf Rounded-Obtuse',1300,1301,NULL,NULL,NULL,1,1,0,'2018-03-03 14:16:38'),(653,'Leaf Curves/Twists Whole Leaf Secund',1302,1303,NULL,NULL,NULL,1,1,0,'2018-03-03 14:16:38'),(654,'Leaf Curves/Twists Whole Leaf Setaceous',1304,1305,NULL,NULL,NULL,1,1,0,'2018-03-03 14:16:38'),(655,'Leaf Curves/Twists Whole Leaf Slightly Secund At Tips',1306,1307,NULL,NULL,NULL,1,1,0,'2018-03-03 14:16:38'),(656,'Leaf Curves/Twists Whole Leaf Spathulate',1308,1309,NULL,NULL,NULL,1,1,0,'2018-03-03 14:16:38'),(657,'Leaf Curves/Twists Whole Leaf Spirally Revolute',1310,1311,NULL,NULL,NULL,1,1,0,'2018-03-03 14:16:38'),(658,'Leaf Curves/Twists Whole Leaf Spreading When Wet',1312,1313,NULL,NULL,NULL,1,1,0,'2018-03-03 14:16:38'),(659,'Leaf Curves/Twists Whole Leaf Squarrose',1314,1315,NULL,NULL,NULL,1,1,0,'2018-03-03 14:16:38'),(660,'Leaf Curves/Twists Whole Leaf Squarrose When Wet',1316,1317,NULL,NULL,NULL,1,1,0,'2018-03-03 14:16:38'),(661,'Leaf Curves/Twists Whole Leaf Squarrose-Recurved',1318,1319,NULL,NULL,NULL,1,1,0,'2018-03-03 14:16:38'),(662,'Leaf Curves/Twists Whole Leaf Squarrose-Recurved When Wet',1320,1321,NULL,NULL,NULL,1,1,0,'2018-03-03 14:16:38'),(663,'Leaf Curves/Twists Whole Leaf Squarrose-Recurved When Dry',1322,1323,NULL,NULL,NULL,1,1,0,'2018-03-03 14:16:38'),(664,'Leaf Curves/Twists Whole Leaf Straight',1324,1325,NULL,NULL,NULL,1,1,0,'2018-03-03 14:16:38'),(665,'Leaf Curves/Twists Whole Leaf Striate',1326,1327,NULL,NULL,NULL,1,1,0,'2018-03-03 14:16:38'),(666,'Leaf Curves/Twists Whole Leaf Subtubulose',1328,1329,NULL,NULL,NULL,1,1,0,'2018-03-03 14:16:38'),(667,'Leaf Curves/Twists Whole Leaf Subtubulose When Dry',1330,1331,NULL,NULL,NULL,1,1,0,'2018-03-03 14:16:38'),(668,'Leaf Curves/Twists Whole Leaf Subulate',1332,1333,NULL,NULL,NULL,1,1,0,'2018-03-03 14:16:38'),(669,'Leaf Margin',1336,1539,NULL,NULL,NULL,NULL,NULL,0,'2018-03-03 14:16:38'),(670,'Leaf Margin Apex',1337,1346,NULL,NULL,NULL,NULL,NULL,0,'2018-03-03 14:16:38'),(671,'Leaf Margin Apex Erect',1338,1339,NULL,NULL,NULL,0,1,1,'2018-03-03 14:16:38'),(672,'Leaf Margin Apex Incurved',1340,1341,NULL,NULL,NULL,0,1,1,'2018-03-03 14:16:38'),(673,'Leaf Margin Apex Recurved',1342,1343,NULL,NULL,NULL,1,1,0,'2018-03-03 14:16:38'),(674,'Leaf Margin Apex Spirally Inrolled',1344,1345,NULL,NULL,NULL,0,1,1,'2018-03-03 14:16:38'),(675,'Leaf Margin Border',1347,1390,NULL,NULL,NULL,NULL,NULL,0,'2018-03-03 14:16:38'),(676,'Leaf Margin Border Absent',1348,1349,NULL,NULL,NULL,0,0,1,'2018-03-03 14:16:38'),(677,'Leaf Margin Border Absent Above',1350,1351,NULL,NULL,NULL,0,0,1,'2018-03-03 14:16:38'),(678,'Leaf Margin Border Absent Except At Apex',1352,1353,NULL,NULL,NULL,0,0,1,'2018-03-03 14:16:38'),(679,'Leaf Margin Border Basal Border Cells Pellucid',1354,1355,NULL,NULL,NULL,0,1,1,'2018-03-03 14:16:38'),(680,'Leaf Margin Border Border Cell Enlarged',1356,1357,NULL,NULL,NULL,0,0,1,'2018-03-03 14:16:38'),(681,'Leaf Margin Border Border Cell Long',1358,1359,NULL,NULL,NULL,0,0,1,'2018-03-03 14:16:38'),(682,'Leaf Margin Border Border Cell Orange',1360,1361,NULL,NULL,NULL,0,1,1,'2018-03-03 14:16:38'),(683,'Leaf Margin Border Border Cell Short',1362,1363,NULL,NULL,NULL,0,0,1,'2018-03-03 14:16:38'),(684,'Leaf Margin Border Border Cell Thick Walled',1364,1365,NULL,NULL,NULL,0,0,1,'2018-03-03 14:16:38'),(685,'Leaf Margin Border Border Extends To Near Apex',1366,1367,NULL,NULL,NULL,0,0,1,'2018-03-03 14:16:38'),(686,'Leaf Margin Border Border Extends To Near Mid-Leaf',1368,1369,NULL,NULL,NULL,0,0,1,'2018-03-03 14:16:38'),(687,'Leaf Margin Border Border Intra-Marginal',1370,1371,NULL,NULL,NULL,0,0,1,'2018-03-03 14:16:38'),(688,'Leaf Margin Border Leaf Border Cell Isodiametric',1372,1373,NULL,NULL,NULL,0,0,1,'2018-03-03 14:16:38'),(689,'Leaf Margin Border Of Cancellinae',1374,1375,NULL,NULL,NULL,0,0,1,'2018-03-03 14:16:38'),(690,'Leaf Margin Border Of Diagonally Oriented Cells',1376,1377,NULL,NULL,NULL,0,0,1,'2018-03-03 14:16:38'),(691,'Leaf Margin Border Of Elongate Cell Length',1378,1379,NULL,NULL,NULL,0,0,1,'2018-03-03 14:16:38'),(692,'Leaf Margin Border Of Long Cell Length',1380,1381,NULL,NULL,NULL,0,0,1,'2018-03-03 14:16:38'),(693,'Leaf Margin Border Of Narrow Cell Length',1382,1383,NULL,NULL,NULL,0,0,1,'2018-03-03 14:16:38'),(694,'Leaf Margin Border Of Short Cell Length',1384,1385,NULL,NULL,NULL,0,0,1,'2018-03-03 14:16:38'),(695,'Leaf Margin Border Present',1386,1387,NULL,NULL,NULL,0,1,1,'2018-03-03 14:16:38'),(696,'Leaf Margin Border With Cilia',1388,1389,NULL,NULL,NULL,0,1,1,'2018-03-03 14:16:38'),(697,'Leaf Margin Cell Ornamentation',1391,1402,NULL,NULL,NULL,NULL,NULL,0,'2018-03-03 14:16:38'),(698,'Leaf Margin Cell Ornamentation Cells Thick-Walled',1392,1393,NULL,NULL,NULL,0,0,1,'2018-03-03 14:16:38'),(699,'Leaf Margin Cell Ornamentation Cells Thin-Walled',1394,1395,NULL,NULL,NULL,0,0,1,'2018-03-03 14:16:38'),(700,'Leaf Margin Cell Ornamentation Papillose-Crenulate Margin',1396,1397,NULL,NULL,NULL,0,0,1,'2018-03-03 14:16:38'),(701,'Leaf Margin Cell Ornamentation Projecting Papilla',1398,1399,NULL,NULL,NULL,0,0,1,'2018-03-03 14:16:38'),(702,'Leaf Margin Cell Ornamentation Smooth',1400,1401,NULL,NULL,NULL,0,0,1,'2018-03-03 14:16:38'),(703,'Leaf Margin Color',1403,1416,NULL,NULL,NULL,NULL,NULL,0,'2018-03-03 14:16:38'),(704,'Leaf Margin Color Darker',1404,1405,NULL,NULL,NULL,1,1,1,'2018-03-03 14:16:38'),(705,'Leaf Margin Color Differs In Color And Opacity From Medial Lamellae',1406,1407,NULL,NULL,NULL,1,1,1,'2018-03-03 14:16:38'),(706,'Leaf Margin Color Green',1408,1409,NULL,NULL,NULL,0,1,1,'2018-03-03 14:16:38'),(707,'Leaf Margin Color Hyaline',1410,1411,NULL,NULL,NULL,1,1,1,'2018-03-03 14:16:38'),(708,'Leaf Margin Color Paler',1412,1413,NULL,NULL,NULL,0,1,1,'2018-03-03 14:16:38'),(709,'Leaf Margin Color Yellowish',1414,1415,NULL,NULL,NULL,1,1,1,'2018-03-03 14:16:38'),(710,'Leaf Margin Layers',1417,1424,NULL,NULL,NULL,NULL,NULL,0,'2018-03-03 14:16:38'),(711,'Leaf Margin Layers Bistratose',1418,1419,NULL,NULL,NULL,0,0,1,'2018-03-03 14:16:38'),(712,'Leaf Margin Layers Three To Five',1420,1421,NULL,NULL,NULL,0,0,1,'2018-03-03 14:16:38'),(713,'Leaf Margin Layers Unistratose',1422,1423,NULL,NULL,NULL,0,0,1,'2018-03-03 14:16:38'),(714,'Leaf Margin Leaf Border Orientation',1425,1470,NULL,NULL,NULL,NULL,NULL,0,'2018-03-03 14:16:38'),(715,'Leaf Margin Leaf Border Orientation Erect When Wet',1426,1427,NULL,NULL,NULL,1,1,1,'2018-03-03 14:16:38'),(716,'Leaf Margin Leaf Border Orientation Incurved',1428,1429,NULL,NULL,NULL,0,0,0,'2018-03-03 14:16:38'),(717,'Leaf Margin Leaf Border Orientation Incurved On One Side Only',1430,1431,NULL,NULL,NULL,0,1,1,'2018-03-03 14:16:38'),(718,'Leaf Margin Leaf Border Orientation Inflexed On One Side',1432,1433,NULL,NULL,NULL,0,1,1,'2018-03-03 14:16:38'),(719,'Leaf Margin Leaf Border Orientation Infolded',1434,1435,NULL,NULL,NULL,0,1,1,'2018-03-03 14:16:38'),(720,'Leaf Margin Leaf Border Orientation Inrolled',1436,1437,NULL,NULL,NULL,0,1,1,'2018-03-03 14:16:38'),(721,'Leaf Margin Leaf Border Orientation Involute',1438,1439,NULL,NULL,NULL,0,1,1,'2018-03-03 14:16:38'),(722,'Leaf Margin Leaf Border Orientation Involute When Dry',1440,1441,NULL,NULL,NULL,0,1,1,'2018-03-03 14:16:38'),(723,'Leaf Margin Leaf Border Orientation Involute When Wet',1442,1443,NULL,NULL,NULL,0,1,1,'2018-03-03 14:16:38'),(724,'Leaf Margin Leaf Border Orientation Leaves Recurved Below',1444,1445,NULL,NULL,NULL,0,1,1,'2018-03-03 14:16:38'),(725,'Leaf Margin Leaf Border Orientation Margin Revolute',1446,1447,NULL,NULL,NULL,0,1,1,'2018-03-03 14:16:38'),(726,'Leaf Margin Leaf Border Orientation Margin Reflexed',1448,1449,NULL,NULL,NULL,0,1,1,'2018-03-03 14:16:38'),(727,'Leaf Margin Leaf Border Orientation Planar Below',1450,1451,NULL,NULL,NULL,0,1,1,'2018-03-03 14:16:38'),(728,'Leaf Margin Leaf Border Orientation Plane',1452,1453,NULL,NULL,NULL,1,1,1,'2018-03-03 14:16:38'),(729,'Leaf Margin Leaf Border Orientation Plane When Wet',1454,1455,NULL,NULL,NULL,0,1,1,'2018-03-03 14:16:38'),(730,'Leaf Margin Leaf Border Orientation Reflexed',1456,1457,NULL,NULL,NULL,0,1,1,'2018-03-03 14:16:38'),(731,'Leaf Margin Leaf Border Orientation Reflexed Below',1458,1459,NULL,NULL,NULL,0,1,1,'2018-03-03 14:16:38'),(732,'Leaf Margin Leaf Border Orientation Revolute Below',1460,1461,NULL,NULL,NULL,0,1,1,'2018-03-03 14:16:38'),(733,'Leaf Margin Leaf Border Orientation Revolute On One Side Only',1462,1463,NULL,NULL,NULL,0,1,1,'2018-03-03 14:16:38'),(734,'Leaf Margin Leaf Border Orientation Revolute To Near Apex',1464,1465,NULL,NULL,NULL,0,1,1,'2018-03-03 14:16:38'),(735,'Leaf Margin Leaf Border Orientation Spirally Inrolled',1466,1467,NULL,NULL,NULL,0,1,1,'2018-03-03 14:16:38'),(736,'Leaf Margin Leaf Border Orientation Wavy Margin',1468,1469,NULL,NULL,NULL,1,1,1,'2018-03-03 14:16:38'),(737,'Leaf Margin Leaf Margin',1471,1474,NULL,NULL,NULL,NULL,NULL,0,'2018-03-03 14:16:38'),(738,'Leaf Margin Leaf Margin Crenulate',1472,1473,NULL,NULL,NULL,0,1,1,'2018-03-03 14:16:38'),(739,'Leaf Margin Leaf Margin Cell Orientation',1475,1486,NULL,NULL,NULL,NULL,NULL,0,'2018-03-03 14:16:38'),(740,'Leaf Margin Leaf Margin Cell Orientation Leaf Marginal Cell In Single Row',1476,1477,NULL,NULL,NULL,0,0,1,'2018-03-03 14:16:38'),(741,'Leaf Margin Leaf Margin Cell Orientation Leaf Marginal Cell Linear',1478,1479,NULL,NULL,NULL,0,0,1,'2018-03-03 14:16:38'),(742,'Leaf Margin Leaf Margin Cell Orientation Leaf Margins Of Elongated Cells',1480,1481,NULL,NULL,NULL,0,0,1,'2018-03-03 14:16:38'),(743,'Leaf Margin Leaf Margin Cell Orientation Leaf With Intramarginal Band At Base',1482,1483,NULL,NULL,NULL,0,0,1,'2018-03-03 14:16:38'),(744,'Leaf Margin Leaf Margin Cell Orientation Leaf With Intramarginal Border (Differentiated Cell Just Inside Short Marginal Cell)',1484,1485,NULL,NULL,NULL,0,0,1,'2018-03-03 14:16:38'),(745,'Leaf Margin Leaf Tip',1487,1496,NULL,NULL,NULL,NULL,NULL,0,'2018-03-03 14:16:38'),(746,'Leaf Margin Leaf Tip Spex Serrate',1488,1489,NULL,NULL,NULL,0,1,1,'2018-03-03 14:16:38'),(747,'Leaf Margin Leaf Tip With Awns',1490,1491,NULL,NULL,NULL,1,1,0,'2018-03-03 14:16:38'),(748,'Leaf Margin Leaf Tip With Hair-Points',1492,1493,NULL,NULL,NULL,1,1,1,'2018-03-03 14:16:38'),(749,'Leaf Margin Leaf Tip With Hyaline Apices',1494,1495,NULL,NULL,NULL,1,1,1,'2018-03-03 14:16:38'),(750,'Leaf Margin Serrated/Toothed',1497,1538,NULL,NULL,NULL,NULL,NULL,0,'2018-03-03 14:16:38'),(751,'Leaf Margin Serrated/Toothed Alternate Large And Small Teeth',1498,1499,NULL,NULL,NULL,0,1,1,'2018-03-03 14:16:38'),(752,'Leaf Margin Serrated/Toothed Coarsely Serrulate In Upper Third',1500,1501,NULL,NULL,NULL,0,1,1,'2018-03-03 14:16:38'),(753,'Leaf Margin Serrated/Toothed Doubly Serrate Above',1502,1503,NULL,NULL,NULL,0,1,1,'2018-03-03 14:16:38'),(754,'Leaf Margin Serrated/Toothed Leaf Serrate',1504,1505,NULL,NULL,NULL,1,1,1,'2018-03-03 14:16:38'),(755,'Leaf Margin Serrated/Toothed Serrate Above',1506,1507,NULL,NULL,NULL,0,1,1,'2018-03-03 14:16:38'),(756,'Leaf Margin Serrated/Toothed Serrate At Base',1508,1509,NULL,NULL,NULL,0,1,1,'2018-03-03 14:16:38'),(757,'Leaf Margin Serrated/Toothed Serrulate At Apex',1510,1511,NULL,NULL,NULL,0,1,1,'2018-03-03 14:16:38'),(758,'Leaf Margin Serrated/Toothed Serrulate Throughout',1512,1513,NULL,NULL,NULL,0,1,1,'2018-03-03 14:16:38'),(759,'Leaf Margin Serrated/Toothed Sharply Serrate Above',1514,1515,NULL,NULL,NULL,0,1,1,'2018-03-03 14:16:38'),(760,'Leaf Margin Serrated/Toothed Singly Serrate Above',1516,1517,NULL,NULL,NULL,0,1,1,'2018-03-03 14:16:38'),(761,'Leaf Margin Serrated/Toothed Spinose-Dentate',1518,1519,NULL,NULL,NULL,0,1,1,'2018-03-03 14:16:38'),(762,'Leaf Margin Serrated/Toothed Spinulose Above',1520,1521,NULL,NULL,NULL,1,1,1,'2018-03-03 14:16:38'),(763,'Leaf Margin Serrated/Toothed Teeth Long',1522,1523,NULL,NULL,NULL,0,1,1,'2018-03-03 14:16:38'),(764,'Leaf Margin Serrated/Toothed Teeth Paired',1524,1525,NULL,NULL,NULL,0,1,1,'2018-03-03 14:16:38'),(765,'Leaf Margin Serrated/Toothed Teeth Right-Angled',1526,1527,NULL,NULL,NULL,0,1,1,'2018-03-03 14:16:38'),(766,'Leaf Margin Serrated/Toothed Teeth Single',1528,1529,NULL,NULL,NULL,0,1,1,'2018-03-03 14:16:38'),(767,'Leaf Margin Serrated/Toothed Toothed',1530,1531,NULL,NULL,NULL,1,1,1,'2018-03-03 14:16:38'),(768,'Leaf Margin Serrated/Toothed Toothed Above',1532,1533,NULL,NULL,NULL,0,1,1,'2018-03-03 14:16:38'),(769,'Leaf Margin Serrated/Toothed Toothed At Apex',1534,1535,NULL,NULL,NULL,0,1,1,'2018-03-03 14:16:38'),(770,'Leaf Margin Serrated/Toothed Toothed Or Serrate',1536,1537,NULL,NULL,NULL,1,1,1,'2018-03-03 14:16:38'),(771,'Leaf Shape',1540,1737,NULL,NULL,NULL,NULL,NULL,0,'2018-03-03 14:16:38'),(772,'Leaf Shape Apex',1541,1582,NULL,NULL,NULL,NULL,NULL,0,'2018-03-03 14:16:38'),(773,'Leaf Shape Apex Abruptly Acuminate',1542,1543,NULL,NULL,NULL,0,1,1,'2018-03-03 14:16:38'),(774,'Leaf Shape Apex Abruptly Narrowed To Short Acumen',1544,1545,NULL,NULL,NULL,0,1,1,'2018-03-03 14:16:38'),(775,'Leaf Shape Apex Acumen Channeled',1546,1547,NULL,NULL,NULL,0,1,1,'2018-03-03 14:16:38'),(776,'Leaf Shape Apex Acumen Color Pale',1548,1549,NULL,NULL,NULL,0,1,1,'2018-03-03 14:16:38'),(777,'Leaf Shape Apex Apiculate',1550,1551,NULL,NULL,NULL,0,1,1,'2018-03-03 14:16:38'),(778,'Leaf Shape Apex Awn Caducous',1552,1553,NULL,NULL,NULL,0,1,1,'2018-03-03 14:16:38'),(779,'Leaf Shape Apex Bluntly Acute',1554,1555,NULL,NULL,NULL,0,1,1,'2018-03-03 14:16:38'),(780,'Leaf Shape Apex Cell Color Hyaline',1556,1557,NULL,NULL,NULL,0,1,1,'2018-03-03 14:16:38'),(781,'Leaf Shape Apex Hair-Pointed',1558,1559,NULL,NULL,NULL,0,1,1,'2018-03-03 14:16:38'),(782,'Leaf Shape Apex Hhyaline',1560,1561,NULL,NULL,NULL,0,1,1,'2018-03-03 14:16:38'),(783,'Leaf Shape Apex Sith Reflexed Tips',1562,1563,NULL,NULL,NULL,0,1,1,'2018-03-03 14:16:38'),(784,'Leaf Shape Apex Spinulose',1564,1565,NULL,NULL,NULL,0,1,1,'2018-03-03 14:16:38'),(785,'Leaf Shape Apex Subula Roughened Throughout By Cell Ends',1566,1567,NULL,NULL,NULL,0,1,1,'2018-03-03 14:16:38'),(786,'Leaf Shape Apex With Awn',1568,1569,NULL,NULL,NULL,0,1,1,'2018-03-03 14:16:38'),(787,'Leaf Shape Apex With Hair Point',1570,1571,NULL,NULL,NULL,0,1,1,'2018-03-03 14:16:38'),(788,'Leaf Shape Apex With Long Awn',1572,1573,NULL,NULL,NULL,0,1,1,'2018-03-03 14:16:38'),(789,'Leaf Shape Apex With Long Setaceous Point',1574,1575,NULL,NULL,NULL,0,1,1,'2018-03-03 14:16:38'),(790,'Leaf Shape Apex With Reflexed Point',1576,1577,NULL,NULL,NULL,0,1,1,'2018-03-03 14:16:38'),(791,'Leaf Shape Apex With Roughened Subula',1578,1579,NULL,NULL,NULL,0,1,1,'2018-03-03 14:16:38'),(792,'Leaf Shape Apex With Short Awn',1580,1581,NULL,NULL,NULL,0,1,1,'2018-03-03 14:16:38'),(793,'Leaf Shape Leaf Base',1583,1602,NULL,NULL,NULL,NULL,NULL,0,'2018-03-03 14:16:38'),(794,'Leaf Shape Leaf Base Chordate',1584,1585,NULL,NULL,NULL,0,1,1,'2018-03-03 14:16:38'),(795,'Leaf Shape Leaf Base Decurrent',1586,1587,NULL,NULL,NULL,1,0,0,'2018-03-03 14:16:38'),(796,'Leaf Shape Leaf Base Erect',1588,1589,NULL,NULL,NULL,0,1,1,'2018-03-03 14:16:38'),(797,'Leaf Shape Leaf Base Expanded',1590,1591,NULL,NULL,NULL,0,1,1,'2018-03-03 14:16:38'),(798,'Leaf Shape Leaf Base Expanded',1592,1593,NULL,NULL,NULL,0,1,1,'2018-03-03 14:16:38'),(799,'Leaf Shape Leaf Base Fragile',1594,1595,NULL,NULL,NULL,0,1,1,'2018-03-03 14:16:38'),(800,'Leaf Shape Leaf Base Lobed',1596,1597,NULL,NULL,NULL,0,0,1,'2018-03-03 14:16:38'),(801,'Leaf Shape Leaf Base Ovate',1598,1599,NULL,NULL,NULL,0,1,1,'2018-03-03 14:16:38'),(802,'Leaf Shape Leaf Base Sheathing',1600,1601,NULL,NULL,NULL,0,1,1,'2018-03-03 14:16:38'),(803,'Leaf Shape Outline',1603,1704,NULL,NULL,NULL,NULL,NULL,0,'2018-03-03 14:16:38'),(804,'Leaf Shape Outline Abruptly Reflexed',1604,1605,NULL,NULL,NULL,1,1,0,'2018-03-03 14:16:38'),(805,'Leaf Shape Outline Acuminate',1606,1607,NULL,NULL,NULL,1,1,0,'2018-03-03 14:16:38'),(806,'Leaf Shape Outline Appressed When Dry',1608,1609,NULL,NULL,NULL,1,1,0,'2018-03-03 14:16:38'),(807,'Leaf Shape Outline Broad',1610,1611,NULL,NULL,NULL,1,1,0,'2018-03-03 14:16:38'),(808,'Leaf Shape Outline Broader At Base',1612,1613,NULL,NULL,NULL,1,1,0,'2018-03-03 14:16:38'),(809,'Leaf Shape Outline Broader Near Middle',1614,1615,NULL,NULL,NULL,1,1,0,'2018-03-03 14:16:38'),(810,'Leaf Shape Outline Broadly Elliptical',1616,1617,NULL,NULL,NULL,1,1,0,'2018-03-03 14:16:38'),(811,'Leaf Shape Outline Broadly Lingulate',1618,1619,NULL,NULL,NULL,1,1,0,'2018-03-03 14:16:38'),(812,'Leaf Shape Outline Broadly Oblong',1620,1621,NULL,NULL,NULL,1,1,0,'2018-03-03 14:16:38'),(813,'Leaf Shape Outline Broadly Obtuse',1622,1623,NULL,NULL,NULL,1,1,0,'2018-03-03 14:16:38'),(814,'Leaf Shape Outline Broadly Ovate',1624,1625,NULL,NULL,NULL,1,1,0,'2018-03-03 14:16:38'),(815,'Leaf Shape Outline Bulbiform',1626,1627,NULL,NULL,NULL,1,1,0,'2018-03-03 14:16:38'),(816,'Leaf Shape Outline Cleft',1628,1629,NULL,NULL,NULL,1,1,0,'2018-03-03 14:16:38'),(817,'Leaf Shape Outline Concave',1630,1631,NULL,NULL,NULL,1,1,0,'2018-03-03 14:16:38'),(818,'Leaf Shape Outline Concave-Cucullate',1632,1633,NULL,NULL,NULL,1,1,0,'2018-03-03 14:16:38'),(819,'Leaf Shape Outline Confluent',1634,1635,NULL,NULL,NULL,1,1,0,'2018-03-03 14:16:38'),(820,'Leaf Shape Outline Contorted When Dry',1636,1637,NULL,NULL,NULL,1,1,0,'2018-03-03 14:16:38'),(821,'Leaf Shape Outline Cordate',1638,1639,NULL,NULL,NULL,1,1,0,'2018-03-03 14:16:38'),(822,'Leaf Shape Outline Crenulate',1640,1641,NULL,NULL,NULL,1,1,0,'2018-03-03 14:16:38'),(823,'Leaf Shape Outline Crispate',1642,1643,NULL,NULL,NULL,0,0,0,'2018-03-03 14:16:38'),(824,'Leaf Shape Outline Crisped When Dry',1644,1645,NULL,NULL,NULL,1,1,0,'2018-03-03 14:16:38'),(825,'Leaf Shape Outline Cucullate',1646,1647,NULL,NULL,NULL,1,1,0,'2018-03-03 14:16:38'),(826,'Leaf Shape Outline Cuspidate',1648,1649,NULL,NULL,NULL,1,1,0,'2018-03-03 14:16:38'),(827,'Leaf Shape Outline Decurrent',1650,1651,NULL,NULL,NULL,1,1,0,'2018-03-03 14:16:38'),(828,'Leaf Shape Outline Falcate',1652,1653,NULL,NULL,NULL,1,1,0,'2018-03-03 14:16:38'),(829,'Leaf Shape Outline Falcate Below',1654,1655,NULL,NULL,NULL,1,1,0,'2018-03-03 14:16:38'),(830,'Leaf Shape Outline Falcate-Secund',1656,1657,NULL,NULL,NULL,1,1,0,'2018-03-03 14:16:38'),(831,'Leaf Shape Outline Flexuose-Twisted (Dry)',1658,1659,NULL,NULL,NULL,1,1,0,'2018-03-03 14:16:38'),(832,'Leaf Shape Outline Homomallous',1660,1661,NULL,NULL,NULL,1,1,0,'2018-03-03 14:16:38'),(833,'Leaf Shape Outline Imbricate (Dry)',1662,1663,NULL,NULL,NULL,1,1,0,'2018-03-03 14:16:38'),(834,'Leaf Shape Outline Keeled',1664,1665,NULL,NULL,NULL,0,0,0,'2018-03-03 14:16:38'),(835,'Leaf Shape Outline Lanceolate',1666,1667,NULL,NULL,NULL,1,1,0,'2018-03-03 14:16:38'),(836,'Leaf Shape Outline Leaf Shape Acute',1668,1669,NULL,NULL,NULL,1,1,0,'2018-03-03 14:16:38'),(837,'Leaf Shape Outline Ligulate',1670,1671,NULL,NULL,NULL,1,1,0,'2018-03-03 14:16:38'),(838,'Leaf Shape Outline Linear-Lanceolate',1672,1673,NULL,NULL,NULL,1,1,0,'2018-03-03 14:16:38'),(839,'Leaf Shape Outline Lingulate',1674,1675,NULL,NULL,NULL,1,1,0,'2018-03-03 14:16:38'),(840,'Leaf Shape Outline Long Acuminate',1676,1677,NULL,NULL,NULL,1,1,0,'2018-03-03 14:16:38'),(841,'Leaf Shape Outline Long Apiculate',1678,1679,NULL,NULL,NULL,1,1,0,'2018-03-03 14:16:38'),(842,'Leaf Shape Outline Narrowed To Acumen',1680,1681,NULL,NULL,NULL,1,1,0,'2018-03-03 14:16:38'),(843,'Leaf Shape Outline Needle-Like',1682,1683,NULL,NULL,NULL,1,1,0,'2018-03-03 14:16:38'),(844,'Leaf Shape Outline Oblong',1684,1685,NULL,NULL,NULL,1,1,0,'2018-03-03 14:16:38'),(845,'Leaf Shape Outline Oblong-Lanceolate',1686,1687,NULL,NULL,NULL,1,1,0,'2018-03-03 14:16:38'),(846,'Leaf Shape Outline Oblong-Lingulate',1688,1689,NULL,NULL,NULL,1,1,0,'2018-03-03 14:16:38'),(847,'Leaf Shape Outline Obovate',1690,1691,NULL,NULL,NULL,1,1,0,'2018-03-03 14:16:38'),(848,'Leaf Shape Outline Obtuse',1692,1693,NULL,NULL,NULL,1,1,0,'2018-03-03 14:16:38'),(849,'Leaf Shape Outline Ovate',1694,1695,NULL,NULL,NULL,1,1,0,'2018-03-03 14:16:38'),(850,'Leaf Shape Outline Planar',1696,1697,NULL,NULL,NULL,1,1,0,'2018-03-03 14:16:38'),(851,'Leaf Shape Outline Plicate',1698,1699,NULL,NULL,NULL,1,1,0,'2018-03-03 14:16:38'),(852,'Leaf Shape Outline Plicate Below',1700,1701,NULL,NULL,NULL,1,1,0,'2018-03-03 14:16:38'),(853,'Leaf Shape Outline Thread-Like',1702,1703,NULL,NULL,NULL,1,1,0,'2018-03-03 14:16:38'),(854,'Leaf Shape Tip',1705,1736,NULL,NULL,NULL,NULL,NULL,0,'2018-03-03 14:16:38'),(855,'Leaf Shape Tip Acuminate',1706,1707,NULL,NULL,NULL,1,1,0,'2018-03-03 14:16:38'),(856,'Leaf Shape Tip Acute',1708,1709,NULL,NULL,NULL,1,1,0,'2018-03-03 14:16:38'),(857,'Leaf Shape Tip Broadly Rounded',1710,1711,NULL,NULL,NULL,1,1,0,'2018-03-03 14:16:38'),(858,'Leaf Shape Tip Channeled',1712,1713,NULL,NULL,NULL,0,1,1,'2018-03-03 14:16:38'),(859,'Leaf Shape Tip Hyaline',1714,1715,NULL,NULL,NULL,1,1,1,'2018-03-03 14:16:38'),(860,'Leaf Shape Tip Obtuse',1716,1717,NULL,NULL,NULL,1,1,0,'2018-03-03 14:16:38'),(861,'Leaf Shape Tip Recurved',1718,1719,NULL,NULL,NULL,1,1,0,'2018-03-03 14:16:38'),(862,'Leaf Shape Tip Reflexed',1720,1721,NULL,NULL,NULL,1,1,0,'2018-03-03 14:16:38'),(863,'Leaf Shape Tip Rounded',1722,1723,NULL,NULL,NULL,1,1,0,'2018-03-03 14:16:38'),(864,'Leaf Shape Tip Serrulate',1724,1725,NULL,NULL,NULL,1,1,0,'2018-03-03 14:16:38'),(865,'Leaf Shape Tip Slightly Serrulate',1726,1727,NULL,NULL,NULL,0,1,1,'2018-03-03 14:16:38'),(866,'Leaf Shape Tip Terminal Cell Long',1728,1729,NULL,NULL,NULL,0,1,1,'2018-03-03 14:16:38'),(867,'Leaf Shape Tip Terminal Cell Smooth',1730,1731,NULL,NULL,NULL,0,1,1,'2018-03-03 14:16:38'),(868,'Leaf Shape Tip Truncate',1732,1733,NULL,NULL,NULL,1,1,0,'2018-03-03 14:16:38'),(869,'Leaf Shape Tip Twisted',1734,1735,NULL,NULL,NULL,1,1,0,'2018-03-03 14:16:38'),(870,'Leaf Size',1738,1753,NULL,NULL,NULL,NULL,NULL,0,'2018-03-03 14:16:38'),(871,'Leaf Size Length',1739,1752,NULL,NULL,NULL,NULL,NULL,0,'2018-03-03 14:16:38'),(872,'Leaf Size Length Greater Than 1 Mm',1740,1741,NULL,NULL,NULL,1,1,0,'2018-03-03 14:16:38'),(873,'Leaf Size Length Greater Than 3 Mm',1742,1743,NULL,NULL,NULL,1,1,0,'2018-03-03 14:16:38'),(874,'Leaf Size Length Greater Than 5 Mm',1744,1745,NULL,NULL,NULL,1,1,0,'2018-03-03 14:16:38'),(875,'Leaf Size Length Less Than 1 Mm',1746,1747,NULL,NULL,NULL,1,1,1,'2018-03-03 14:16:38'),(876,'Leaf Size Length Less Than One-Half Mm',1748,1749,NULL,NULL,NULL,0,0,1,'2018-03-03 14:16:38'),(877,'Leaf Size Length One-Half To One Mm',1750,1751,NULL,NULL,NULL,0,0,1,'2018-03-03 14:16:38'),(878,'Leaf Structure',1754,1795,NULL,NULL,NULL,NULL,NULL,0,'2018-03-03 14:16:38'),(879,'Leaf Structure Appearance',1755,1770,NULL,NULL,NULL,NULL,NULL,0,'2018-03-03 14:16:38'),(880,'Leaf Structure Appearance Cells Empty Looking',1756,1757,NULL,NULL,NULL,1,1,1,'2018-03-03 14:16:38'),(881,'Leaf Structure Appearance Flat',1758,1759,NULL,NULL,NULL,1,0,0,'2018-03-03 14:16:38'),(882,'Leaf Structure Appearance Fleshy',1760,1761,NULL,NULL,NULL,1,0,0,'2018-03-03 14:16:38'),(883,'Leaf Structure Appearance Folded To Appear Heart-Shaped',1762,1763,NULL,NULL,NULL,1,1,0,'2018-03-03 14:16:38'),(884,'Leaf Structure Appearance Keeled',1764,1765,NULL,NULL,NULL,0,1,1,'2018-03-03 14:16:38'),(885,'Leaf Structure Appearance Posterior Edge Clasping',1766,1767,NULL,NULL,NULL,0,1,1,'2018-03-03 14:16:38'),(886,'Leaf Structure Appearance Thin',1768,1769,NULL,NULL,NULL,1,0,0,'2018-03-03 14:16:38'),(887,'Leaf Structure Leaf Laminal Layers',1771,1794,NULL,NULL,NULL,NULL,NULL,0,'2018-03-03 14:16:38'),(888,'Leaf Structure Leaf Laminal Layers Bistratose',1772,1773,NULL,NULL,NULL,0,0,1,'2018-03-03 14:16:38'),(889,'Leaf Structure Leaf Laminal Layers Cleft At Anterior Edge',1774,1775,NULL,NULL,NULL,0,1,1,'2018-03-03 14:16:38'),(890,'Leaf Structure Leaf Laminal Layers Conduplicate',1776,1777,NULL,NULL,NULL,0,1,1,'2018-03-03 14:16:38'),(891,'Leaf Structure Leaf Laminal Layers Confluent',1778,1779,NULL,NULL,NULL,0,1,1,'2018-03-03 14:16:38'),(892,'Leaf Structure Leaf Laminal Layers Multi-Stratose',1780,1781,NULL,NULL,NULL,0,0,1,'2018-03-03 14:16:38'),(893,'Leaf Structure Leaf Laminal Layers Multistratose Streaks',1782,1783,NULL,NULL,NULL,0,0,1,'2018-03-03 14:16:38'),(894,'Leaf Structure Leaf Laminal Layers Unistratose',1784,1785,NULL,NULL,NULL,0,0,1,'2018-03-03 14:16:38'),(895,'Leaf Structure Leaf Laminal Layers Upper Leaf Bistratose',1786,1787,NULL,NULL,NULL,0,0,1,'2018-03-03 14:16:38'),(896,'Leaf Structure Leaf Laminal Layers Upper Leaf Lamina Unistratose',1788,1789,NULL,NULL,NULL,0,0,1,'2018-03-03 14:16:38'),(897,'Leaf Structure Leaf Laminal Layers Vaginate (Clasping)',1790,1791,NULL,NULL,NULL,0,0,0,'2018-03-03 14:16:38'),(898,'Leaf Structure Leaf Laminal Layers With 3-4 Strata',1792,1793,NULL,NULL,NULL,0,0,1,'2018-03-03 14:16:38'),(899,'Leaf Surface',1796,1813,NULL,NULL,NULL,NULL,NULL,0,'2018-03-03 14:16:38'),(900,'Leaf Surface Mid Leaf',1797,1812,NULL,NULL,NULL,NULL,NULL,0,'2018-03-03 14:16:38'),(901,'Leaf Surface Mid Leaf Biplicate',1798,1799,NULL,NULL,NULL,0,1,1,'2018-03-03 14:16:38'),(902,'Leaf Surface Mid Leaf Leaf Surface Rugose',1800,1801,NULL,NULL,NULL,0,1,1,'2018-03-03 14:16:38'),(903,'Leaf Surface Mid Leaf Leaf Surface Striolate (Finely Ridged)',1802,1803,NULL,NULL,NULL,0,1,1,'2018-03-03 14:16:38'),(904,'Leaf Surface Mid Leaf Plicate',1804,1805,NULL,NULL,NULL,1,1,1,'2018-03-03 14:16:38'),(905,'Leaf Surface Mid Leaf Rugose',1806,1807,NULL,NULL,NULL,1,1,0,'2018-03-03 14:16:38'),(906,'Leaf Surface Mid Leaf Rugose Above',1808,1809,NULL,NULL,NULL,1,1,0,'2018-03-03 14:16:38'),(907,'Leaf Surface Mid Leaf Undulate',1810,1811,NULL,NULL,NULL,0,1,1,'2018-03-03 14:16:38'),(908,'Mesic Habitat',1814,1837,NULL,NULL,NULL,NULL,NULL,0,'2018-03-03 14:16:38'),(909,'Mesic Habitat Aquatic',1815,1836,NULL,NULL,NULL,NULL,NULL,0,'2018-03-03 14:16:38'),(910,'Mesic Habitat Aquatic Aquatic',1816,1817,NULL,NULL,NULL,1,0,0,'2018-03-03 14:16:38'),(911,'Mesic Habitat Aquatic Bog',1818,1819,NULL,NULL,NULL,1,0,0,'2018-03-03 14:16:38'),(912,'Mesic Habitat Aquatic Fen',1820,1821,NULL,NULL,NULL,1,0,0,'2018-03-03 14:16:38'),(913,'Mesic Habitat Aquatic Periodically Submerged',1822,1823,NULL,NULL,NULL,1,0,0,'2018-03-03 14:16:38'),(914,'Mesic Habitat Aquatic Riparian',1824,1825,NULL,NULL,NULL,1,0,0,'2018-03-03 14:16:38'),(915,'Mesic Habitat Aquatic Shallow Water',1826,1827,NULL,NULL,NULL,1,0,0,'2018-03-03 14:16:38'),(916,'Mesic Habitat Aquatic Stream',1828,1829,NULL,NULL,NULL,1,0,0,'2018-03-03 14:16:38'),(917,'Mesic Habitat Aquatic Swamp',1830,1831,NULL,NULL,NULL,1,0,0,'2018-03-03 14:16:38'),(918,'Mesic Habitat Aquatic Totally Submerged',1832,1833,NULL,NULL,NULL,1,0,0,'2018-03-03 14:16:38'),(919,'Mesic Habitat Aquatic Within Splash Zone',1834,1835,NULL,NULL,NULL,1,0,0,'2018-03-03 14:16:38'),(920,'Perichaetial Leaf',1838,1845,NULL,NULL,NULL,NULL,NULL,0,'2018-03-03 14:16:38'),(921,'Perichaetial Leaf Shape',1839,1844,NULL,NULL,NULL,NULL,NULL,0,'2018-03-03 14:16:38'),(922,'Perichaetial Leaf Shape Setaceous',1840,1841,NULL,NULL,NULL,0,1,1,'2018-03-03 14:16:38'),(923,'Perichaetial Leaf Shape Subulate',1842,1843,NULL,NULL,NULL,0,1,1,'2018-03-03 14:16:38'),(924,'Protonemata',1846,1855,NULL,NULL,NULL,NULL,NULL,0,'2018-03-03 14:16:38'),(925,'Protonemata Mature Plant Presence',1847,1854,NULL,NULL,NULL,NULL,NULL,0,'2018-03-03 14:16:38'),(926,'Protonemata Mature Plant Presence Plant Primarily Protonemata',1848,1849,NULL,NULL,NULL,0,0,1,'2018-03-03 14:16:38'),(927,'Protonemata Mature Plant Presence Protonemata Ephemeral',1850,1851,NULL,NULL,NULL,0,0,1,'2018-03-03 14:16:38'),(928,'Protonemata Mature Plant Presence Protonemata Peristent',1852,1853,NULL,NULL,NULL,0,0,1,'2018-03-03 14:16:38'),(929,'Seta',1856,1897,NULL,NULL,NULL,NULL,NULL,0,'2018-03-03 14:16:38'),(930,'Seta Color',1857,1862,NULL,NULL,NULL,NULL,NULL,0,'2018-03-03 14:16:38'),(931,'Seta Color Brownish',1858,1859,NULL,NULL,NULL,1,1,0,'2018-03-03 14:16:38'),(932,'Seta Color Hyaline',1860,1861,NULL,NULL,NULL,1,1,0,'2018-03-03 14:16:38'),(933,'Seta Length',1863,1870,NULL,NULL,NULL,NULL,NULL,0,'2018-03-03 14:16:38'),(934,'Seta Length Long (Capsule Completey Emergent)',1864,1865,NULL,NULL,NULL,1,1,0,'2018-03-03 14:16:38'),(935,'Seta Length Short (Capsule Immersed To Barely Emergent)',1866,1867,NULL,NULL,NULL,1,1,0,'2018-03-03 14:16:38'),(936,'Seta Length Very Long (Several Times Capsule Length)',1868,1869,NULL,NULL,NULL,1,1,0,'2018-03-03 14:16:38'),(937,'Seta Orientation',1871,1882,NULL,NULL,NULL,NULL,NULL,0,'2018-03-03 14:16:38'),(938,'Seta Orientation Bent At Capsule Base',1872,1873,NULL,NULL,NULL,1,1,0,'2018-03-03 14:16:38'),(939,'Seta Orientation Curved',1874,1875,NULL,NULL,NULL,1,1,0,'2018-03-03 14:16:38'),(940,'Seta Orientation Cygneous When Wet',1876,1877,NULL,NULL,NULL,1,1,0,'2018-03-03 14:16:38'),(941,'Seta Orientation Flexuose',1878,1879,NULL,NULL,NULL,1,1,0,'2018-03-03 14:16:38'),(942,'Seta Orientation Straight',1880,1881,NULL,NULL,NULL,1,1,0,'2018-03-03 14:16:38'),(943,'Seta Surface',1883,1888,NULL,NULL,NULL,NULL,NULL,0,'2018-03-03 14:16:38'),(944,'Seta Surface Rough',1884,1885,NULL,NULL,NULL,0,0,0,'2018-03-03 14:16:38'),(945,'Seta Surface Smooth',1886,1887,NULL,NULL,NULL,0,0,0,'2018-03-03 14:16:38'),(946,'Seta Twisting (Tip To Base)',1889,1896,NULL,NULL,NULL,NULL,NULL,0,'2018-03-03 14:16:38'),(947,'Seta Twisting (Tip To Base) Clockwise',1890,1891,NULL,NULL,NULL,0,1,0,'2018-03-03 14:16:38'),(948,'Seta Twisting (Tip To Base) Counter Clockwise',1892,1893,NULL,NULL,NULL,0,1,0,'2018-03-03 14:16:38'),(949,'Seta Twisting (Tip To Base) Twisted When Wet - Straight When Dry',1894,1895,NULL,NULL,NULL,1,0,0,'2018-03-03 14:16:38'),(950,'Sexual Structures',1898,1911,NULL,NULL,NULL,NULL,NULL,0,'2018-03-03 14:16:38'),(951,'Sexual Structures Placement',1899,1910,NULL,NULL,NULL,NULL,NULL,0,'2018-03-03 14:16:38'),(952,'Sexual Structures Placement Archedonia Mostly Basal',1900,1901,NULL,NULL,NULL,0,0,1,'2018-03-03 14:16:38'),(953,'Sexual Structures Placement Autoicous',1902,1903,NULL,NULL,NULL,0,1,1,'2018-03-03 14:16:38'),(954,'Sexual Structures Placement Dioicous',1904,1905,NULL,NULL,NULL,0,1,1,'2018-03-03 14:16:38'),(955,'Sexual Structures Placement Monoicous',1906,1907,NULL,NULL,NULL,0,1,1,'2018-03-03 14:16:38'),(956,'Sexual Structures Placement Perichaetial Leaf With Awns',1908,1909,NULL,NULL,NULL,0,1,1,'2018-03-03 14:16:38'),(957,'Spores',1912,1927,NULL,NULL,NULL,NULL,NULL,0,'2018-03-03 14:16:38'),(958,'Spores Number',1913,1918,NULL,NULL,NULL,NULL,NULL,0,'2018-03-03 14:16:38'),(959,'Spores Number Less Than 100',1914,1915,NULL,NULL,NULL,0,0,1,'2018-03-03 14:16:38'),(960,'Spores Number More Than 100',1916,1917,NULL,NULL,NULL,0,0,1,'2018-03-03 14:16:38'),(961,'Spores Size',1919,1926,NULL,NULL,NULL,NULL,NULL,0,'2018-03-03 14:16:38'),(962,'Spores Size Large  (Greater Than 100 Microns)',1920,1921,NULL,NULL,NULL,0,0,1,'2018-03-03 14:16:38'),(963,'Spores Size Medium (30 To 100 Microns)',1922,1923,NULL,NULL,NULL,0,0,1,'2018-03-03 14:16:38'),(964,'Spores Size Small (Less Than 30 Microns)',1924,1925,NULL,NULL,NULL,0,0,1,'2018-03-03 14:16:38'),(965,'Sporophyte',1928,1941,NULL,NULL,NULL,NULL,NULL,0,'2018-03-03 14:16:38'),(966,'Sporophyte Orientation',1929,1940,NULL,NULL,NULL,NULL,NULL,0,'2018-03-03 14:16:38'),(967,'Sporophyte Orientation At Branch Tips (Cladocarpous)',1930,1931,NULL,NULL,NULL,1,1,0,'2018-03-03 14:16:38'),(968,'Sporophyte Orientation Lateral',1932,1933,NULL,NULL,NULL,1,1,0,'2018-03-03 14:16:38'),(969,'Sporophyte Orientation Mostly Acrocarpous',1934,1935,NULL,NULL,NULL,1,1,0,'2018-03-03 14:16:38'),(970,'Sporophyte Orientation Mostly Pleuricarpous',1936,1937,NULL,NULL,NULL,1,1,0,'2018-03-03 14:16:38'),(971,'Sporophyte Orientation Terminal',1938,1939,NULL,NULL,NULL,1,1,0,'2018-03-03 14:16:38'),(972,'Stem Leaf',1942,1979,NULL,NULL,NULL,NULL,NULL,0,'2018-03-03 14:16:38'),(973,'Stem Leaf Apex',1943,1956,NULL,NULL,NULL,NULL,NULL,0,'2018-03-03 14:16:38'),(974,'Stem Leaf Apex Acuminate',1944,1945,NULL,NULL,NULL,1,1,0,'2018-03-03 14:16:38'),(975,'Stem Leaf Apex Contracted To Setaceous Point',1946,1947,NULL,NULL,NULL,1,1,0,'2018-03-03 14:16:38'),(976,'Stem Leaf Apex Lanceolate',1948,1949,NULL,NULL,NULL,0,1,0,'2018-03-03 14:16:38'),(977,'Stem Leaf Apex With Long Point',1950,1951,NULL,NULL,NULL,1,1,0,'2018-03-03 14:16:38'),(978,'Stem Leaf Apex With Point',1952,1953,NULL,NULL,NULL,1,1,0,'2018-03-03 14:16:38'),(979,'Stem Leaf Apex Yellow',1954,1955,NULL,NULL,NULL,1,1,0,'2018-03-03 14:16:38'),(980,'Stem Leaf Border',1957,1960,NULL,NULL,NULL,NULL,NULL,0,'2018-03-03 14:16:38'),(981,'Stem Leaf Border Long Marginal Right-Angled Teeth',1958,1959,NULL,NULL,NULL,0,1,1,'2018-03-03 14:16:38'),(982,'Stem Leaf Length',1961,1968,NULL,NULL,NULL,NULL,NULL,0,'2018-03-03 14:16:38'),(983,'Stem Leaf Length Greater Than One Half Mm',1962,1963,NULL,NULL,NULL,0,1,0,'2018-03-03 14:16:38'),(984,'Stem Leaf Length Greater Than Two Mm',1964,1965,NULL,NULL,NULL,1,1,0,'2018-03-03 14:16:38'),(985,'Stem Leaf Length One To Two Mm',1966,1967,NULL,NULL,NULL,0,1,0,'2018-03-03 14:16:38'),(986,'Stem Leaf Shape',1969,1974,NULL,NULL,NULL,NULL,NULL,0,'2018-03-03 14:16:38'),(987,'Stem Leaf Shape Ovate',1970,1971,NULL,NULL,NULL,0,1,0,'2018-03-03 14:16:38'),(988,'Stem Leaf Shape Straight',1972,1973,NULL,NULL,NULL,0,1,0,'2018-03-03 14:16:38'),(989,'Stem Leaf Surface',1975,1978,NULL,NULL,NULL,NULL,NULL,0,'2018-03-03 14:16:38'),(990,'Stem Leaf Surface Undulate',1976,1977,NULL,NULL,NULL,1,1,1,'2018-03-03 14:16:38'),(991,'Stem Leaf Margin',1980,1985,NULL,NULL,NULL,NULL,NULL,0,'2018-03-03 14:16:38'),(992,'Stem Leaf Margin Border',1981,1984,NULL,NULL,NULL,NULL,NULL,0,'2018-03-03 14:16:38'),(993,'Stem Leaf Margin Border Present',1982,1983,NULL,NULL,NULL,0,1,1,'2018-03-03 14:16:38'),(994,'Stem/Branch Ornamentation',1986,2041,NULL,NULL,NULL,NULL,NULL,0,'2018-03-03 14:16:38'),(995,'Stem/Branch Ornamentation Paraphyllia',1987,2030,NULL,NULL,NULL,NULL,NULL,0,'2018-03-03 14:16:38'),(996,'Stem/Branch Ornamentation Paraphyllia Branched',1988,1989,NULL,NULL,NULL,0,1,1,'2018-03-03 14:16:38'),(997,'Stem/Branch Ornamentation Paraphyllia Cell Bulging',1990,1991,NULL,NULL,NULL,0,0,1,'2018-03-03 14:16:38'),(998,'Stem/Branch Ornamentation Paraphyllia Ciliate',1992,1993,NULL,NULL,NULL,0,1,1,'2018-03-03 14:16:38'),(999,'Stem/Branch Ornamentation Paraphyllia Dense',1994,1995,NULL,NULL,NULL,0,1,1,'2018-03-03 14:16:38'),(1000,'Stem/Branch Ornamentation Paraphyllia Few',1996,1997,NULL,NULL,NULL,0,0,0,'2018-03-03 14:16:38'),(1001,'Stem/Branch Ornamentation Paraphyllia Filiform',1998,1999,NULL,NULL,NULL,0,1,1,'2018-03-03 14:16:38'),(1002,'Stem/Branch Ornamentation Paraphyllia Foliose',2000,2001,NULL,NULL,NULL,0,0,0,'2018-03-03 14:16:38'),(1003,'Stem/Branch Ornamentation Paraphyllia Green',2002,2003,NULL,NULL,NULL,0,1,1,'2018-03-03 14:16:38'),(1004,'Stem/Branch Ornamentation Paraphyllia Lacinate',2004,2005,NULL,NULL,NULL,0,1,1,'2018-03-03 14:16:38'),(1005,'Stem/Branch Ornamentation Paraphyllia Lanceolate',2006,2007,NULL,NULL,NULL,0,0,1,'2018-03-03 14:16:38'),(1006,'Stem/Branch Ornamentation Paraphyllia Linear',2008,2009,NULL,NULL,NULL,0,0,1,'2018-03-03 14:16:38'),(1007,'Stem/Branch Ornamentation Paraphyllia Low Papillae',2010,2011,NULL,NULL,NULL,0,0,1,'2018-03-03 14:16:38'),(1008,'Stem/Branch Ornamentation Paraphyllia Mammillose',2012,2013,NULL,NULL,NULL,0,0,1,'2018-03-03 14:16:38'),(1009,'Stem/Branch Ornamentation Paraphyllia Margin Ciliate',2014,2015,NULL,NULL,NULL,0,0,1,'2018-03-03 14:16:38'),(1010,'Stem/Branch Ornamentation Paraphyllia Margin Denticulate',2016,2017,NULL,NULL,NULL,0,0,1,'2018-03-03 14:16:38'),(1011,'Stem/Branch Ornamentation Paraphyllia Margin Serrulate',2018,2019,NULL,NULL,NULL,0,0,1,'2018-03-03 14:16:38'),(1012,'Stem/Branch Ornamentation Paraphyllia Papillose',2020,2021,NULL,NULL,NULL,0,0,1,'2018-03-03 14:16:38'),(1013,'Stem/Branch Ornamentation Paraphyllia Papillose Over Lumen',2022,2023,NULL,NULL,NULL,0,0,1,'2018-03-03 14:16:38'),(1014,'Stem/Branch Ornamentation Paraphyllia Paraphyllia Cell Smooth',2024,2025,NULL,NULL,NULL,0,0,1,'2018-03-03 14:16:38'),(1015,'Stem/Branch Ornamentation Paraphyllia Paraphyllia Polymorphous',2026,2027,NULL,NULL,NULL,0,0,1,'2018-03-03 14:16:38'),(1016,'Stem/Branch Ornamentation Paraphyllia Present',2028,2029,NULL,NULL,NULL,0,1,0,'2018-03-03 14:16:38'),(1017,'Stem/Branch Ornamentation Pseudoparaphyllia',2031,2040,NULL,NULL,NULL,NULL,NULL,0,'2018-03-03 14:16:38'),(1018,'Stem/Branch Ornamentation Pseudoparaphyllia Filamentous',2032,2033,NULL,NULL,NULL,0,0,1,'2018-03-03 14:16:38'),(1019,'Stem/Branch Ornamentation Pseudoparaphyllia Foliose',2034,2035,NULL,NULL,NULL,0,0,1,'2018-03-03 14:16:38'),(1020,'Stem/Branch Ornamentation Pseudoparaphyllia Lanceolate',2036,2037,NULL,NULL,NULL,0,0,1,'2018-03-03 14:16:38'),(1021,'Stem/Branch Ornamentation Pseudoparaphyllia Present',2038,2039,NULL,NULL,NULL,0,0,1,'2018-03-03 14:16:38'),(1022,'Stem/Branch/Leaf Ornamentation',2042,2081,NULL,NULL,NULL,NULL,NULL,0,'2018-03-03 14:16:38'),(1023,'Stem/Branch/Leaf Ornamentation Rhizoids/Tomentum',2043,2080,NULL,NULL,NULL,NULL,NULL,0,'2018-03-03 14:16:38'),(1024,'Stem/Branch/Leaf Ornamentation Rhizoids/Tomentum Brownish',2044,2045,NULL,NULL,NULL,1,1,1,'2018-03-03 14:16:38'),(1025,'Stem/Branch/Leaf Ornamentation Rhizoids/Tomentum Reddish',2046,2047,NULL,NULL,NULL,1,1,1,'2018-03-03 14:16:38'),(1026,'Stem/Branch/Leaf Ornamentation Rhizoids/Tomentum Rhizoid Initials In Longitudinal Rows',2048,2049,NULL,NULL,NULL,0,0,1,'2018-03-03 14:16:38'),(1027,'Stem/Branch/Leaf Ornamentation Rhizoids/Tomentum Rhizoid Initials Not In Rows',2050,2051,NULL,NULL,NULL,0,0,1,'2018-03-03 14:16:38'),(1028,'Stem/Branch/Leaf Ornamentation Rhizoids/Tomentum Rhizoid Surface Papillose',2052,2053,NULL,NULL,NULL,0,0,1,'2018-03-03 14:16:38'),(1029,'Stem/Branch/Leaf Ornamentation Rhizoids/Tomentum Rhizoid Surface Smooth',2054,2055,NULL,NULL,NULL,0,0,1,'2018-03-03 14:16:38'),(1030,'Stem/Branch/Leaf Ornamentation Rhizoids/Tomentum Rhizoids  At Costa Back',2056,2057,NULL,NULL,NULL,0,1,1,'2018-03-03 14:16:38'),(1031,'Stem/Branch/Leaf Ornamentation Rhizoids/Tomentum Rhizoids On Leaf Tips',2058,2059,NULL,NULL,NULL,0,1,1,'2018-03-03 14:16:38'),(1032,'Stem/Branch/Leaf Ornamentation Rhizoids/Tomentum Rhizoids Present',2060,2061,NULL,NULL,NULL,1,1,1,'2018-03-03 14:16:38'),(1033,'Stem/Branch/Leaf Ornamentation Rhizoids/Tomentum Rusty-Brown',2062,2063,NULL,NULL,NULL,1,1,1,'2018-03-03 14:16:38'),(1034,'Stem/Branch/Leaf Ornamentation Rhizoids/Tomentum Stem Rhizoids Axillary',2064,2065,NULL,NULL,NULL,0,1,1,'2018-03-03 14:16:38'),(1035,'Stem/Branch/Leaf Ornamentation Rhizoids/Tomentum Stem Rhizoids Below Leaf Insertions',2066,2067,NULL,NULL,NULL,0,0,1,'2018-03-03 14:16:38'),(1036,'Stem/Branch/Leaf Ornamentation Rhizoids/Tomentum Tomentose Near Leaf Base',2068,2069,NULL,NULL,NULL,1,1,1,'2018-03-03 14:16:38'),(1037,'Stem/Branch/Leaf Ornamentation Rhizoids/Tomentum Tomentum Dense',2070,2071,NULL,NULL,NULL,1,1,1,'2018-03-03 14:16:38'),(1038,'Stem/Branch/Leaf Ornamentation Rhizoids/Tomentum Tomentum Near Leaf Apex',2072,2073,NULL,NULL,NULL,1,1,1,'2018-03-03 14:16:38'),(1039,'Stem/Branch/Leaf Ornamentation Rhizoids/Tomentum Tomentum Present',2074,2075,NULL,NULL,NULL,1,1,1,'2018-03-03 14:16:38'),(1040,'Stem/Branch/Leaf Ornamentation Rhizoids/Tomentum White',2076,2077,NULL,NULL,NULL,1,1,1,'2018-03-03 14:16:38'),(1041,'Stem/Branch/Leaf Ornamentation Rhizoids/Tomentum White-Woolly',2078,2079,NULL,NULL,NULL,1,1,1,'2018-03-03 14:16:38'),(1042,'Substrate',2082,2143,NULL,NULL,NULL,NULL,NULL,0,'2018-03-03 14:16:38'),(1043,'Substrate Rich Organic',2083,2094,NULL,NULL,NULL,NULL,NULL,0,'2018-03-03 14:16:38'),(1044,'Substrate Rich Organic Animal Remains',2084,2085,NULL,NULL,NULL,1,0,0,'2018-03-03 14:16:38'),(1045,'Substrate Rich Organic Dung',2086,2087,NULL,NULL,NULL,1,0,0,'2018-03-03 14:16:38'),(1046,'Substrate Rich Organic Forest Litter',2088,2089,NULL,NULL,NULL,1,0,0,'2018-03-03 14:16:38'),(1047,'Substrate Rich Organic High N',2090,2091,NULL,NULL,NULL,1,0,0,'2018-03-03 14:16:38'),(1048,'Substrate Rich Organic Humic Soil',2092,2093,NULL,NULL,NULL,1,0,0,'2018-03-03 14:16:38'),(1049,'Substrate Rock',2095,2104,NULL,NULL,NULL,NULL,NULL,0,'2018-03-03 14:16:38'),(1050,'Substrate Rock Calcium Rich',2096,2097,NULL,NULL,NULL,1,0,0,'2018-03-03 14:16:38'),(1051,'Substrate Rock Clear Quartz Crystals',2098,2099,NULL,NULL,NULL,1,0,0,'2018-03-03 14:16:38'),(1052,'Substrate Rock Limestone',2100,2101,NULL,NULL,NULL,1,0,0,'2018-03-03 14:16:38'),(1053,'Substrate Rock On Rock',2102,2103,NULL,NULL,NULL,1,0,0,'2018-03-03 14:16:38'),(1054,'Substrate Soil',2105,2116,NULL,NULL,NULL,NULL,NULL,0,'2018-03-03 14:16:38'),(1055,'Substrate Soil Bare',2106,2107,NULL,NULL,NULL,1,0,0,'2018-03-03 14:16:38'),(1056,'Substrate Soil Mineral',2108,2109,NULL,NULL,NULL,1,0,0,'2018-03-03 14:16:38'),(1057,'Substrate Soil Nutrient Rich',2110,2111,NULL,NULL,NULL,1,0,0,'2018-03-03 14:16:38'),(1058,'Substrate Soil On Soil',2112,2113,NULL,NULL,NULL,1,0,0,'2018-03-03 14:16:38'),(1059,'Substrate Soil Rock Edge',2114,2115,NULL,NULL,NULL,1,0,0,'2018-03-03 14:16:38'),(1060,'Substrate Unique Geology',2117,2128,NULL,NULL,NULL,NULL,NULL,0,'2018-03-03 14:16:38'),(1061,'Substrate Unique Geology Calcium Rich',2118,2119,NULL,NULL,NULL,1,0,0,'2018-03-03 14:16:38'),(1062,'Substrate Unique Geology Copper Rich',2120,2121,NULL,NULL,NULL,1,0,0,'2018-03-03 14:16:38'),(1063,'Substrate Unique Geology Copper-Sulfate Rich',2122,2123,NULL,NULL,NULL,1,0,0,'2018-03-03 14:16:38'),(1064,'Substrate Unique Geology Limestone',2124,2125,NULL,NULL,NULL,0,0,0,'2018-03-03 14:16:38'),(1065,'Substrate Unique Geology Serpentine',2126,2127,NULL,NULL,NULL,1,0,0,'2018-03-03 14:16:38'),(1066,'Substrate Wood',2129,2142,NULL,NULL,NULL,NULL,NULL,0,'2018-03-03 14:16:38'),(1067,'Substrate Wood Bark',2130,2131,NULL,NULL,NULL,1,0,0,'2018-03-03 14:16:38'),(1068,'Substrate Wood Branch',2132,2133,NULL,NULL,NULL,1,0,0,'2018-03-03 14:16:38'),(1069,'Substrate Wood Downed Material',2134,2135,NULL,NULL,NULL,0,0,0,'2018-03-03 14:16:38'),(1070,'Substrate Wood On Wood',2136,2137,NULL,NULL,NULL,1,0,0,'2018-03-03 14:16:38'),(1071,'Substrate Wood Trunk',2138,2139,NULL,NULL,NULL,1,0,0,'2018-03-03 14:16:38'),(1072,'Substrate Wood Twig',2140,2141,NULL,NULL,NULL,1,0,0,'2018-03-03 14:16:38');
/*!40000 ALTER TABLE `KeyCharacter` ENABLE KEYS */;
UNLOCK TABLES;

--
-- Table structure for table `Map`
--

DROP TABLE IF EXISTS `Map`;
/*!40101 SET @saved_cs_client     = @@character_set_client */;
/*!40101 SET character_set_client = utf8 */;
CREATE TABLE `Map` (
  `id` int(11) NOT NULL AUTO_INCREMENT,
  `TaxaId` int(11) DEFAULT NULL,
  `KeyCharacterId` int(11) DEFAULT NULL,
  `TimeStamp` datetime DEFAULT CURRENT_TIMESTAMP ON UPDATE CURRENT_TIMESTAMP,
  PRIMARY KEY (`id`),
  KEY `taxaid_idx` (`TaxaId`),
  KEY `keycharacterid_idx` (`KeyCharacterId`),
  CONSTRAINT `keycharacterid` FOREIGN KEY (`KeyCharacterId`) REFERENCES `KeyCharacter` (`id`) ON DELETE NO ACTION ON UPDATE NO ACTION,
  CONSTRAINT `taxaid` FOREIGN KEY (`TaxaId`) REFERENCES `Taxa` (`id`) ON DELETE NO ACTION ON UPDATE NO ACTION
) ENGINE=InnoDB AUTO_INCREMENT=261 DEFAULT CHARSET=latin1;
/*!40101 SET character_set_client = @saved_cs_client */;

--
-- Dumping data for table `Map`
--

LOCK TABLES `Map` WRITE;
/*!40000 ALTER TABLE `Map` DISABLE KEYS */;
INSERT INTO `Map` VALUES (6,10,234,'2018-03-03 14:16:55'),(7,11,234,'2018-03-03 14:16:55'),(8,12,234,'2018-03-03 14:16:55'),(9,14,234,'2018-03-03 14:16:55'),(10,15,234,'2018-03-03 14:16:55'),(11,33,907,'2018-03-03 14:16:55'),(12,34,907,'2018-03-03 14:16:55'),(13,41,234,'2018-03-03 14:16:55'),(14,42,234,'2018-03-03 14:16:55'),(15,44,234,'2018-03-03 14:16:55'),(16,45,234,'2018-03-03 14:16:55'),(17,49,234,'2018-03-03 14:16:55'),(18,55,234,'2018-03-03 14:16:55'),(19,56,234,'2018-03-03 14:16:55'),(20,57,234,'2018-03-03 14:16:55'),(21,58,234,'2018-03-03 14:16:55'),(22,81,234,'2018-03-03 14:16:55'),(23,82,234,'2018-03-03 14:16:55'),(24,86,234,'2018-03-03 14:16:55'),(25,95,234,'2018-03-03 14:16:55'),(26,96,234,'2018-03-03 14:16:55'),(27,98,234,'2018-03-03 14:16:55'),(28,99,234,'2018-03-03 14:16:55'),(29,100,234,'2018-03-03 14:16:55'),(30,100,258,'2018-03-03 14:16:55'),(31,101,234,'2018-03-03 14:16:55'),(32,102,234,'2018-03-03 14:16:55'),(33,105,234,'2018-03-03 14:16:55'),(34,108,234,'2018-03-03 14:16:55'),(35,109,234,'2018-03-03 14:16:55'),(36,118,234,'2018-03-03 14:16:55'),(37,119,234,'2018-03-03 14:16:55'),(38,123,234,'2018-03-03 14:16:55'),(39,129,907,'2018-03-03 14:16:55'),(40,138,234,'2018-03-03 14:16:55'),(41,139,234,'2018-03-03 14:16:55'),(42,140,234,'2018-03-03 14:16:55'),(43,141,234,'2018-03-03 14:16:55'),(44,148,234,'2018-03-03 14:16:55'),(45,149,234,'2018-03-03 14:16:55'),(46,150,234,'2018-03-03 14:16:55'),(47,153,374,'2018-03-03 14:16:55'),(48,153,375,'2018-03-03 14:16:55'),(49,154,374,'2018-03-03 14:16:55'),(50,155,374,'2018-03-03 14:16:55'),(51,159,234,'2018-03-03 14:16:55'),(52,162,234,'2018-03-03 14:16:55'),(53,163,234,'2018-03-03 14:16:55'),(54,164,234,'2018-03-03 14:16:55'),(55,229,234,'2018-03-03 14:16:55'),(56,233,234,'2018-03-03 14:16:55'),(57,239,234,'2018-03-03 14:16:55'),(58,242,234,'2018-03-03 14:16:55'),(59,243,234,'2018-03-03 14:16:55'),(60,249,234,'2018-03-03 14:16:55'),(61,250,234,'2018-03-03 14:16:55'),(62,251,234,'2018-03-03 14:16:55'),(63,252,234,'2018-03-03 14:16:55'),(64,255,234,'2018-03-03 14:16:55'),(65,256,234,'2018-03-03 14:16:55'),(66,264,234,'2018-03-03 14:16:55'),(67,265,234,'2018-03-03 14:16:55'),(68,266,234,'2018-03-03 14:16:55'),(69,275,234,'2018-03-03 14:16:55'),(70,281,234,'2018-03-03 14:16:55'),(71,282,234,'2018-03-03 14:16:55'),(72,285,234,'2018-03-03 14:16:55'),(73,286,234,'2018-03-03 14:16:55'),(74,289,234,'2018-03-03 14:16:55'),(75,293,234,'2018-03-03 14:16:55'),(76,294,234,'2018-03-03 14:16:55'),(77,295,234,'2018-03-03 14:16:55'),(78,296,234,'2018-03-03 14:16:55'),(79,300,234,'2018-03-03 14:16:55'),(80,301,234,'2018-03-03 14:16:55'),(81,302,234,'2018-03-03 14:16:55'),(82,303,234,'2018-03-03 14:16:55'),(83,304,234,'2018-03-03 14:16:55'),(84,307,258,'2018-03-03 14:16:55'),(85,308,258,'2018-03-03 14:16:55'),(86,310,234,'2018-03-03 14:16:55'),(87,311,234,'2018-03-03 14:16:55'),(88,312,234,'2018-03-03 14:16:55'),(89,313,234,'2018-03-03 14:16:55'),(90,314,234,'2018-03-03 14:16:55'),(91,317,234,'2018-03-03 14:16:55'),(92,318,234,'2018-03-03 14:16:55'),(93,322,234,'2018-03-03 14:16:55'),(94,323,234,'2018-03-03 14:16:55'),(95,324,234,'2018-03-03 14:16:55'),(96,326,234,'2018-03-03 14:16:55'),(97,326,905,'2018-03-03 14:16:55'),(98,326,906,'2018-03-03 14:16:55'),(99,326,907,'2018-03-03 14:16:55'),(100,327,234,'2018-03-03 14:16:55'),(101,327,905,'2018-03-03 14:16:55'),(102,327,906,'2018-03-03 14:16:55'),(103,327,907,'2018-03-03 14:16:55'),(104,333,234,'2018-03-03 14:16:55'),(105,334,234,'2018-03-03 14:16:55'),(106,339,234,'2018-03-03 14:16:55'),(107,340,234,'2018-03-03 14:16:55'),(108,341,905,'2018-03-03 14:16:55'),(109,341,906,'2018-03-03 14:16:55'),(110,341,907,'2018-03-03 14:16:55'),(111,342,905,'2018-03-03 14:16:55'),(112,342,906,'2018-03-03 14:16:55'),(113,342,907,'2018-03-03 14:16:55'),(114,343,234,'2018-03-03 14:16:55'),(115,426,234,'2018-03-03 14:16:55'),(116,427,234,'2018-03-03 14:16:55'),(117,429,234,'2018-03-03 14:16:55'),(118,438,234,'2018-03-03 14:16:55'),(119,439,234,'2018-03-03 14:16:55'),(120,447,234,'2018-03-03 14:16:55'),(121,448,234,'2018-03-03 14:16:55'),(122,452,234,'2018-03-03 14:16:55'),(123,452,258,'2018-03-03 14:16:55'),(124,453,234,'2018-03-03 14:16:55'),(125,453,258,'2018-03-03 14:16:55'),(126,460,234,'2018-03-03 14:16:55'),(127,461,234,'2018-03-03 14:16:55'),(128,470,234,'2018-03-03 14:16:55'),(129,471,234,'2018-03-03 14:16:55'),(130,474,234,'2018-03-03 14:16:55'),(131,475,234,'2018-03-03 14:16:55'),(132,476,234,'2018-03-03 14:16:55'),(133,477,234,'2018-03-03 14:16:55'),(134,478,234,'2018-03-03 14:16:55'),(135,493,234,'2018-03-03 14:16:55'),(136,494,234,'2018-03-03 14:16:55'),(137,495,234,'2018-03-03 14:16:55'),(138,508,905,'2018-03-03 14:16:55'),(139,508,906,'2018-03-03 14:16:55'),(140,509,905,'2018-03-03 14:16:55'),(141,509,906,'2018-03-03 14:16:55'),(142,510,234,'2018-03-03 14:16:55'),(143,511,234,'2018-03-03 14:16:55'),(144,514,234,'2018-03-03 14:16:55'),(145,515,234,'2018-03-03 14:16:55'),(146,516,234,'2018-03-03 14:16:55'),(147,519,234,'2018-03-03 14:16:55'),(148,519,905,'2018-03-03 14:16:55'),(149,519,906,'2018-03-03 14:16:55'),(150,519,907,'2018-03-03 14:16:55'),(151,520,234,'2018-03-03 14:16:55'),(152,520,905,'2018-03-03 14:16:55'),(153,520,906,'2018-03-03 14:16:55'),(154,520,907,'2018-03-03 14:16:55'),(155,524,234,'2018-03-03 14:16:55'),(156,538,234,'2018-03-03 14:16:55'),(157,539,234,'2018-03-03 14:16:55'),(158,540,234,'2018-03-03 14:16:55'),(159,555,234,'2018-03-03 14:16:55'),(160,560,234,'2018-03-03 14:16:55'),(161,561,907,'2018-03-03 14:16:55'),(162,563,234,'2018-03-03 14:16:55'),(163,564,234,'2018-03-03 14:16:55'),(164,581,234,'2018-03-03 14:16:55'),(165,583,234,'2018-03-03 14:16:55'),(166,584,234,'2018-03-03 14:16:55'),(167,585,234,'2018-03-03 14:16:55'),(168,586,234,'2018-03-03 14:16:55');
/*!40000 ALTER TABLE `Map` ENABLE KEYS */;
UNLOCK TABLES;

--
-- Table structure for table `URL`
--

DROP TABLE IF EXISTS `URL`;
/*!40101 SET @saved_cs_client     = @@character_set_client */;
/*!40101 SET character_set_client = utf8 */;
CREATE TABLE `URL` (
  `id` int(11) NOT NULL AUTO_INCREMENT,
  `Name` varchar(256) DEFAULT NULL,
  `AltText` varchar(256) DEFAULT NULL,
  `Description` varchar(1024) DEFAULT NULL,
  `Type` enum('image','other') NOT NULL,
  `TimeStamp` datetime DEFAULT CURRENT_TIMESTAMP ON UPDATE CURRENT_TIMESTAMP,
  PRIMARY KEY (`id`),
  UNIQUE KEY `idURL_UNIQUE` (`id`)
) ENGINE=InnoDB AUTO_INCREMENT=2 DEFAULT CHARSET=latin1;
/*!40101 SET character_set_client = @saved_cs_client */;

--
-- Dumping data for table `URL`
--

LOCK TABLES `URL` WRITE;
/*!40000 ALTER TABLE `URL` DISABLE KEYS */;
INSERT INTO `URL` VALUES (1,'http://www.efloras.org/florataxon.aspx?flora_id=1&taxon_id=200000987',NULL,NULL,'other','2017-03-05 14:43:32');
/*!40000 ALTER TABLE `URL` ENABLE KEYS */;
UNLOCK TABLES;

--
-- Table structure for table `taxa`
--

DROP TABLE IF EXISTS `taxa`;
/*!40101 SET @saved_cs_client     = @@character_set_client */;
/*!40101 SET character_set_client = utf8 */;
CREATE TABLE `taxa` (
  `id` int(11) NOT NULL AUTO_INCREMENT,
  `Name` varchar(45) NOT NULL,
  `description` varchar(16384) DEFAULT NULL,
  `URLId` int(11) DEFAULT NULL,
  `AuthorityId` int(11) DEFAULT NULL,
  `TimeStamp` datetime DEFAULT CURRENT_TIMESTAMP ON UPDATE CURRENT_TIMESTAMP,
  PRIMARY KEY (`id`),
  KEY `url_idx` (`URLId`),
  KEY `authority_idx` (`AuthorityId`),
  CONSTRAINT `authority_taxa` FOREIGN KEY (`AuthorityId`) REFERENCES `Authority` (`id`) ON DELETE NO ACTION ON UPDATE NO ACTION,
  CONSTRAINT `url_taxa` FOREIGN KEY (`URLId`) REFERENCES `URL` (`id`) ON DELETE NO ACTION ON UPDATE NO ACTION
) ENGINE=InnoDB AUTO_INCREMENT=588 DEFAULT CHARSET=latin1;
/*!40101 SET character_set_client = @saved_cs_client */;

--
-- Dumping data for table `taxa`
--

LOCK TABLES `taxa` WRITE;
/*!40000 ALTER TABLE `taxa` DISABLE KEYS */;
INSERT INTO `taxa` VALUES (1,'Abietinella abietina\r',NULL,NULL,NULL,'2018-03-03 14:16:47'),(2,'Abietinella\r',NULL,NULL,NULL,'2018-03-03 14:16:47'),(3,'Acaulon\r',NULL,NULL,NULL,'2018-03-03 14:16:47'),(4,'Acroporium smallii\r',NULL,NULL,NULL,'2018-03-03 14:16:47'),(5,'Acroporium\r',NULL,NULL,NULL,'2018-03-03 14:16:47'),(6,'Aloina\r',NULL,NULL,NULL,'2018-03-03 14:16:47'),(7,'Alsia californica\r',NULL,NULL,NULL,'2018-03-03 14:16:47'),(8,'Alsia\r',NULL,NULL,NULL,'2018-03-03 14:16:47'),(9,'Amblyodon\r',NULL,NULL,NULL,'2018-03-03 14:16:47'),(10,'Amblystegium serpens\r',NULL,NULL,NULL,'2018-03-03 14:16:47'),(11,'Amblystegium\r',NULL,NULL,NULL,'2018-03-03 14:16:47'),(12,'Amblystegium varium\r',NULL,NULL,NULL,'2018-03-03 14:16:47'),(13,'Amphidium\r',NULL,NULL,NULL,'2018-03-03 14:16:47'),(14,'Anacamptodon splachnoides\r',NULL,NULL,NULL,'2018-03-03 14:16:47'),(15,'Anacamptodon\r',NULL,NULL,NULL,'2018-03-03 14:16:47'),(16,'Anacolia\r',NULL,NULL,NULL,'2018-03-03 14:16:47'),(17,'Andreaea\r',NULL,NULL,NULL,'2018-03-03 14:16:47'),(18,'Andreaeobryum\r',NULL,NULL,NULL,'2018-03-03 14:16:47'),(19,'Anoectangium\r',NULL,NULL,NULL,'2018-03-03 14:16:47'),(20,'Anomobryum concinnatum\r',NULL,NULL,NULL,'2018-03-03 14:16:47'),(21,'Anomobryum\r',NULL,NULL,NULL,'2018-03-03 14:16:47'),(22,'Anomodon julaceum\r',NULL,NULL,NULL,'2018-03-03 14:16:47'),(23,'Antitrichia californica\r',NULL,NULL,NULL,'2018-03-03 14:16:47'),(24,'Antitrichia curtipendula\r',NULL,NULL,NULL,'2018-03-03 14:16:47'),(25,'Antitrichia\r',NULL,NULL,NULL,'2018-03-03 14:16:47'),(26,'Aongstroemia\r',NULL,NULL,NULL,'2018-03-03 14:16:47'),(27,'Aphanorrhegma\r',NULL,NULL,NULL,'2018-03-03 14:16:47'),(28,'Aplodon\r',NULL,NULL,NULL,'2018-03-03 14:16:47'),(29,'Archidium\r',NULL,NULL,NULL,'2018-03-03 14:16:47'),(30,'Arctoa\r',NULL,NULL,NULL,'2018-03-03 14:16:47'),(31,'Aschisma\r',NULL,NULL,NULL,'2018-03-03 14:16:47'),(32,'Astomum\r',NULL,NULL,NULL,'2018-03-03 14:16:47'),(33,'Atrichum\r',NULL,NULL,NULL,'2018-03-03 14:16:47'),(34,'Aulacomnium\r',NULL,NULL,NULL,'2018-03-03 14:16:47'),(35,'Barbella pendula\r',NULL,NULL,NULL,'2018-03-03 14:16:47'),(36,'Barbella\r',NULL,NULL,NULL,'2018-03-03 14:16:47'),(37,'Barbula\r',NULL,NULL,NULL,'2018-03-03 14:16:47'),(38,'Bartramia\r',NULL,NULL,NULL,'2018-03-03 14:16:47'),(39,'Bartramidula\r',NULL,NULL,NULL,'2018-03-03 14:16:47'),(40,'Bartramiopsis\r',NULL,NULL,NULL,'2018-03-03 14:16:47'),(41,'Bestia longipes\r',NULL,NULL,NULL,'2018-03-03 14:16:47'),(42,'Bestia\r',NULL,NULL,NULL,'2018-03-03 14:16:47'),(43,'Blindia\r',NULL,NULL,NULL,'2018-03-03 14:16:47'),(44,'Brachelyma\r',NULL,NULL,NULL,'2018-03-03 14:16:47'),(45,'Brachelyma subulatum\r',NULL,NULL,NULL,'2018-03-03 14:16:47'),(46,'Brachydontium\r',NULL,NULL,NULL,'2018-03-03 14:16:47'),(47,'Brachymenium\r',NULL,NULL,NULL,'2018-03-03 14:16:47'),(48,'Brachytheciastrum\r',NULL,NULL,NULL,'2018-03-03 14:16:47'),(49,'Brachythecium\r',NULL,NULL,NULL,'2018-03-03 14:16:47'),(50,'Braunia secunda\r',NULL,NULL,NULL,'2018-03-03 14:16:47'),(51,'Braunia\r',NULL,NULL,NULL,'2018-03-03 14:16:47'),(52,'Brotherella recurvans\r',NULL,NULL,NULL,'2018-03-03 14:16:47'),(53,'Brotherella\r',NULL,NULL,NULL,'2018-03-03 14:16:47'),(54,'Bruchia\r',NULL,NULL,NULL,'2018-03-03 14:16:47'),(55,'Bryhnia novae-anfliae\r',NULL,NULL,NULL,'2018-03-03 14:16:47'),(56,'Bryhnia\r',NULL,NULL,NULL,'2018-03-03 14:16:47'),(57,'Bryoandersonia illecebra\r',NULL,NULL,NULL,'2018-03-03 14:16:47'),(58,'Bryoandersonia\r',NULL,NULL,NULL,'2018-03-03 14:16:47'),(59,'Bryobrittonia\r',NULL,NULL,NULL,'2018-03-03 14:16:47'),(60,'Bryocrumia  vivecolor\r',NULL,NULL,NULL,'2018-03-03 14:16:47'),(61,'Bryocrumia\r',NULL,NULL,NULL,'2018-03-03 14:16:47'),(62,'Bryoerythrophyllum\r',NULL,NULL,NULL,'2018-03-03 14:16:47'),(63,'Bryolawtonia\r',NULL,NULL,NULL,'2018-03-03 14:16:47'),(64,'Bryolawtonia vancouveriensis\r',NULL,NULL,NULL,'2018-03-03 14:16:47'),(65,'Bryoxiphium\r',NULL,NULL,NULL,'2018-03-03 14:16:47'),(66,'Bryum argenteum\r',NULL,NULL,NULL,'2018-03-03 14:16:47'),(67,'Bryum blindii\r',NULL,NULL,NULL,'2018-03-03 14:16:47'),(68,'Bryum calobryoides\r',NULL,NULL,NULL,'2018-03-03 14:16:47'),(69,'Bryum chryseum\r',NULL,NULL,NULL,'2018-03-03 14:16:47'),(70,'Bryum lanatum\r',NULL,NULL,NULL,'2018-03-03 14:16:47'),(71,'Bryum muticum\r',NULL,NULL,NULL,'2018-03-03 14:16:47'),(72,'Bryum\r',NULL,NULL,NULL,'2018-03-03 14:16:47'),(73,'Bryum veronense\r',NULL,NULL,NULL,'2018-03-03 14:16:47'),(74,'Buckiella\r',NULL,NULL,NULL,'2018-03-03 14:16:47'),(75,'Buckiella undulata\r',NULL,NULL,NULL,'2018-03-03 14:16:47'),(76,'Buxbaumia\r',NULL,NULL,NULL,'2018-03-03 14:16:47'),(77,'Callicladium haldanianum\r',NULL,NULL,NULL,'2018-03-03 14:16:47'),(78,'Callicladium\r',NULL,NULL,NULL,'2018-03-03 14:16:47'),(79,'Callicostella pallida\r',NULL,NULL,NULL,'2018-03-03 14:16:47'),(80,'Callicostella\r',NULL,NULL,NULL,'2018-03-03 14:16:47'),(81,'Calliergon cordifolium\r',NULL,NULL,NULL,'2018-03-03 14:16:47'),(82,'Calliergon\r',NULL,NULL,NULL,'2018-03-03 14:16:47'),(83,'Calliergonella cuspidata\r',NULL,NULL,NULL,'2018-03-03 14:16:47'),(84,'Calliergonella\r',NULL,NULL,NULL,'2018-03-03 14:16:47'),(85,'Calymperes\r',NULL,NULL,NULL,'2018-03-03 14:16:47'),(86,'Campylium\r',NULL,NULL,NULL,'2018-03-03 14:16:47'),(87,'Campylopodiella\r',NULL,NULL,NULL,'2018-03-03 14:16:47'),(88,'Campylopus\r',NULL,NULL,NULL,'2018-03-03 14:16:47'),(89,'Campylostelium\r',NULL,NULL,NULL,'2018-03-03 14:16:47'),(90,'Catoscopium\r',NULL,NULL,NULL,'2018-03-03 14:16:47'),(91,'Ceratodon\r',NULL,NULL,NULL,'2018-03-03 14:16:47'),(92,'Chryso-hypnum diminutivum\r',NULL,NULL,NULL,'2018-03-03 14:16:47'),(93,'Chryso-hypnum\r',NULL,NULL,NULL,'2018-03-03 14:16:47'),(94,'Cinclidium\r',NULL,NULL,NULL,'2018-03-03 14:16:47'),(95,'Cirriphyllum piliferum\r',NULL,NULL,NULL,'2018-03-03 14:16:47'),(96,'Cirriphyllum\r',NULL,NULL,NULL,'2018-03-03 14:16:47'),(97,'Claopodium\r',NULL,NULL,NULL,'2018-03-03 14:16:47'),(98,'Clasmatodon parvulus\r',NULL,NULL,NULL,'2018-03-03 14:16:47'),(99,'Clasmatodon\r',NULL,NULL,NULL,'2018-03-03 14:16:47'),(100,'Climacium\r',NULL,NULL,NULL,'2018-03-03 14:16:47'),(101,'Conardia compacta\r',NULL,NULL,NULL,'2018-03-03 14:16:47'),(102,'Conardia\r',NULL,NULL,NULL,'2018-03-03 14:16:47'),(103,'Conostomum\r',NULL,NULL,NULL,'2018-03-03 14:16:47'),(104,'Coscinodon\r',NULL,NULL,NULL,'2018-03-03 14:16:47'),(105,'Cratoneuron\r',NULL,NULL,NULL,'2018-03-03 14:16:47'),(106,'Crossidium\r',NULL,NULL,NULL,'2018-03-03 14:16:47'),(107,'Crumia\r',NULL,NULL,NULL,'2018-03-03 14:16:47'),(108,'Cryphaea ravenelii\r',NULL,NULL,NULL,'2018-03-03 14:16:47'),(109,'Cryphaea\r',NULL,NULL,NULL,'2018-03-03 14:16:47'),(110,'Ctenidium\r',NULL,NULL,NULL,'2018-03-03 14:16:47'),(111,'Cyclodictyon\r',NULL,NULL,NULL,'2018-03-03 14:16:47'),(112,'Cyclodictyon varians\r',NULL,NULL,NULL,'2018-03-03 14:16:47'),(113,'Cynodontium\r',NULL,NULL,NULL,'2018-03-03 14:16:47'),(114,'Cyrto-hypnum\r',NULL,NULL,NULL,'2018-03-03 14:16:47'),(115,'Cyrtomnium\r',NULL,NULL,NULL,'2018-03-03 14:16:47'),(116,'Dacrophyllium falcifolium\r',NULL,NULL,NULL,'2018-03-03 14:16:47'),(117,'Dacrophyllium\r',NULL,NULL,NULL,'2018-03-03 14:16:47'),(118,'Daltonia splachnoides\r',NULL,NULL,NULL,'2018-03-03 14:16:47'),(119,'Daltonia\r',NULL,NULL,NULL,'2018-03-03 14:16:47'),(120,'Dendroalsia abietina\r',NULL,NULL,NULL,'2018-03-03 14:16:47'),(121,'Dendroalsia\r',NULL,NULL,NULL,'2018-03-03 14:16:47'),(122,'Desmatodon\r',NULL,NULL,NULL,'2018-03-03 14:16:47'),(123,'Dichelyma\r',NULL,NULL,NULL,'2018-03-03 14:16:47'),(124,'Dichodontium\r',NULL,NULL,NULL,'2018-03-03 14:16:47'),(125,'Dicranella\r',NULL,NULL,NULL,'2018-03-03 14:16:47'),(126,'Dicranodontium\r',NULL,NULL,NULL,'2018-03-03 14:16:47'),(127,'Dicranoweisia\r',NULL,NULL,NULL,'2018-03-03 14:16:47'),(128,'Dicranum\r',NULL,NULL,NULL,'2018-03-03 14:16:47'),(129,'Didymodon\r',NULL,NULL,NULL,'2018-03-03 14:16:47'),(130,'Diphyscium\r',NULL,NULL,NULL,'2018-03-03 14:16:47'),(131,'Discelium\r',NULL,NULL,NULL,'2018-03-03 14:16:47'),(132,'Distichium\r',NULL,NULL,NULL,'2018-03-03 14:16:47'),(133,'Ditrichum\r',NULL,NULL,NULL,'2018-03-03 14:16:47'),(134,'Donnellia commutata\r',NULL,NULL,NULL,'2018-03-03 14:16:47'),(135,'Donnellia\r',NULL,NULL,NULL,'2018-03-03 14:16:47'),(136,'Donrichardsia macroneuron\r',NULL,NULL,NULL,'2018-03-03 14:16:47'),(137,'Donrichardsia\r',NULL,NULL,NULL,'2018-03-03 14:16:47'),(138,'Drepanocladus simplicissimus\r',NULL,NULL,NULL,'2018-03-03 14:16:47'),(139,'Drepanocladus aduncus\r',NULL,NULL,NULL,'2018-03-03 14:16:47'),(140,'Drepanocladus polygamus\r',NULL,NULL,NULL,'2018-03-03 14:16:47'),(141,'Drepanocladus\r',NULL,NULL,NULL,'2018-03-03 14:16:47'),(142,'Drummondia prorepens\r',NULL,NULL,NULL,'2018-03-03 14:16:47'),(143,'Drummondia\r',NULL,NULL,NULL,'2018-03-03 14:16:47'),(144,'Dryptodon\r',NULL,NULL,NULL,'2018-03-03 14:16:47'),(145,'Eccremidium\r',NULL,NULL,NULL,'2018-03-03 14:16:47'),(146,'Elodium\r',NULL,NULL,NULL,'2018-03-03 14:16:47'),(147,'Encalypta\r',NULL,NULL,NULL,'2018-03-03 14:16:47'),(148,'Entodon\r',NULL,NULL,NULL,'2018-03-03 14:16:47'),(149,'Entodontopsis leucostega\r',NULL,NULL,NULL,'2018-03-03 14:16:47'),(150,'Entodontopsis\r',NULL,NULL,NULL,'2018-03-03 14:16:47'),(151,'Entosthodon\r',NULL,NULL,NULL,'2018-03-03 14:16:47'),(152,'Ephemerum\r',NULL,NULL,NULL,'2018-03-03 14:16:47'),(153,'Epipterygium\r',NULL,NULL,NULL,'2018-03-03 14:16:47'),(154,'Epipterygium tozeri\r',NULL,NULL,NULL,'2018-03-03 14:16:47'),(155,'Erpodium\r',NULL,NULL,NULL,'2018-03-03 14:16:47'),(156,'Eucladium\r',NULL,NULL,NULL,'2018-03-03 14:16:47'),(157,'Eurhynchiastrum pulchellum\r',NULL,NULL,NULL,'2018-03-03 14:16:47'),(158,'Eurhynchiastrum\r',NULL,NULL,NULL,'2018-03-03 14:16:47'),(159,'Fabronia\r',NULL,NULL,NULL,'2018-03-03 14:16:47'),(160,'Fissidens\r',NULL,NULL,NULL,'2018-03-03 14:16:47'),(161,'Fontinalis\r',NULL,NULL,NULL,'2018-03-03 14:16:47'),(162,'Forsstroemia producta\r',NULL,NULL,NULL,'2018-03-03 14:16:47'),(163,'Forsstroemia\r',NULL,NULL,NULL,'2018-03-03 14:16:47'),(164,'Forsstroemia trichomitra\r',NULL,NULL,NULL,'2018-03-03 14:16:47'),(165,'Funaria\r',NULL,NULL,NULL,'2018-03-03 14:16:47'),(166,'Geheebia\r',NULL,NULL,NULL,'2018-03-03 14:16:47'),(167,'Gemmabryum badium\r',NULL,NULL,NULL,'2018-03-03 14:16:47'),(168,'Gemmabryum barnesii\r',NULL,NULL,NULL,'2018-03-03 14:16:47'),(169,'Gemmabryum brassicoides\r',NULL,NULL,NULL,'2018-03-03 14:16:47'),(170,'Gemmabryum caespiticium\r',NULL,NULL,NULL,'2018-03-03 14:16:47'),(171,'Gemmabryum californicum\r',NULL,NULL,NULL,'2018-03-03 14:16:47'),(172,'Gemmabryum demaretianum\r',NULL,NULL,NULL,'2018-03-03 14:16:47'),(173,'Gemmabryum dichotomum\r',NULL,NULL,NULL,'2018-03-03 14:16:47'),(174,'Gemmabryum gemmiferum\r',NULL,NULL,NULL,'2018-03-03 14:16:47'),(175,'Gemmabryum gemmilucens\r',NULL,NULL,NULL,'2018-03-03 14:16:47'),(176,'Gemmabryum klinggraeffii\r',NULL,NULL,NULL,'2018-03-03 14:16:47'),(177,'Gemmabryum kunzei\r',NULL,NULL,NULL,'2018-03-03 14:16:47'),(178,'Gemmabryum radiculosum\r',NULL,NULL,NULL,'2018-03-03 14:16:47'),(179,'Gemmabryum subapiculatum\r',NULL,NULL,NULL,'2018-03-03 14:16:47'),(180,'Gemmabryum tablemontensis\r',NULL,NULL,NULL,'2018-03-03 14:16:47'),(181,'Gemmabryum tehamense\r',NULL,NULL,NULL,'2018-03-03 14:16:47'),(182,'Gemmabryum tenuisetum\r',NULL,NULL,NULL,'2018-03-03 14:16:47'),(183,'Gemmabryum valparaisense\r',NULL,NULL,NULL,'2018-03-03 14:16:47'),(184,'Gemmabryum vinosum\r',NULL,NULL,NULL,'2018-03-03 14:16:47'),(185,'Gemmabryum violaceum\r',NULL,NULL,NULL,'2018-03-03 14:16:47'),(186,'Globulinella\r',NULL,NULL,NULL,'2018-03-03 14:16:47'),(187,'Gollania turgens\r',NULL,NULL,NULL,'2018-03-03 14:16:47'),(188,'Gollania\r',NULL,NULL,NULL,'2018-03-03 14:16:47'),(189,'Grimmia alpestris\r',NULL,NULL,NULL,'2018-03-03 14:16:47'),(190,'Grimmia americana\r',NULL,NULL,NULL,'2018-03-03 14:16:47'),(191,'Grimmia anodon\r',NULL,NULL,NULL,'2018-03-03 14:16:47'),(192,'Grimmia anomala\r',NULL,NULL,NULL,'2018-03-03 14:16:47'),(193,'Grimmia arizonae\r',NULL,NULL,NULL,'2018-03-03 14:16:47'),(194,'Grimmia atrata\r',NULL,NULL,NULL,'2018-03-03 14:16:47'),(195,'Grimmia attenuata\r',NULL,NULL,NULL,'2018-03-03 14:16:47'),(196,'Grimmia caespiticia\r',NULL,NULL,NULL,'2018-03-03 14:16:47'),(197,'Grimmia donniana\r',NULL,NULL,NULL,'2018-03-03 14:16:47'),(198,'Grimmia elatior\r',NULL,NULL,NULL,'2018-03-03 14:16:47'),(199,'Grimmia elongata\r',NULL,NULL,NULL,'2018-03-03 14:16:47'),(200,'Grimmia funalis\r',NULL,NULL,NULL,'2018-03-03 14:16:47'),(201,'Grimmia hamulosa\r',NULL,NULL,NULL,'2018-03-03 14:16:47'),(202,'Grimmia hartmanii\r',NULL,NULL,NULL,'2018-03-03 14:16:47'),(203,'Grimmia incurva\r',NULL,NULL,NULL,'2018-03-03 14:16:47'),(204,'Grimmia laevigata\r',NULL,NULL,NULL,'2018-03-03 14:16:47'),(205,'Grimmia leibergii\r',NULL,NULL,NULL,'2018-03-03 14:16:47'),(206,'Grimmia lisae\r',NULL,NULL,NULL,'2018-03-03 14:16:47'),(207,'Grimmia longirostris\r',NULL,NULL,NULL,'2018-03-03 14:16:47'),(208,'Grimmia mariniana\r',NULL,NULL,NULL,'2018-03-03 14:16:47'),(209,'Grimmia milleri\r',NULL,NULL,NULL,'2018-03-03 14:16:47'),(210,'Grimmia montana\r',NULL,NULL,NULL,'2018-03-03 14:16:47'),(211,'Grimmia moxleyi\r',NULL,NULL,NULL,'2018-03-03 14:16:47'),(212,'Grimmia muehlenbeckii\r',NULL,NULL,NULL,'2018-03-03 14:16:47'),(213,'Grimmia nevadensis\r',NULL,NULL,NULL,'2018-03-03 14:16:47'),(214,'Grimmia olneyi\r',NULL,NULL,NULL,'2018-03-03 14:16:47'),(215,'Grimmia orbicularis\r',NULL,NULL,NULL,'2018-03-03 14:16:47'),(216,'Grimmia ovalis\r',NULL,NULL,NULL,'2018-03-03 14:16:47'),(217,'Grimmia pilifera\r',NULL,NULL,NULL,'2018-03-03 14:16:47'),(218,'Grimmia plagiopodia\r',NULL,NULL,NULL,'2018-03-03 14:16:47'),(219,'Grimmia poecilostoma\r',NULL,NULL,NULL,'2018-03-03 14:16:47'),(220,'Grimmia pulvinata\r',NULL,NULL,NULL,'2018-03-03 14:16:47'),(221,'Grimmia ramondii\r',NULL,NULL,NULL,'2018-03-03 14:16:47'),(222,'Grimmia serrana\r',NULL,NULL,NULL,'2018-03-03 14:16:47'),(223,'Grimmia sessitana\r',NULL,NULL,NULL,'2018-03-03 14:16:47'),(224,'Grimmia\r',NULL,NULL,NULL,'2018-03-03 14:16:47'),(225,'Grimmia torenii\r',NULL,NULL,NULL,'2018-03-03 14:16:47'),(226,'Grimmia torquata\r',NULL,NULL,NULL,'2018-03-03 14:16:47'),(227,'Grimmia trichophylla\r',NULL,NULL,NULL,'2018-03-03 14:16:47'),(228,'Grimmia unicolor\r',NULL,NULL,NULL,'2018-03-03 14:16:47'),(229,'Groutiella\r',NULL,NULL,NULL,'2018-03-03 14:16:47'),(230,'Gymnostomiella\r',NULL,NULL,NULL,'2018-03-03 14:16:47'),(231,'Gymnostomum\r',NULL,NULL,NULL,'2018-03-03 14:16:47'),(232,'Gyroweisia\r',NULL,NULL,NULL,'2018-03-03 14:16:47'),(233,'Hamatocaulis\r',NULL,NULL,NULL,'2018-03-03 14:16:47'),(234,'Haplocladium\r',NULL,NULL,NULL,'2018-03-03 14:16:47'),(235,'Haplohymenium triste\r',NULL,NULL,NULL,'2018-03-03 14:16:47'),(236,'Haplohymenium\r',NULL,NULL,NULL,'2018-03-03 14:16:47'),(237,'Hedwigia ciliata\r',NULL,NULL,NULL,'2018-03-03 14:16:47'),(238,'Hedwigia\r',NULL,NULL,NULL,'2018-03-03 14:16:47'),(239,'Helodium\r',NULL,NULL,NULL,'2018-03-03 14:16:47'),(240,'Henicodium\r',NULL,NULL,NULL,'2018-03-03 14:16:47'),(241,'Hennediella\r',NULL,NULL,NULL,'2018-03-03 14:16:47'),(242,'Herpetineuron\r',NULL,NULL,NULL,'2018-03-03 14:16:47'),(243,'Herpetineuron toccae\r',NULL,NULL,NULL,'2018-03-03 14:16:47'),(244,'Herzogiella adscendens\r',NULL,NULL,NULL,'2018-03-03 14:16:47'),(245,'Herzogiella seligeri\r',NULL,NULL,NULL,'2018-03-03 14:16:47'),(246,'Herzogiella\r',NULL,NULL,NULL,'2018-03-03 14:16:47'),(247,'Herzogiella striatella\r',NULL,NULL,NULL,'2018-03-03 14:16:47'),(248,'Herzogiella turfacea\r',NULL,NULL,NULL,'2018-03-03 14:16:47'),(249,'Heterocladium dimorphum\r',NULL,NULL,NULL,'2018-03-03 14:16:47'),(250,'Heterocladium macounii\r',NULL,NULL,NULL,'2018-03-03 14:16:47'),(251,'Heterocladium procurrens\r',NULL,NULL,NULL,'2018-03-03 14:16:47'),(252,'Heterocladium\r',NULL,NULL,NULL,'2018-03-03 14:16:47'),(253,'Heterophyllium\r',NULL,NULL,NULL,'2018-03-03 14:16:47'),(254,'Heterophyllum affine\r',NULL,NULL,NULL,'2018-03-03 14:16:47'),(255,'Homalia\r',NULL,NULL,NULL,'2018-03-03 14:16:47'),(256,'Homalia trichomanoides\r',NULL,NULL,NULL,'2018-03-03 14:16:47'),(257,'Homaliadelphus sharpii\r',NULL,NULL,NULL,'2018-03-03 14:16:47'),(258,'Homaliadelphus\r',NULL,NULL,NULL,'2018-03-03 14:16:47'),(259,'Homalotheciella\r',NULL,NULL,NULL,'2018-03-03 14:16:47'),(260,'Homalotheciella subcapillata\r',NULL,NULL,NULL,'2018-03-03 14:16:47'),(261,'Homalothecium\r',NULL,NULL,NULL,'2018-03-03 14:16:47'),(262,'Homomallium\r',NULL,NULL,NULL,'2018-03-03 14:16:47'),(263,'Hookeria\r',NULL,NULL,NULL,'2018-03-03 14:16:47'),(264,'Hygohypnum\r',NULL,NULL,NULL,'2018-03-03 14:16:47'),(265,'Hygroamblystegium\r',NULL,NULL,NULL,'2018-03-03 14:16:47'),(266,'Hygroamblystegium tenax\r',NULL,NULL,NULL,'2018-03-03 14:16:47'),(267,'Hylocomiastrum umbratum\r',NULL,NULL,NULL,'2018-03-03 14:16:47'),(268,'Hylocomiastrum pyrenaicum\r',NULL,NULL,NULL,'2018-03-03 14:16:47'),(269,'Hylocomiastrum\r',NULL,NULL,NULL,'2018-03-03 14:16:47'),(270,'Hylocomium\r',NULL,NULL,NULL,'2018-03-03 14:16:47'),(271,'Hylocomium splendens\r',NULL,NULL,NULL,'2018-03-03 14:16:47'),(272,'Hymenostylium\r',NULL,NULL,NULL,'2018-03-03 14:16:47'),(273,'Hyophila\r',NULL,NULL,NULL,'2018-03-03 14:16:47'),(274,'Hypnum\r',NULL,NULL,NULL,'2018-03-03 14:16:47'),(275,'Hypopterygium\r',NULL,NULL,NULL,'2018-03-03 14:16:47'),(276,'Indusiella\r',NULL,NULL,NULL,'2018-03-03 14:16:47'),(277,'Isopterygiopsis muelleriana\r',NULL,NULL,NULL,'2018-03-03 14:16:47'),(278,'Isopterygiopsis\r',NULL,NULL,NULL,'2018-03-03 14:16:47'),(279,'Isopterygium\r',NULL,NULL,NULL,'2018-03-03 14:16:47'),(280,'Isopterygium tenerum\r',NULL,NULL,NULL,'2018-03-03 14:16:47'),(281,'Isothecium myosuroides\r',NULL,NULL,NULL,'2018-03-03 14:16:47'),(282,'Isothecium\r',NULL,NULL,NULL,'2018-03-03 14:16:47'),(283,'Iwatsukiella leucotricha\r',NULL,NULL,NULL,'2018-03-03 14:16:47'),(284,'Iwatsukiella\r',NULL,NULL,NULL,'2018-03-03 14:16:47'),(285,'Jaegerina scariosa\r',NULL,NULL,NULL,'2018-03-03 14:16:47'),(286,'Jaegerina\r',NULL,NULL,NULL,'2018-03-03 14:16:47'),(287,'Jaffueliobryum\r',NULL,NULL,NULL,'2018-03-03 14:16:47'),(288,'Kiaeria\r',NULL,NULL,NULL,'2018-03-03 14:16:47'),(289,'Kindbergia\r',NULL,NULL,NULL,'2018-03-03 14:16:47'),(290,'Lepidopilum polytrichoides\r',NULL,NULL,NULL,'2018-03-03 14:16:47'),(291,'Lepidopilum\r',NULL,NULL,NULL,'2018-03-03 14:16:47'),(292,'Leptobryum\r',NULL,NULL,NULL,'2018-03-03 14:16:47'),(293,'Leptodictyum riparium\r',NULL,NULL,NULL,'2018-03-03 14:16:47'),(294,'Leptodictyum\r',NULL,NULL,NULL,'2018-03-03 14:16:47'),(295,'Leptodon smithii\r',NULL,NULL,NULL,'2018-03-03 14:16:47'),(296,'Leptodon\r',NULL,NULL,NULL,'2018-03-03 14:16:47'),(297,'Leptodontium\r',NULL,NULL,NULL,'2018-03-03 14:16:47'),(298,'Leptohymenium sharpii\r',NULL,NULL,NULL,'2018-03-03 14:16:47'),(299,'Leptohymenium\r',NULL,NULL,NULL,'2018-03-03 14:16:47'),(300,'Leptopterigynandrum\r',NULL,NULL,NULL,'2018-03-03 14:16:47'),(301,'Lescuraea\r',NULL,NULL,NULL,'2018-03-03 14:16:47'),(302,'Leskea\r',NULL,NULL,NULL,'2018-03-03 14:16:47'),(303,'Leskeella nervosa\r',NULL,NULL,NULL,'2018-03-03 14:16:47'),(304,'Leskeella\r',NULL,NULL,NULL,'2018-03-03 14:16:47'),(305,'Leucobryum\r',NULL,NULL,NULL,'2018-03-03 14:16:47'),(306,'Leucodon\r',NULL,NULL,NULL,'2018-03-03 14:16:47'),(307,'Leucolepis acanthoneura\r',NULL,NULL,NULL,'2018-03-03 14:16:47'),(308,'Leucolepis\r',NULL,NULL,NULL,'2018-03-03 14:16:47'),(309,'Limbella fryei\r',NULL,NULL,NULL,'2018-03-03 14:16:47'),(310,'Limbella\r',NULL,NULL,NULL,'2018-03-03 14:16:47'),(311,'Limprichtia\r',NULL,NULL,NULL,'2018-03-03 14:16:47'),(312,'Lindbergia mexicana\r',NULL,NULL,NULL,'2018-03-03 14:16:47'),(313,'Lindbergia brachyptera\r',NULL,NULL,NULL,'2018-03-03 14:16:47'),(314,'Lindbergia\r',NULL,NULL,NULL,'2018-03-03 14:16:47'),(315,'Loeskeobryum brevirostre\r',NULL,NULL,NULL,'2018-03-03 14:16:47'),(316,'Loeskeobryum\r',NULL,NULL,NULL,'2018-03-03 14:16:47'),(317,'Loeskypnum\r',NULL,NULL,NULL,'2018-03-03 14:16:47'),(318,'Loeskypnum badium\r',NULL,NULL,NULL,'2018-03-03 14:16:47'),(319,'Lorentziella\r',NULL,NULL,NULL,'2018-03-03 14:16:47'),(320,'Luisierella\r',NULL,NULL,NULL,'2018-03-03 14:16:47'),(321,'Lyellia\r',NULL,NULL,NULL,'2018-03-03 14:16:47'),(322,'Macrocoma\r',NULL,NULL,NULL,'2018-03-03 14:16:47'),(323,'Macromitrium richardii\r',NULL,NULL,NULL,'2018-03-03 14:16:47'),(324,'Macromitrium\r',NULL,NULL,NULL,'2018-03-03 14:16:47'),(325,'Meesia\r',NULL,NULL,NULL,'2018-03-03 14:16:47'),(326,'Metaneckera menziesii\r',NULL,NULL,NULL,'2018-03-03 14:16:47'),(327,'Metaneckera\r',NULL,NULL,NULL,'2018-03-03 14:16:47'),(328,'Microbryum\r',NULL,NULL,NULL,'2018-03-03 14:16:47'),(329,'Micromitrium\r',NULL,NULL,NULL,'2018-03-03 14:16:47'),(330,'Mielichhoferia\r',NULL,NULL,NULL,'2018-03-03 14:16:47'),(331,'Mnium\r',NULL,NULL,NULL,'2018-03-03 14:16:47'),(332,'Molendoa\r',NULL,NULL,NULL,'2018-03-03 14:16:47'),(333,'Myrinia pulvinata\r',NULL,NULL,NULL,'2018-03-03 14:16:47'),(334,'Myrinia\r',NULL,NULL,NULL,'2018-03-03 14:16:47'),(335,'Myurella julacea\r',NULL,NULL,NULL,'2018-03-03 14:16:47'),(336,'Myurella siberica\r',NULL,NULL,NULL,'2018-03-03 14:16:47'),(337,'Myurella\r',NULL,NULL,NULL,'2018-03-03 14:16:47'),(338,'Myurella tenerrima\r',NULL,NULL,NULL,'2018-03-03 14:16:47'),(339,'Myuroclada maximowiczii\r',NULL,NULL,NULL,'2018-03-03 14:16:47'),(340,'Myuroclada\r',NULL,NULL,NULL,'2018-03-03 14:16:47'),(341,'Neckera menziesii\r',NULL,NULL,NULL,'2018-03-03 14:16:47'),(342,'Neckera\r',NULL,NULL,NULL,'2018-03-03 14:16:47'),(343,'Neckeropsis\r',NULL,NULL,NULL,'2018-03-03 14:16:47'),(344,'Neohyophila\r',NULL,NULL,NULL,'2018-03-03 14:16:47'),(345,'Neomacounia nitida\r',NULL,NULL,NULL,'2018-03-03 14:16:47'),(346,'Neomacounia\r',NULL,NULL,NULL,'2018-03-03 14:16:47'),(347,'Nititrichia\r',NULL,NULL,NULL,'2018-03-03 14:16:47'),(348,'Nogopterium gracile gracile\r',NULL,NULL,NULL,'2018-03-03 14:16:47'),(349,'Nogopterium\r',NULL,NULL,NULL,'2018-03-03 14:16:47'),(350,'Octoblepharum\r',NULL,NULL,NULL,'2018-03-03 14:16:47'),(351,'Oedipodium\r',NULL,NULL,NULL,'2018-03-03 14:16:47'),(352,'Oligotrichum\r',NULL,NULL,NULL,'2018-03-03 14:16:47'),(353,'Oncophorus\r',NULL,NULL,NULL,'2018-03-03 14:16:47'),(354,'Oreas\r',NULL,NULL,NULL,'2018-03-03 14:16:47'),(355,'Orthodontium\r',NULL,NULL,NULL,'2018-03-03 14:16:47'),(356,'Orthothecium\r',NULL,NULL,NULL,'2018-03-03 14:16:47'),(357,'Orthotrichum affine\r',NULL,NULL,NULL,'2018-03-03 14:16:47'),(358,'Orthotrichum alpestre\r',NULL,NULL,NULL,'2018-03-03 14:16:47'),(359,'Orthotrichum anodon\r',NULL,NULL,NULL,'2018-03-03 14:16:47'),(360,'Orthotrichum anomalum\r',NULL,NULL,NULL,'2018-03-03 14:16:47'),(361,'Orthotrichum bartramii\r',NULL,NULL,NULL,'2018-03-03 14:16:47'),(362,'Orthotrichum bolanderi\r',NULL,NULL,NULL,'2018-03-03 14:16:47'),(363,'Orthotrichum columbicum\r',NULL,NULL,NULL,'2018-03-03 14:16:47'),(364,'Orthotrichum comosum\r',NULL,NULL,NULL,'2018-03-03 14:16:47'),(365,'Orthotrichum confusum\r',NULL,NULL,NULL,'2018-03-03 14:16:47'),(366,'Orthotrichum consimile\r',NULL,NULL,NULL,'2018-03-03 14:16:47'),(367,'Orthotrichum coulteri\r',NULL,NULL,NULL,'2018-03-03 14:16:47'),(368,'Orthotrichum cucullatum\r',NULL,NULL,NULL,'2018-03-03 14:16:47'),(369,'Orthotrichum cupulatum\r',NULL,NULL,NULL,'2018-03-03 14:16:47'),(370,'Orthotrichum diaphanum\r',NULL,NULL,NULL,'2018-03-03 14:16:47'),(371,'Orthotrichum elegans\r',NULL,NULL,NULL,'2018-03-03 14:16:47'),(372,'Orthotrichum euryphyllum\r',NULL,NULL,NULL,'2018-03-03 14:16:47'),(373,'Orthotrichum exiguum\r',NULL,NULL,NULL,'2018-03-03 14:16:47'),(374,'Orthotrichum fenestratum\r',NULL,NULL,NULL,'2018-03-03 14:16:47'),(375,'Orthotrichum flowersii\r',NULL,NULL,NULL,'2018-03-03 14:16:47'),(376,'Orthotrichum franciscanum\r',NULL,NULL,NULL,'2018-03-03 14:16:47'),(377,'Orthotrichum gymnostomum\r',NULL,NULL,NULL,'2018-03-03 14:16:47'),(378,'Orthotrichum hallii\r',NULL,NULL,NULL,'2018-03-03 14:16:47'),(379,'Orthotrichum handiense\r',NULL,NULL,NULL,'2018-03-03 14:16:47'),(380,'Orthotrichum holzingeri\r',NULL,NULL,NULL,'2018-03-03 14:16:47'),(381,'Orthotrichum keeverae\r',NULL,NULL,NULL,'2018-03-03 14:16:47'),(382,'Orthotrichum kellmanii\r',NULL,NULL,NULL,'2018-03-03 14:16:47'),(383,'Orthotrichum laevigatum\r',NULL,NULL,NULL,'2018-03-03 14:16:47'),(384,'Orthotrichum lescurii\r',NULL,NULL,NULL,'2018-03-03 14:16:47'),(385,'Orthotrichum lyellii\r',NULL,NULL,NULL,'2018-03-03 14:16:47'),(386,'Orthotrichum macounii\r',NULL,NULL,NULL,'2018-03-03 14:16:47'),(387,'Orthotrichum mazimpakanum\r',NULL,NULL,NULL,'2018-03-03 14:16:47'),(388,'Orthotrichum norrisii\r',NULL,NULL,NULL,'2018-03-03 14:16:47'),(389,'Orthotrichum obtusifolium\r',NULL,NULL,NULL,'2018-03-03 14:16:47'),(390,'Orthotrichum ohioense\r',NULL,NULL,NULL,'2018-03-03 14:16:47'),(391,'Orthotrichum pallens\r',NULL,NULL,NULL,'2018-03-03 14:16:47'),(392,'Orthotrichum papillosum\r',NULL,NULL,NULL,'2018-03-03 14:16:47'),(393,'Orthotrichum parvulum\r',NULL,NULL,NULL,'2018-03-03 14:16:47'),(394,'Orthotrichum patens\r',NULL,NULL,NULL,'2018-03-03 14:16:47'),(395,'Orthotrichum pellucidum\r',NULL,NULL,NULL,'2018-03-03 14:16:47'),(396,'Orthotrichum persimile\r',NULL,NULL,NULL,'2018-03-03 14:16:47'),(397,'Orthotrichum pilosissimum\r',NULL,NULL,NULL,'2018-03-03 14:16:47'),(398,'Orthotrichum praemorsum\r',NULL,NULL,NULL,'2018-03-03 14:16:47'),(399,'Orthotrichum pulchellum\r',NULL,NULL,NULL,'2018-03-03 14:16:47'),(400,'Orthotrichum pumilum\r',NULL,NULL,NULL,'2018-03-03 14:16:47'),(401,'Orthotrichum pusillum\r',NULL,NULL,NULL,'2018-03-03 14:16:47'),(402,'Orthotrichum pycnophyllum\r',NULL,NULL,NULL,'2018-03-03 14:16:47'),(403,'Orthotrichum pylaisii\r',NULL,NULL,NULL,'2018-03-03 14:16:47'),(404,'Orthotrichum rivulare\r',NULL,NULL,NULL,'2018-03-03 14:16:47'),(405,'Orthotrichum rupestre\r',NULL,NULL,NULL,'2018-03-03 14:16:47'),(406,'Orthotrichum scanicum\r',NULL,NULL,NULL,'2018-03-03 14:16:47'),(407,'Orthotrichum schimperi\r',NULL,NULL,NULL,'2018-03-03 14:16:47'),(408,'Orthotrichum shawii\r',NULL,NULL,NULL,'2018-03-03 14:16:47'),(409,'Orthotrichum shevockii\r',NULL,NULL,NULL,'2018-03-03 14:16:47'),(410,'Orthotrichum sordidum\r',NULL,NULL,NULL,'2018-03-03 14:16:47'),(411,'Orthotrichum\r',NULL,NULL,NULL,'2018-03-03 14:16:47'),(412,'Orthotrichum speciosum\r',NULL,NULL,NULL,'2018-03-03 14:16:47'),(413,'Orthotrichum spjutii\r',NULL,NULL,NULL,'2018-03-03 14:16:47'),(414,'Orthotrichum stellatum\r',NULL,NULL,NULL,'2018-03-03 14:16:47'),(415,'Orthotrichum stramineum\r',NULL,NULL,NULL,'2018-03-03 14:16:47'),(416,'Orthotrichum strangulatum\r',NULL,NULL,NULL,'2018-03-03 14:16:47'),(417,'Orthotrichum striatum\r',NULL,NULL,NULL,'2018-03-03 14:16:47'),(418,'Orthotrichum tenellum\r',NULL,NULL,NULL,'2018-03-03 14:16:47'),(419,'Orthotrichum texanum\r',NULL,NULL,NULL,'2018-03-03 14:16:47'),(420,'Orthotrichum underwoodii\r',NULL,NULL,NULL,'2018-03-03 14:16:47'),(421,'Orthotrichum xxA\r',NULL,NULL,NULL,'2018-03-03 14:16:47'),(422,'Orthotrichum xxB\r',NULL,NULL,NULL,'2018-03-03 14:16:47'),(423,'Orthotrichum xxC\r',NULL,NULL,NULL,'2018-03-03 14:16:47'),(424,'Orthotrichum yosemitensis\r',NULL,NULL,NULL,'2018-03-03 14:16:47'),(425,'Oxystegus\r',NULL,NULL,NULL,'2018-03-03 14:16:47'),(426,'Palamocladium leskeoides\r',NULL,NULL,NULL,'2018-03-03 14:16:47'),(427,'Palamocladium\r',NULL,NULL,NULL,'2018-03-03 14:16:47'),(428,'Paludella\r',NULL,NULL,NULL,'2018-03-03 14:16:47'),(429,'Palustriella\r',NULL,NULL,NULL,'2018-03-03 14:16:47'),(430,'Papillaria nigrescens\r',NULL,NULL,NULL,'2018-03-03 14:16:47'),(431,'Papillaria\r',NULL,NULL,NULL,'2018-03-03 14:16:47'),(432,'Paraleptodontium\r',NULL,NULL,NULL,'2018-03-03 14:16:47'),(433,'Paraleucobryum\r',NULL,NULL,NULL,'2018-03-03 14:16:47'),(434,'Phascum\r',NULL,NULL,NULL,'2018-03-03 14:16:47'),(435,'Philonotis\r',NULL,NULL,NULL,'2018-03-03 14:16:47'),(436,'Physcomitrella\r',NULL,NULL,NULL,'2018-03-03 14:16:47'),(437,'Physcomitrium\r',NULL,NULL,NULL,'2018-03-03 14:16:47'),(438,'Pireella\r',NULL,NULL,NULL,'2018-03-03 14:16:47'),(439,'Plagiobryum\r',NULL,NULL,NULL,'2018-03-03 14:16:47'),(440,'Plagiomnium\r',NULL,NULL,NULL,'2018-03-03 14:16:47'),(441,'Plagiopus\r',NULL,NULL,NULL,'2018-03-03 14:16:47'),(442,'Plagiothecium\r',NULL,NULL,NULL,'2018-03-03 14:16:47'),(443,'Platydictya\r',NULL,NULL,NULL,'2018-03-03 14:16:47'),(444,'Platygyrium\r',NULL,NULL,NULL,'2018-03-03 14:16:47'),(445,'Platyhypnidium riparioides\r',NULL,NULL,NULL,'2018-03-03 14:16:47'),(446,'Platyhypnidium\r',NULL,NULL,NULL,'2018-03-03 14:16:47'),(447,'Platylomella lescurii\r',NULL,NULL,NULL,'2018-03-03 14:16:47'),(448,'Platylomella\r',NULL,NULL,NULL,'2018-03-03 14:16:47'),(449,'Plaubella\r',NULL,NULL,NULL,'2018-03-03 14:16:47'),(450,'Pleuridium\r',NULL,NULL,NULL,'2018-03-03 14:16:47'),(451,'Pleurochaete\r',NULL,NULL,NULL,'2018-03-03 14:16:47'),(452,'Pleuroziopsis ruthenica\r',NULL,NULL,NULL,'2018-03-03 14:16:47'),(453,'Pleuroziopsis\r',NULL,NULL,NULL,'2018-03-03 14:16:47'),(454,'Pleurozium schreberi\r',NULL,NULL,NULL,'2018-03-03 14:16:47'),(455,'Pleurozium\r',NULL,NULL,NULL,'2018-03-03 14:16:47'),(456,'Pogonatum\r',NULL,NULL,NULL,'2018-03-03 14:16:47'),(457,'Pohlia\r',NULL,NULL,NULL,'2018-03-03 14:16:47'),(458,'Polytrichastrum\r',NULL,NULL,NULL,'2018-03-03 14:16:47'),(459,'Polytrichum\r',NULL,NULL,NULL,'2018-03-03 14:16:47'),(460,'Porotrichum bigelovii\r',NULL,NULL,NULL,'2018-03-03 14:16:47'),(461,'Porotrichum\r',NULL,NULL,NULL,'2018-03-03 14:16:47'),(462,'Pottia (Microbryum)\r',NULL,NULL,NULL,'2018-03-03 14:16:47'),(463,'Pottia\r',NULL,NULL,NULL,'2018-03-03 14:16:47'),(464,'Pseudobraunia californica\r',NULL,NULL,NULL,'2018-03-03 14:16:47'),(465,'Pseudobraunia\r',NULL,NULL,NULL,'2018-03-03 14:16:47'),(466,'Pseudobryum\r',NULL,NULL,NULL,'2018-03-03 14:16:47'),(467,'Pseudocalliergon\r',NULL,NULL,NULL,'2018-03-03 14:16:47'),(468,'Pseudocalliergon turgescens\r',NULL,NULL,NULL,'2018-03-03 14:16:47'),(469,'Pseudocrossidium\r',NULL,NULL,NULL,'2018-03-03 14:16:47'),(470,'Pseudocryphaea domingensis\r',NULL,NULL,NULL,'2018-03-03 14:16:47'),(471,'Pseudocryphaea\r',NULL,NULL,NULL,'2018-03-03 14:16:47'),(472,'Pseudoditrichum\r',NULL,NULL,NULL,'2018-03-03 14:16:47'),(473,'Pseudoephemerum\r',NULL,NULL,NULL,'2018-03-03 14:16:47'),(474,'Pseudoleskea\r',NULL,NULL,NULL,'2018-03-03 14:16:47'),(475,'Pseudoleskeella tectorum\r',NULL,NULL,NULL,'2018-03-03 14:16:47'),(476,'Pseudoleskeella\r',NULL,NULL,NULL,'2018-03-03 14:16:47'),(477,'Pseudoscleropodium purum\r',NULL,NULL,NULL,'2018-03-03 14:16:47'),(478,'Pseudoscleropodium\r',NULL,NULL,NULL,'2018-03-03 14:16:47'),(479,'Pseudotaxiphyllum\r',NULL,NULL,NULL,'2018-03-03 14:16:47'),(480,'Psilopilum\r',NULL,NULL,NULL,'2018-03-03 14:16:47'),(481,'Pterigynandrum filiforme\r',NULL,NULL,NULL,'2018-03-03 14:16:47'),(482,'Pterigynandrum\r',NULL,NULL,NULL,'2018-03-03 14:16:47'),(483,'Pterygoneurum\r',NULL,NULL,NULL,'2018-03-03 14:16:47'),(484,'Ptilium crista-castrensis\r',NULL,NULL,NULL,'2018-03-03 14:16:47'),(485,'Ptilium\r',NULL,NULL,NULL,'2018-03-03 14:16:47'),(486,'Ptychomitrium\r',NULL,NULL,NULL,'2018-03-03 14:16:47'),(487,'Pylaisiadelpha\r',NULL,NULL,NULL,'2018-03-03 14:16:47'),(488,'Pylaisiadelpha tenuirostris\r',NULL,NULL,NULL,'2018-03-03 14:16:47'),(489,'Pylaisiella\r',NULL,NULL,NULL,'2018-03-03 14:16:47'),(490,'Pyramidula\r',NULL,NULL,NULL,'2018-03-03 14:16:47'),(491,'Pyrrhobryum\r',NULL,NULL,NULL,'2018-03-03 14:16:47'),(492,'Pyrrhobryum spiniforme\r',NULL,NULL,NULL,'2018-03-03 14:16:47'),(493,'Racomitrium\r',NULL,NULL,NULL,'2018-03-03 14:16:47'),(494,'Racopilum\r',NULL,NULL,NULL,'2018-03-03 14:16:47'),(495,'Racopilum tomentosum\r',NULL,NULL,NULL,'2018-03-03 14:16:47'),(496,'Rauiella\r',NULL,NULL,NULL,'2018-03-03 14:16:47'),(497,'Rhabdoweisia\r',NULL,NULL,NULL,'2018-03-03 14:16:47'),(498,'Rhacithecium\r',NULL,NULL,NULL,'2018-03-03 14:16:47'),(499,'Rhexophyllum\r',NULL,NULL,NULL,'2018-03-03 14:16:47'),(500,'Rhizomnium\r',NULL,NULL,NULL,'2018-03-03 14:16:47'),(501,'Rhodobryum\r',NULL,NULL,NULL,'2018-03-03 14:16:47'),(502,'Rhynchostegium\r',NULL,NULL,NULL,'2018-03-03 14:16:47'),(503,'Rhytidiadelphus japonicus\r',NULL,NULL,NULL,'2018-03-03 14:16:47'),(504,'Rhytidiadelphus loreus\r',NULL,NULL,NULL,'2018-03-03 14:16:47'),(505,'Rhytidiadelphus\r',NULL,NULL,NULL,'2018-03-03 14:16:47'),(506,'Rhytidiadelphus squarrosus\r',NULL,NULL,NULL,'2018-03-03 14:16:47'),(507,'Rhytidiadelphus triquetris\r',NULL,NULL,NULL,'2018-03-03 14:16:47'),(508,'Rhytidiopsis robusta\r',NULL,NULL,NULL,'2018-03-03 14:16:47'),(509,'Rhytidiopsis\r',NULL,NULL,NULL,'2018-03-03 14:16:47'),(510,'Rhytidium rugosum\r',NULL,NULL,NULL,'2018-03-03 14:16:47'),(511,'Rhytidium\r',NULL,NULL,NULL,'2018-03-03 14:16:47'),(512,'Roellia\r',NULL,NULL,NULL,'2018-03-03 14:16:47'),(513,'Saelania\r',NULL,NULL,NULL,'2018-03-03 14:16:47'),(514,'Sanionia\r',NULL,NULL,NULL,'2018-03-03 14:16:47'),(515,'Sarmenthypnum saementosum\r',NULL,NULL,NULL,'2018-03-03 14:16:47'),(516,'Sarmenthypnum\r',NULL,NULL,NULL,'2018-03-03 14:16:47'),(517,'Schistidium\r',NULL,NULL,NULL,'2018-03-03 14:16:47'),(518,'Schistostega\r',NULL,NULL,NULL,'2018-03-03 14:16:47'),(519,'Schlotheimia rugifolia\r',NULL,NULL,NULL,'2018-03-03 14:16:47'),(520,'Schlotheimia\r',NULL,NULL,NULL,'2018-03-03 14:16:47'),(521,'Schwetschkeopsis \r',NULL,NULL,NULL,'2018-03-03 14:16:47'),(522,'Schwetschkeopsis fabronia\r',NULL,NULL,NULL,'2018-03-03 14:16:47'),(523,'Sciuro-hypnum\r',NULL,NULL,NULL,'2018-03-03 14:16:47'),(524,'Scleropodium\r',NULL,NULL,NULL,'2018-03-03 14:16:47'),(525,'Sclotheimia\r',NULL,NULL,NULL,'2018-03-03 14:16:47'),(526,'Scopelophila\r',NULL,NULL,NULL,'2018-03-03 14:16:47'),(527,'Scorpidium scorpioides\r',NULL,NULL,NULL,'2018-03-03 14:16:47'),(528,'Scorpidium\r',NULL,NULL,NULL,'2018-03-03 14:16:47'),(529,'Scouleria\r',NULL,NULL,NULL,'2018-03-03 14:16:47'),(530,'Seligeria\r',NULL,NULL,NULL,'2018-03-03 14:16:47'),(531,'Sematophyllum\r',NULL,NULL,NULL,'2018-03-03 14:16:47'),(532,'Sphagnum\r',NULL,NULL,NULL,'2018-03-03 14:16:47'),(533,'Splachnobryum\r',NULL,NULL,NULL,'2018-03-03 14:16:47'),(534,'Splachnum\r',NULL,NULL,NULL,'2018-03-03 14:16:47'),(535,'Steerecleus serrulatus\r',NULL,NULL,NULL,'2018-03-03 14:16:47'),(536,'Steerecleus\r',NULL,NULL,NULL,'2018-03-03 14:16:47'),(537,'Stegonia\r',NULL,NULL,NULL,'2018-03-03 14:16:47'),(538,'Stereophyllum leucostegum\r',NULL,NULL,NULL,'2018-03-03 14:16:47'),(539,'Stereophyllum radiculosum\r',NULL,NULL,NULL,'2018-03-03 14:16:47'),(540,'Stereophyllum\r',NULL,NULL,NULL,'2018-03-03 14:16:47'),(541,'Straminergon\r',NULL,NULL,NULL,'2018-03-03 14:16:47'),(542,'Straminergon stramineum\r',NULL,NULL,NULL,'2018-03-03 14:16:47'),(543,'Symblepharis\r',NULL,NULL,NULL,'2018-03-03 14:16:47'),(544,'Syntrichia\r',NULL,NULL,NULL,'2018-03-03 14:16:47'),(545,'Syrrhopodon\r',NULL,NULL,NULL,'2018-03-03 14:16:47'),(546,'Taxiphyllum cuspidifolium\r',NULL,NULL,NULL,'2018-03-03 14:16:47'),(547,'Taxiphyllum\r',NULL,NULL,NULL,'2018-03-03 14:16:47'),(548,'Taxithelium planum\r',NULL,NULL,NULL,'2018-03-03 14:16:47'),(549,'Taxithelium\r',NULL,NULL,NULL,'2018-03-03 14:16:47'),(550,'Tayloria\r',NULL,NULL,NULL,'2018-03-03 14:16:47'),(551,'Tetradontium\r',NULL,NULL,NULL,'2018-03-03 14:16:47'),(552,'Tetraphis\r',NULL,NULL,NULL,'2018-03-03 14:16:47'),(553,'Tetraplodon\r',NULL,NULL,NULL,'2018-03-03 14:16:47'),(554,'Tetrodontium\r',NULL,NULL,NULL,'2018-03-03 14:16:47'),(555,'Thamnobryum\r',NULL,NULL,NULL,'2018-03-03 14:16:47'),(556,'Thelia\r',NULL,NULL,NULL,'2018-03-03 14:16:47'),(557,'Thuidium\r',NULL,NULL,NULL,'2018-03-03 14:16:47'),(558,'Timmia\r',NULL,NULL,NULL,'2018-03-03 14:16:47'),(559,'Timmiella\r',NULL,NULL,NULL,'2018-03-03 14:16:47'),(560,'Tomenthypnum\r',NULL,NULL,NULL,'2018-03-03 14:16:47'),(561,'Tortella\r',NULL,NULL,NULL,'2018-03-03 14:16:47'),(562,'Tortula\r',NULL,NULL,NULL,'2018-03-03 14:16:47'),(563,'Trachybryum megaptilum\r',NULL,NULL,NULL,'2018-03-03 14:16:47'),(564,'Trachybryum\r',NULL,NULL,NULL,'2018-03-03 14:16:47'),(565,'Trachycystis\r',NULL,NULL,NULL,'2018-03-03 14:16:47'),(566,'Trachyxiphium\r',NULL,NULL,NULL,'2018-03-03 14:16:47'),(567,'Trachyxiphiun heteroicum\r',NULL,NULL,NULL,'2018-03-03 14:16:47'),(568,'Trematodon\r',NULL,NULL,NULL,'2018-03-03 14:16:47'),(569,'Trichodon\r',NULL,NULL,NULL,'2018-03-03 14:16:47'),(570,'Trichostomopsis\r',NULL,NULL,NULL,'2018-03-03 14:16:47'),(571,'Trichostomum\r',NULL,NULL,NULL,'2018-03-03 14:16:47'),(572,'Tripterocladium\r',NULL,NULL,NULL,'2018-03-03 14:16:47'),(573,'Triquetrella californica\r',NULL,NULL,NULL,'2018-03-03 14:16:47'),(574,'Triquetrella\r',NULL,NULL,NULL,'2018-03-03 14:16:47'),(575,'Tuerkheimia\r',NULL,NULL,NULL,'2018-03-03 14:16:47'),(576,'Ulota\r',NULL,NULL,NULL,'2018-03-03 14:16:47'),(577,'Venturiella\r',NULL,NULL,NULL,'2018-03-03 14:16:47'),(578,'Vesicularia\r',NULL,NULL,NULL,'2018-03-03 14:16:47'),(579,'Vesicularia vesicularis\r',NULL,NULL,NULL,'2018-03-03 14:16:47'),(580,'Voitia\r',NULL,NULL,NULL,'2018-03-03 14:16:47'),(581,'Warnstorfia\r',NULL,NULL,NULL,'2018-03-03 14:16:47'),(582,'Weissia\r',NULL,NULL,NULL,'2018-03-03 14:16:47'),(583,'Wijkia carlottae\r',NULL,NULL,NULL,'2018-03-03 14:16:47'),(584,'Wijkia\r',NULL,NULL,NULL,'2018-03-03 14:16:47'),(585,'Zelometeorium patulum\r',NULL,NULL,NULL,'2018-03-03 14:16:47'),(586,'Zelometeorium\r',NULL,NULL,NULL,'2018-03-03 14:16:47'),(587,'Zygodon',NULL,NULL,NULL,'2018-03-03 14:16:47');
/*!40000 ALTER TABLE `taxa` ENABLE KEYS */;
UNLOCK TABLES;
/*!40103 SET TIME_ZONE=@OLD_TIME_ZONE */;

/*!40101 SET SQL_MODE=@OLD_SQL_MODE */;
/*!40014 SET FOREIGN_KEY_CHECKS=@OLD_FOREIGN_KEY_CHECKS */;
/*!40014 SET UNIQUE_CHECKS=@OLD_UNIQUE_CHECKS */;
/*!40101 SET CHARACTER_SET_CLIENT=@OLD_CHARACTER_SET_CLIENT */;
/*!40101 SET CHARACTER_SET_RESULTS=@OLD_CHARACTER_SET_RESULTS */;
/*!40101 SET COLLATION_CONNECTION=@OLD_COLLATION_CONNECTION */;
/*!40111 SET SQL_NOTES=@OLD_SQL_NOTES */;

-- Dump completed on 2018-03-03 14:26:26
